khasra_no,village,project,stage,sec_11_date,days_elapsed_sec11,statutory_days_left,unpartitioned_khata,court_stay,forest_clearance,circle_to_market_ratio,disbursement_pct,delay_days,risk_tier,status_color
KH-754/2,Rampur,Dedicated Freight Corridor,Section 15 (Hearing),2024-08-25,129,236,0,1,Approved,0.5,0.0,277,Critical,red
KH-704/7,Rampur,NH-44 Expansion,Section 11 (Notice),2024-08-28,126,239,0,0,Not Required,0.56,0.0,91,High,red
KH-325/8,Sultanpur,Dedicated Freight Corridor,Section 11 (Notice),2023-11-25,403,-38,0,0,Approved,0.96,0.0,7,Low,green
KH-259/4,Shahpur,Dedicated Freight Corridor,Section 11 (Notice),2024-10-31,62,303,1,0,Pending,0.67,0.0,243,Critical,red
KH-144/8,Sultanpur,NH-44 Expansion,Award Enquiry,2024-11-07,55,310,1,0,Not Required,0.79,34.0,184,Critical,red
KH-296/2,Rampur,Delhi-Amritsar Expressway,Section 19 (Declaration),2024-11-07,55,310,0,0,Approved,1.0,86.3,0,Low,green
KH-954/6,Kalyanpur,Dedicated Freight Corridor,Section 19 (Declaration),2024-09-01,122,243,0,0,Approved,0.87,75.6,5,Low,green
KH-750/3,Sultanpur,Delhi-Amritsar Expressway,Section 15 (Hearing),2024-04-25,251,114,0,0,Not Required,0.67,0.0,4,Low,green
KH-963/1,Kalyanpur,NH-44 Expansion,Section 19 (Declaration),2024-05-26,220,145,0,0,Not Required,0.59,43.7,95,High,red
KH-771/8,Mehrauli Dehat,PMGSY Phase-3 Link Road,Section 15 (Hearing),2024-08-04,150,215,0,0,Not Required,0.5,0.0,83,Medium,yellow
KH-538/7,Bhatinda Khurd,Delhi-Amritsar Expressway,Section 15 (Hearing),2024-04-01,275,90,0,0,Not Required,0.75,0.0,0,Low,green
KH-796/7,Sultanpur,NH-44 Expansion,Award Enquiry,2024-06-05,210,155,1,1,Pending,0.82,21.4,555,Critical,red
KH-448/2,Bhatinda Khurd,PMGSY Phase-3 Link Road,Section 15 (Hearing),2024-04-29,247,118,0,0,Approved,0.4,0.0,61,Medium,yellow
KH-740/5,Shahpur,Delhi-Amritsar Expressway,Section 15 (Hearing),2024-06-09,206,159,0,0,Not Required,0.93,0.0,4,Low,green
KH-643/1,Sultanpur,Dedicated Freight Corridor,Award Enquiry,2024-12-08,24,341,0,1,Not Required,0.48,53.6,287,Critical,red
KH-878/9,Shahpur,Delhi-Amritsar Expressway,Section 15 (Hearing),2024-01-15,352,13,1,0,Approved,0.73,0.0,141,High,red
KH-721/7,Kalyanpur,Delhi-Amritsar Expressway,Section 19 (Declaration),2024-05-27,219,146,0,0,Pending,1.1,72.2,106,High,red
KH-353/4,Rampur,Dedicated Freight Corridor,Section 11 (Notice),2024-02-20,316,49,1,1,Pending,0.79,0.0,401,Critical,red
KH-334/2,Rampur,Dedicated Freight Corridor,Section 11 (Notice),2024-03-29,278,87,0,1,Not Required,0.57,0.0,335,Critical,red
KH-684/8,Kalyanpur,PMGSY Phase-3 Link Road,Award Enquiry,2024-09-11,112,253,0,0,Not Required,0.47,72.8,63,Medium,yellow
KH-846/1,Fatehpur,NH-44 Expansion,Section 11 (Notice),2024-05-25,221,144,0,0,Pending,0.91,0.0,123,High,red
KH-294/9,Mehrauli Dehat,Delhi-Amritsar Expressway,Award Enquiry,2024-09-15,108,257,0,0,Approved,0.59,46.2,38,Medium,yellow
KH-663/2,Rampur,NH-44 Expansion,Section 11 (Notice),2023-11-28,400,-35,0,0,Not Required,0.99,0.0,0,Low,green
KH-318/7,Rampur,Delhi-Amritsar Expressway,Award Enquiry,2024-12-16,16,349,1,0,Not Required,1.09,14.3,129,High,red
KH-848/9,Fatehpur,PMGSY Phase-3 Link Road,Section 15 (Hearing),2024-09-11,112,253,0,0,Approved,0.61,0.0,4,Low,green
KH-158/1,Sultanpur,PMGSY Phase-3 Link Road,Possession Taken,2024-03-21,286,79,1,0,Not Required,0.51,100.0,162,High,green
KH-683/4,Sultanpur,NH-44 Expansion,Possession Taken,2024-11-06,56,309,0,0,Pending,0.69,100.0,99,High,green
KH-367/4,Fatehpur,Dedicated Freight Corridor,Section 15 (Hearing),2024-08-04,150,215,0,0,Not Required,0.68,0.0,6,Low,green
KH-423/2,Rampur,PMGSY Phase-3 Link Road,Possession Taken,2024-03-04,303,62,0,0,Approved,1.1,100.0,0,Low,green
KH-371/3,Bhatinda Khurd,NH-44 Expansion,Section 15 (Hearing),2024-06-11,204,161,0,1,Not Required,0.6,0.0,290,Critical,red
KH-726/9,Rampur,Dedicated Freight Corridor,Section 11 (Notice),2024-10-10,83,282,0,0,Approved,0.59,0.0,58,Medium,yellow
KH-388/4,Fatehpur,Dedicated Freight Corridor,Section 15 (Hearing),2024-01-01,366,-1,0,0,Not Required,0.84,0.0,0,Low,green
KH-966/1,Rampur,PMGSY Phase-3 Link Road,Section 19 (Declaration),2024-11-25,37,328,0,0,Not Required,0.4,80.1,79,Medium,yellow
KH-674/1,Rampur,NH-44 Expansion,Section 15 (Hearing),2024-03-13,294,71,0,0,Approved,0.43,0.0,70,Medium,yellow
KH-230/1,Bhatinda Khurd,Dedicated Freight Corridor,Section 11 (Notice),2024-06-17,198,167,0,0,Pending,0.55,0.0,178,High,red
KH-735/3,Kalyanpur,Delhi-Amritsar Expressway,Section 15 (Hearing),2024-05-20,226,139,0,0,Approved,0.42,0.0,78,Medium,yellow
KH-785/4,Bhatinda Khurd,Delhi-Amritsar Expressway,Section 11 (Notice),2024-06-05,210,155,0,0,Not Required,1.01,0.0,11,Low,green
KH-936/8,Bhatinda Khurd,Dedicated Freight Corridor,Section 15 (Hearing),2024-08-25,129,236,0,1,Pending,0.42,0.0,343,Critical,red
KH-891/5,Bhatinda Khurd,PMGSY Phase-3 Link Road,Possession Taken,2024-07-01,184,181,0,0,Pending,1.06,100.0,80,Medium,green
KH-694/5,Rampur,NH-44 Expansion,Possession Taken,2024-05-09,237,128,0,1,Approved,0.64,100.0,226,Critical,green
KH-925/9,Fatehpur,Delhi-Amritsar Expressway,Section 19 (Declaration),2024-05-11,235,130,1,1,Not Required,0.45,28.2,480,Critical,red
KH-407/9,Bhatinda Khurd,PMGSY Phase-3 Link Road,Section 19 (Declaration),2024-05-25,221,144,0,0,Not Required,0.89,66.0,0,Low,green
KH-488/3,Sultanpur,Dedicated Freight Corridor,Award Enquiry,2024-03-12,295,70,1,0,Not Required,0.98,15.6,111,High,red
KH-770/6,Mehrauli Dehat,PMGSY Phase-3 Link Road,Award Enquiry,2024-01-07,360,5,0,0,Not Required,0.55,60.8,60,Medium,yellow
KH-779/6,Rampur,Delhi-Amritsar Expressway,Section 19 (Declaration),2024-08-24,130,235,0,0,Pending,0.96,39.6,49,Medium,yellow
KH-970/2,Mehrauli Dehat,PMGSY Phase-3 Link Road,Possession Taken,2024-09-09,114,251,0,0,Approved,0.9,100.0,0,Low,green
KH-251/1,Shahpur,NH-44 Expansion,Award Enquiry,2024-08-27,127,238,0,1,Pending,0.52,92.3,436,Critical,red
KH-224/8,Kalyanpur,PMGSY Phase-3 Link Road,Possession Taken,2024-03-06,301,64,0,0,Not Required,0.82,100.0,10,Low,green
KH-616/7,Shahpur,PMGSY Phase-3 Link Road,Section 15 (Hearing),2023-12-03,395,-30,0,0,Approved,1.0,0.0,0,Low,green
KH-960/5,Shahpur,PMGSY Phase-3 Link Road,Section 15 (Hearing),2024-07-30,155,210,0,0,Not Required,0.71,0.0,7,Low,green
KH-443/6,Sultanpur,NH-44 Expansion,Section 15 (Hearing),2024-10-01,92,273,1,0,Not Required,0.56,0.0,237,Critical,red
KH-517/6,Sultanpur,PMGSY Phase-3 Link Road,Award Enquiry,2024-11-16,46,319,0,1,Not Required,0.54,57.3,391,Critical,red
KH-460/5,Shahpur,PMGSY Phase-3 Link Road,Award Enquiry,2024-03-17,290,75,1,0,Not Required,0.92,24.1,187,Critical,red
KH-379/7,Mehrauli Dehat,NH-44 Expansion,Award Enquiry,2024-06-28,187,178,1,0,Approved,0.87,32.9,136,High,red
KH-778/1,Rampur,PMGSY Phase-3 Link Road,Section 15 (Hearing),2024-04-25,251,114,0,0,Not Required,0.53,0.0,57,Medium,yellow
KH-434/6,Shahpur,PMGSY Phase-3 Link Road,Section 19 (Declaration),2023-11-28,400,-35,1,0,Not Required,1.07,19.8,96,High,red
KH-153/6,Kalyanpur,NH-44 Expansion,Section 11 (Notice),2023-11-27,401,-36,0,0,Approved,0.42,0.0,149,High,red
KH-785/2,Sultanpur,Delhi-Amritsar Expressway,Award Enquiry,2023-12-25,373,-8,0,0,Not Required,0.58,54.0,93,High,red
KH-217/3,Bhatinda Khurd,NH-44 Expansion,Possession Taken,2024-12-04,28,337,0,0,Approved,1.05,100.0,21,Low,green
KH-484/7,Fatehpur,Delhi-Amritsar Expressway,Section 11 (Notice),2024-02-18,318,47,0,1,Not Required,0.88,0.0,234,Critical,red
KH-223/1,Bhatinda Khurd,PMGSY Phase-3 Link Road,Section 19 (Declaration),2024-11-12,50,315,0,0,Pending,0.75,52.2,109,High,red
KH-543/6,Fatehpur,PMGSY Phase-3 Link Road,Section 15 (Hearing),2024-05-09,237,128,1,0,Approved,0.52,0.0,211,Critical,red
KH-651/8,Mehrauli Dehat,PMGSY Phase-3 Link Road,Possession Taken,2024-08-02,152,213,1,0,Approved,0.63,100.0,133,High,green
KH-575/7,Bhatinda Khurd,NH-44 Expansion,Award Enquiry,2023-10-09,450,-85,0,0,Pending,0.63,61.7,93,High,red
KH-710/5,Sultanpur,NH-44 Expansion,Possession Taken,2024-09-11,112,253,1,0,Not Required,0.46,100.0,219,Critical,green
KH-587/8,Mehrauli Dehat,NH-44 Expansion,Section 11 (Notice),2024-07-20,165,200,0,0,Pending,0.56,0.0,152,High,red
KH-584/9,Sultanpur,Dedicated Freight Corridor,Award Enquiry,2023-12-02,396,-31,1,0,Approved,0.79,17.3,140,High,red
KH-223/4,Bhatinda Khurd,NH-44 Expansion,Possession Taken,2023-11-23,405,-40,0,0,Pending,0.88,100.0,57,Medium,green
KH-841/9,Sultanpur,Dedicated Freight Corridor,Section 11 (Notice),2023-10-18,441,-76,0,0,Not Required,0.54,0.0,153,High,red
KH-825/9,Kalyanpur,Dedicated Freight Corridor,Section 11 (Notice),2024-11-20,42,323,1,0,Not Required,0.79,0.0,186,Critical,red
KH-112/5,Mehrauli Dehat,PMGSY Phase-3 Link Road,Award Enquiry,2024-06-26,189,176,0,0,Approved,0.53,33.3,74,Medium,yellow
KH-802/1,Kalyanpur,Delhi-Amritsar Expressway,Possession Taken,2024-07-15,170,195,0,0,Not Required,0.46,100.0,73,Medium,green
KH-331/9,Mehrauli Dehat,PMGSY Phase-3 Link Road,Award Enquiry,2024-07-18,167,198,0,0,Approved,1.0,94.4,0,Low,green
KH-724/2,Shahpur,Delhi-Amritsar Expressway,Section 15 (Hearing),2024-08-04,150,215,1,0,Approved,0.86,0.0,95,High,red
KH-260/1,Mehrauli Dehat,PMGSY Phase-3 Link Road,Possession Taken,2024-04-21,255,110,0,0,Not Required,0.6,100.0,0,Low,green
KH-819/8,Rampur,Delhi-Amritsar Expressway,Section 19 (Declaration),2023-11-10,418,-53,0,1,Not Required,0.95,68.3,195,Critical,red
KH-763/3,Bhatinda Khurd,Delhi-Amritsar Expressway,Section 11 (Notice),2024-11-17,45,320,1,0,Approved,0.52,0.0,226,Critical,red
KH-395/8,Rampur,PMGSY Phase-3 Link Road,Section 19 (Declaration),2023-12-25,373,-8,0,0,Not Required,0.68,47.7,1,Low,green
KH-712/1,Mehrauli Dehat,Dedicated Freight Corridor,Possession Taken,2024-08-11,143,222,0,0,Not Required,0.42,100.0,98,High,green
KH-883/5,Sultanpur,NH-44 Expansion,Section 15 (Hearing),2024-04-21,255,110,0,0,Not Required,0.76,0.0,0,Low,green
KH-699/7,Fatehpur,PMGSY Phase-3 Link Road,Section 11 (Notice),2024-04-21,255,110,1,1,Pending,0.64,0.0,453,Critical,red
KH-521/8,Bhatinda Khurd,PMGSY Phase-3 Link Road,Possession Taken,2024-11-29,33,332,0,0,Pending,0.72,100.0,72,Medium,green
KH-891/7,Shahpur,NH-44 Expansion,Possession Taken,2024-04-25,251,114,0,1,Pending,0.69,100.0,276,Critical,green
KH-740/8,Shahpur,NH-44 Expansion,Section 15 (Hearing),2024-08-03,151,214,1,0,Not Required,0.78,0.0,120,High,red
KH-224/1,Fatehpur,Delhi-Amritsar Expressway,Section 15 (Hearing),2024-07-11,174,191,1,0,Not Required,0.79,0.0,156,High,red
KH-961/2,Mehrauli Dehat,NH-44 Expansion,Section 15 (Hearing),2024-04-06,270,95,0,1,Approved,1.05,0.0,224,Critical,red
KH-954/8,Mehrauli Dehat,Delhi-Amritsar Expressway,Award Enquiry,2024-03-10,297,68,0,0,Approved,0.5,42.4,84,Medium,yellow
KH-984/2,Bhatinda Khurd,PMGSY Phase-3 Link Road,Section 19 (Declaration),2023-11-10,418,-53,1,0,Approved,0.76,33.7,161,High,red
KH-693/8,Shahpur,Delhi-Amritsar Expressway,Award Enquiry,2024-03-17,290,75,1,0,Approved,0.74,16.6,111,High,red
KH-990/4,Fatehpur,Delhi-Amritsar Expressway,Possession Taken,2024-06-04,211,154,1,0,Not Required,0.56,100.0,180,Critical,green
KH-930/7,Mehrauli Dehat,Delhi-Amritsar Expressway,Award Enquiry,2024-11-29,33,332,1,0,Pending,0.49,38.8,315,Critical,red
KH-638/8,Rampur,Delhi-Amritsar Expressway,Award Enquiry,2024-01-17,350,15,1,0,Approved,1.08,7.6,109,High,red
KH-765/2,Shahpur,Dedicated Freight Corridor,Possession Taken,2024-06-06,209,156,1,0,Approved,1.07,100.0,193,Critical,green
KH-993/9,Rampur,NH-44 Expansion,Section 15 (Hearing),2024-01-29,338,27,1,1,Not Required,0.88,0.0,345,Critical,red
KH-200/2,Mehrauli Dehat,Delhi-Amritsar Expressway,Section 19 (Declaration),2024-12-03,29,336,0,0,Approved,0.43,81.7,56,Medium,yellow
KH-350/9,Mehrauli Dehat,Delhi-Amritsar Expressway,Section 15 (Hearing),2024-09-19,104,261,0,0,Approved,0.46,0.0,73,Medium,yellow
KH-697/3,Kalyanpur,PMGSY Phase-3 Link Road,Section 19 (Declaration),2024-04-26,250,115,0,0,Not Required,0.58,30.6,58,Medium,yellow
KH-453/5,Fatehpur,PMGSY Phase-3 Link Road,Section 19 (Declaration),2024-04-28,248,117,0,0,Not Required,0.99,42.9,0,Low,green
KH-342/7,Sultanpur,Dedicated Freight Corridor,Possession Taken,2024-07-19,166,199,0,0,Approved,1.09,100.0,5,Low,green
KH-679/1,Sultanpur,PMGSY Phase-3 Link Road,Section 19 (Declaration),2023-11-16,412,-47,0,0,Not Required,0.96,69.5,0,Low,green
KH-735/5,Fatehpur,Delhi-Amritsar Expressway,Section 11 (Notice),2024-01-31,336,29,0,0,Approved,0.85,0.0,0,Low,green
KH-693/6,Fatehpur,Delhi-Amritsar Expressway,Section 11 (Notice),2024-07-19,166,199,0,0,Pending,0.63,0.0,76,Medium,yellow
KH-652/6,Sultanpur,Dedicated Freight Corridor,Section 15 (Hearing),2024-08-08,146,219,0,0,Approved,1.04,0.0,0,Low,green
KH-923/2,Mehrauli Dehat,NH-44 Expansion,Section 15 (Hearing),2023-11-27,401,-36,0,0,Not Required,1.08,0.0,33,Medium,yellow
KH-506/9,Bhatinda Khurd,NH-44 Expansion,Award Enquiry,2024-12-10,22,343,0,1,Pending,0.59,38.0,425,Critical,red
KH-753/6,Rampur,Delhi-Amritsar Expressway,Award Enquiry,2024-12-05,27,338,1,0,Not Required,0.83,38.0,144,High,red
KH-164/8,Fatehpur,Dedicated Freight Corridor,Award Enquiry,2024-10-19,74,291,0,0,Approved,0.5,91.5,49,Medium,yellow
KH-497/8,Bhatinda Khurd,PMGSY Phase-3 Link Road,Possession Taken,2023-12-03,395,-30,1,0,Not Required,0.91,100.0,166,High,green
KH-730/7,Bhatinda Khurd,NH-44 Expansion,Section 19 (Declaration),2024-08-28,126,239,1,0,Approved,0.71,38.3,187,Critical,red
KH-467/1,Mehrauli Dehat,Dedicated Freight Corridor,Section 15 (Hearing),2024-10-16,77,288,0,0,Not Required,1.06,0.0,9,Low,green
KH-317/1,Rampur,Dedicated Freight Corridor,Section 15 (Hearing),2024-10-14,79,286,0,0,Not Required,0.95,0.0,3,Low,green
KH-932/4,Bhatinda Khurd,Delhi-Amritsar Expressway,Possession Taken,2024-12-16,16,349,0,0,Not Required,0.59,100.0,62,Medium,green
KH-987/1,Kalyanpur,NH-44 Expansion,Section 19 (Declaration),2023-11-09,419,-54,1,0,Not Required,0.95,25.6,105,High,red
KH-863/2,Mehrauli Dehat,PMGSY Phase-3 Link Road,Section 19 (Declaration),2024-03-30,277,88,0,0,Not Required,0.82,59.4,0,Low,green
KH-844/9,Bhatinda Khurd,PMGSY Phase-3 Link Road,Section 11 (Notice),2024-11-16,46,319,0,0,Not Required,1.1,0.0,15,Low,green
KH-210/8,Fatehpur,PMGSY Phase-3 Link Road,Section 11 (Notice),2024-11-06,56,309,0,0,Not Required,0.63,0.0,0,Low,green
KH-739/9,Fatehpur,Dedicated Freight Corridor,Award Enquiry,2024-02-16,320,45,0,0,Approved,0.77,59.5,3,Low,green
KH-818/2,Shahpur,Delhi-Amritsar Expressway,Award Enquiry,2024-04-30,246,119,1,0,Not Required,1.02,19.5,138,High,red
KH-420/7,Bhatinda Khurd,Dedicated Freight Corridor,Section 19 (Declaration),2024-09-30,93,272,0,0,Not Required,0.88,60.8,0,Low,green
KH-481/3,Sultanpur,NH-44 Expansion,Possession Taken,2024-03-05,302,63,0,1,Approved,0.79,100.0,162,High,green
KH-868/7,Shahpur,NH-44 Expansion,Section 19 (Declaration),2024-02-14,322,43,0,0,Not Required,0.62,36.7,0,Low,green
KH-593/4,Shahpur,NH-44 Expansion,Section 19 (Declaration),2023-10-12,447,-82,0,1,Not Required,0.79,37.5,230,Critical,red
KH-965/9,Shahpur,NH-44 Expansion,Possession Taken,2024-01-16,351,14,1,1,Not Required,0.98,100.0,253,Critical,green
KH-416/6,Bhatinda Khurd,NH-44 Expansion,Section 15 (Hearing),2024-10-05,88,277,0,0,Not Required,0.8,0.0,0,Low,green
KH-748/1,Rampur,Delhi-Amritsar Expressway,Award Enquiry,2024-05-17,229,136,0,0,Not Required,0.72,40.2,0,Low,green
KH-681/2,Rampur,Delhi-Amritsar Expressway,Section 15 (Hearing),2023-11-27,401,-36,0,0,Not Required,0.83,0.0,6,Low,green
KH-777/7,Mehrauli Dehat,PMGSY Phase-3 Link Road,Award Enquiry,2024-07-31,154,211,1,0,Not Required,0.55,22.9,174,High,red
KH-707/8,Sultanpur,Dedicated Freight Corridor,Section 11 (Notice),2024-08-27,127,238,1,0,Pending,0.68,0.0,220,Critical,red
KH-361/5,Bhatinda Khurd,NH-44 Expansion,Section 11 (Notice),2024-04-07,269,96,1,0,Not Required,0.92,0.0,91,High,red
KH-335/9,Sultanpur,Dedicated Freight Corridor,Section 11 (Notice),2024-05-28,218,147,0,0,Pending,1.0,0.0,58,Medium,yellow
KH-179/6,Sultanpur,PMGSY Phase-3 Link Road,Possession Taken,2024-05-24,222,143,1,0,Not Required,0.9,100.0,133,High,green
KH-432/3,Shahpur,PMGSY Phase-3 Link Road,Section 19 (Declaration),2024-11-02,60,305,1,0,Pending,0.71,8.7,239,Critical,red
KH-991/5,Fatehpur,Dedicated Freight Corridor,Section 15 (Hearing),2024-06-30,185,180,1,0,Approved,0.95,0.0,99,High,red
KH-622/4,Shahpur,Dedicated Freight Corridor,Section 19 (Declaration),2023-12-11,387,-22,1,0,Pending,1.07,27.6,169,High,red
KH-277/3,Shahpur,NH-44 Expansion,Section 15 (Hearing),2023-11-18,410,-45,0,0,Not Required,0.84,0.0,0,Low,green
KH-693/8,Fatehpur,Dedicated Freight Corridor,Section 19 (Declaration),2024-10-01,92,273,1,0,Not Required,0.71,21.4,163,High,red
KH-157/6,Sultanpur,NH-44 Expansion,Section 19 (Declaration),2024-04-25,251,114,1,0,Not Required,0.72,7.0,149,High,red
KH-619/7,Mehrauli Dehat,NH-44 Expansion,Award Enquiry,2023-10-30,429,-64,1,1,Approved,0.8,11.6,438,Critical,red
KH-561/2,Shahpur,Dedicated Freight Corridor,Section 11 (Notice),2024-04-03,273,92,0,0,Not Required,0.85,0.0,4,Low,green
KH-389/7,Mehrauli Dehat,Dedicated Freight Corridor,Possession Taken,2024-11-21,41,324,0,0,Approved,0.95,100.0,4,Low,green
KH-196/9,Fatehpur,PMGSY Phase-3 Link Road,Section 19 (Declaration),2024-08-10,144,221,1,0,Not Required,0.91,28.0,181,Critical,red
KH-696/3,Bhatinda Khurd,Dedicated Freight Corridor,Award Enquiry,2024-10-12,81,284,0,0,Approved,0.82,91.0,0,Low,green
KH-910/6,Shahpur,Delhi-Amritsar Expressway,Possession Taken,2024-10-31,62,303,0,1,Not Required,0.85,100.0,258,Critical,green
KH-416/3,Kalyanpur,Dedicated Freight Corridor,Award Enquiry,2024-09-10,113,252,0,0,Approved,0.56,38.9,24,Low,green
KH-619/9,Shahpur,NH-44 Expansion,Section 19 (Declaration),2023-11-21,407,-42,0,0,Not Required,0.83,68.8,0,Low,green
KH-809/3,Fatehpur,PMGSY Phase-3 Link Road,Section 11 (Notice),2024-05-21,225,140,1,0,Pending,0.66,0.0,219,Critical,red
KH-902/8,Kalyanpur,Delhi-Amritsar Expressway,Section 19 (Declaration),2023-10-30,429,-64,1,0,Not Required,0.95,36.6,137,High,red
KH-388/7,Sultanpur,PMGSY Phase-3 Link Road,Section 15 (Hearing),2023-10-26,433,-68,1,0,Not Required,0.54,0.0,219,Critical,red
KH-205/9,Shahpur,NH-44 Expansion,Section 19 (Declaration),2024-11-05,57,308,1,1,Pending,0.93,14.5,424,Critical,red
KH-327/8,Bhatinda Khurd,NH-44 Expansion,Award Enquiry,2024-11-20,42,323,1,0,Not Required,0.68,18.1,159,High,red
KH-128/6,Rampur,Dedicated Freight Corridor,Section 15 (Hearing),2024-10-08,85,280,1,0,Not Required,0.43,0.0,274,Critical,red
KH-580/8,Sultanpur,NH-44 Expansion,Section 11 (Notice),2024-12-08,24,341,1,0,Not Required,0.58,0.0,217,Critical,red
KH-533/2,Shahpur,Dedicated Freight Corridor,Section 15 (Hearing),2024-07-16,169,196,0,0,Not Required,0.49,0.0,49,Medium,yellow
KH-568/2,Rampur,PMGSY Phase-3 Link Road,Possession Taken,2024-03-18,289,76,0,0,Approved,0.41,100.0,83,Medium,green
KH-398/7,Rampur,Dedicated Freight Corridor,Section 15 (Hearing),2024-02-29,307,58,1,0,Pending,0.69,0.0,253,Critical,red
KH-619/9,Sultanpur,NH-44 Expansion,Award Enquiry,2024-04-21,255,110,0,0,Pending,0.43,55.1,153,High,red
KH-169/6,Kalyanpur,NH-44 Expansion,Possession Taken,2023-12-07,391,-26,0,1,Not Required,0.93,100.0,158,High,green
KH-933/3,Shahpur,PMGSY Phase-3 Link Road,Award Enquiry,2024-01-29,338,27,1,0,Pending,0.53,9.7,236,Critical,red
KH-142/6,Bhatinda Khurd,PMGSY Phase-3 Link Road,Possession Taken,2024-04-19,257,108,0,1,Not Required,0.58,100.0,244,Critical,green
KH-986/6,Bhatinda Khurd,NH-44 Expansion,Section 19 (Declaration),2024-05-08,238,127,0,1,Approved,1.02,78.3,242,Critical,red
KH-808/8,Bhatinda Khurd,Dedicated Freight Corridor,Section 11 (Notice),2023-12-11,387,-22,0,0,Not Required,0.7,0.0,0,Low,green
KH-205/2,Bhatinda Khurd,Dedicated Freight Corridor,Section 19 (Declaration),2024-05-03,243,122,0,0,Pending,0.82,57.7,101,High,red
KH-844/6,Sultanpur,PMGSY Phase-3 Link Road,Section 19 (Declaration),2024-01-25,342,23,0,0,Pending,1.09,91.6,71,Medium,yellow
KH-625/3,Rampur,Delhi-Amritsar Expressway,Possession Taken,2024-01-05,362,3,1,0,Approved,0.95,100.0,81,Medium,green
KH-760/6,Bhatinda Khurd,PMGSY Phase-3 Link Road,Possession Taken,2024-12-01,31,334,0,0,Not Required,0.82,100.0,0,Low,green
KH-687/3,Sultanpur,Dedicated Freight Corridor,Award Enquiry,2024-07-10,175,190,0,0,Not Required,0.85,46.2,0,Low,green
KH-675/2,Bhatinda Khurd,Dedicated Freight Corridor,Award Enquiry,2024-08-30,124,241,1,1,Approved,1.1,15.0,340,Critical,red
KH-555/2,Shahpur,Dedicated Freight Corridor,Section 19 (Declaration),2023-12-20,378,-13,0,0,Pending,0.45,65.2,212,Critical,red
KH-817/3,Shahpur,Dedicated Freight Corridor,Possession Taken,2024-08-25,129,236,1,0,Pending,0.48,100.0,264,Critical,green
KH-469/9,Sultanpur,Dedicated Freight Corridor,Award Enquiry,2023-11-02,426,-61,1,1,Approved,1.09,9.5,278,Critical,red
KH-887/7,Shahpur,NH-44 Expansion,Section 15 (Hearing),2024-07-08,177,188,0,0,Pending,0.85,0.0,86,Medium,yellow
KH-231/9,Fatehpur,Delhi-Amritsar Expressway,Section 15 (Hearing),2024-05-10,236,129,1,0,Not Required,0.75,0.0,114,High,red
KH-411/3,Kalyanpur,Dedicated Freight Corridor,Section 15 (Hearing),2024-06-23,192,173,0,0,Pending,1.06,0.0,75,Medium,yellow
KH-664/5,Kalyanpur,Dedicated Freight Corridor,Possession Taken,2024-03-19,288,77,0,0,Not Required,0.47,100.0,59,Medium,green
KH-837/6,Shahpur,NH-44 Expansion,Section 11 (Notice),2024-11-06,56,309,1,0,Pending,0.43,0.0,354,Critical,red
KH-685/7,Sultanpur,NH-44 Expansion,Award Enquiry,2024-01-31,336,29,0,0,Not Required,0.78,71.7,0,Low,green
KH-926/7,Bhatinda Khurd,PMGSY Phase-3 Link Road,Section 11 (Notice),2023-12-31,367,-2,0,0,Pending,0.44,0.0,258,Critical,red
KH-721/3,Bhatinda Khurd,Dedicated Freight Corridor,Section 19 (Declaration),2024-05-27,219,146,1,1,Approved,0.49,18.0,395,Critical,red
KH-560/4,Kalyanpur,NH-44 Expansion,Section 11 (Notice),2024-07-22,163,202,1,1,Pending,1.06,0.0,507,Critical,red
KH-263/8,Sultanpur,PMGSY Phase-3 Link Road,Award Enquiry,2024-07-13,172,193,0,0,Not Required,0.75,35.9,0,Low,green
KH-346/4,Sultanpur,Dedicated Freight Corridor,Section 11 (Notice),2024-11-22,40,325,1,0,Not Required,0.6,0.0,194,Critical,red
KH-581/5,Sultanpur,NH-44 Expansion,Section 11 (Notice),2024-05-11,235,130,1,0,Not Required,0.49,0.0,201,Critical,red
KH-510/1,Sultanpur,Delhi-Amritsar Expressway,Section 19 (Declaration),2024-03-09,298,67,0,0,Approved,0.6,55.1,0,Low,green
KH-945/2,Kalyanpur,NH-44 Expansion,Award Enquiry,2024-06-09,206,159,1,0,Pending,0.96,16.9,220,Critical,red
KH-511/9,Rampur,NH-44 Expansion,Section 11 (Notice),2024-10-08,85,280,0,0,Pending,0.9,0.0,109,High,red
KH-720/9,Kalyanpur,Dedicated Freight Corridor,Possession Taken,2024-07-07,178,187,0,0,Not Required,0.51,100.0,92,High,green
KH-444/9,Shahpur,PMGSY Phase-3 Link Road,Possession Taken,2024-07-17,168,197,1,0,Approved,0.73,100.0,81,Medium,green
KH-526/5,Shahpur,NH-44 Expansion,Possession Taken,2024-04-19,257,108,0,0,Not Required,0.59,100.0,118,High,green
KH-691/4,Fatehpur,NH-44 Expansion,Possession Taken,2024-04-16,260,105,0,0,Not Required,0.52,100.0,110,High,green
KH-489/3,Shahpur,Delhi-Amritsar Expressway,Section 11 (Notice),2024-02-28,308,57,0,1,Not Required,1.06,0.0,163,High,red
KH-528/3,Mehrauli Dehat,Delhi-Amritsar Expressway,Award Enquiry,2024-04-05,271,94,0,0,Not Required,0.94,89.8,0,Low,green
KH-778/8,Sultanpur,PMGSY Phase-3 Link Road,Section 19 (Declaration),2024-09-20,103,262,0,0,Pending,0.72,64.7,77,Medium,yellow
KH-838/5,Sultanpur,PMGSY Phase-3 Link Road,Section 15 (Hearing),2024-08-13,141,224,0,1,Not Required,0.6,0.0,218,Critical,red
KH-312/8,Bhatinda Khurd,PMGSY Phase-3 Link Road,Section 19 (Declaration),2024-03-06,301,64,0,0,Pending,1.05,81.7,64,Medium,yellow
KH-656/7,Mehrauli Dehat,Dedicated Freight Corridor,Section 15 (Hearing),2024-07-22,163,202,0,0,Approved,0.43,0.0,105,High,red
KH-319/4,Shahpur,Dedicated Freight Corridor,Possession Taken,2023-12-27,371,-6,0,0,Not Required,0.59,100.0,58,Medium,green
KH-348/1,Fatehpur,Delhi-Amritsar Expressway,Section 15 (Hearing),2024-11-21,41,324,0,0,Not Required,0.47,0.0,72,Medium,yellow
KH-889/3,Rampur,Delhi-Amritsar Expressway,Award Enquiry,2024-01-18,349,16,0,0,Not Required,1.05,87.1,0,Low,green
KH-394/6,Bhatinda Khurd,NH-44 Expansion,Section 11 (Notice),2024-01-19,348,17,1,0,Approved,0.8,0.0,299,Critical,red
KH-138/3,Mehrauli Dehat,Delhi-Amritsar Expressway,Section 11 (Notice),2023-10-16,443,-78,0,0,Not Required,0.68,0.0,0,Low,green
KH-993/5,Rampur,NH-44 Expansion,Section 19 (Declaration),2024-03-02,305,60,0,0,Not Required,0.82,90.3,0,Low,green
KH-756/9,Sultanpur,PMGSY Phase-3 Link Road,Section 15 (Hearing),2023-10-09,450,-85,0,0,Not Required,0.75,0.0,0,Low,green
KH-438/3,Fatehpur,PMGSY Phase-3 Link Road,Section 19 (Declaration),2023-12-16,382,-17,0,0,Approved,0.53,77.9,70,Medium,yellow
KH-279/7,Shahpur,PMGSY Phase-3 Link Road,Possession Taken,2024-07-03,182,183,1,0,Approved,0.46,100.0,216,Critical,green
KH-431/4,Rampur,Dedicated Freight Corridor,Award Enquiry,2024-08-19,135,230,0,0,Pending,0.71,47.4,62,Medium,yellow
KH-111/5,Fatehpur,Dedicated Freight Corridor,Section 15 (Hearing),2024-11-16,46,319,1,0,Not Required,0.87,0.0,140,High,red
KH-614/5,Fatehpur,NH-44 Expansion,Section 19 (Declaration),2024-06-12,203,162,1,0,Not Required,0.83,12.7,105,High,red
KH-720/6,Mehrauli Dehat,PMGSY Phase-3 Link Road,Possession Taken,2023-11-03,425,-60,0,0,Not Required,0.86,100.0,0,Low,green
KH-872/2,Sultanpur,PMGSY Phase-3 Link Road,Possession Taken,2023-12-23,375,-10,0,0,Not Required,0.65,100.0,0,Low,green
KH-268/6,Shahpur,PMGSY Phase-3 Link Road,Section 11 (Notice),2024-01-04,363,2,1,0,Not Required,0.54,0.0,318,Critical,red
KH-928/1,Mehrauli Dehat,Delhi-Amritsar Expressway,Possession Taken,2024-05-19,227,138,1,1,Approved,0.72,100.0,384,Critical,green
KH-840/1,Mehrauli Dehat,Dedicated Freight Corridor,Section 11 (Notice),2023-12-02,396,-31,0,0,Not Required,0.55,0.0,131,High,red
KH-165/9,Rampur,NH-44 Expansion,Award Enquiry,2024-12-01,31,334,0,0,Not Required,0.6,41.7,0,Low,green
KH-846/7,Bhatinda Khurd,PMGSY Phase-3 Link Road,Award Enquiry,2024-06-07,208,157,0,0,Not Required,0.66,74.4,9,Low,green
KH-769/6,Rampur,Delhi-Amritsar Expressway,Possession Taken,2024-05-30,216,149,0,0,Not Required,0.77,100.0,7,Low,green
KH-103/1,Bhatinda Khurd,PMGSY Phase-3 Link Road,Possession Taken,2024-05-14,232,133,1,0,Approved,0.77,100.0,109,High,green
KH-382/4,Fatehpur,NH-44 Expansion,Section 11 (Notice),2023-10-30,429,-64,1,0,Not Required,0.86,0.0,276,Critical,red
KH-149/4,Fatehpur,NH-44 Expansion,Award Enquiry,2024-05-07,239,126,0,0,Approved,0.56,44.1,52,Medium,yellow
KH-891/6,Kalyanpur,Dedicated Freight Corridor,Section 15 (Hearing),2024-01-14,353,12,0,0,Not Required,0.76,0.0,0,Low,green
KH-670/3,Fatehpur,PMGSY Phase-3 Link Road,Possession Taken,2024-04-08,268,97,0,0,Approved,0.43,100.0,77,Medium,green
KH-526/7,Kalyanpur,Dedicated Freight Corridor,Award Enquiry,2024-09-14,109,256,0,1,Approved,0.93,60.8,189,Critical,red
KH-925/8,Rampur,PMGSY Phase-3 Link Road,Award Enquiry,2024-03-07,300,65,0,0,Not Required,0.77,55.2,0,Low,green
KH-180/8,Shahpur,Dedicated Freight Corridor,Section 11 (Notice),2024-03-18,289,76,0,0,Not Required,0.91,0.0,0,Low,green
KH-789/1,Shahpur,NH-44 Expansion,Section 15 (Hearing),2023-11-02,426,-61,0,0,Pending,0.93,0.0,111,High,red
KH-313/6,Bhatinda Khurd,NH-44 Expansion,Section 15 (Hearing),2024-09-11,112,253,0,0,Not Required,1.07,0.0,0,Low,green
KH-718/4,Mehrauli Dehat,Delhi-Amritsar Expressway,Possession Taken,2024-07-06,179,186,1,0,Not Required,0.94,100.0,135,High,green
KH-415/5,Bhatinda Khurd,PMGSY Phase-3 Link Road,Award Enquiry,2024-10-28,65,300,1,0,Pending,0.96,30.3,236,Critical,red
KH-146/4,Fatehpur,Delhi-Amritsar Expressway,Section 11 (Notice),2024-08-06,148,217,0,0,Approved,0.79,0.0,7,Low,green
KH-402/3,Kalyanpur,Dedicated Freight Corridor,Section 15 (Hearing),2024-06-06,209,156,1,0,Approved,0.8,0.0,120,High,red
KH-801/6,Bhatinda Khurd,PMGSY Phase-3 Link Road,Award Enquiry,2024-04-26,250,115,0,0,Not Required,0.52,81.7,34,Medium,yellow
KH-288/9,Fatehpur,NH-44 Expansion,Possession Taken,2024-11-30,32,333,0,0,Approved,0.99,100.0,0,Low,green
KH-169/3,Rampur,Delhi-Amritsar Expressway,Possession Taken,2024-04-28,248,117,0,0,Approved,0.66,100.0,9,Low,green
KH-731/8,Fatehpur,PMGSY Phase-3 Link Road,Section 11 (Notice),2024-12-14,18,347,0,0,Not Required,0.77,0.0,0,Low,green
KH-839/5,Sultanpur,Dedicated Freight Corridor,Section 11 (Notice),2024-04-04,272,93,0,0,Not Required,0.97,0.0,23,Low,green
KH-283/2,Rampur,Delhi-Amritsar Expressway,Section 15 (Hearing),2024-09-10,113,252,0,0,Not Required,0.83,0.0,0,Low,green
KH-914/7,Rampur,Dedicated Freight Corridor,Award Enquiry,2024-04-26,250,115,1,0,Pending,0.8,39.7,228,Critical,red
KH-769/1,Rampur,PMGSY Phase-3 Link Road,Award Enquiry,2024-06-07,208,157,0,0,Approved,0.79,33.6,0,Low,green
KH-903/6,Sultanpur,NH-44 Expansion,Possession Taken,2024-11-26,36,329,0,0,Not Required,0.56,100.0,108,High,green
KH-147/2,Fatehpur,Dedicated Freight Corridor,Possession Taken,2024-03-04,303,62,0,1,Pending,0.86,100.0,305,Critical,green
KH-940/7,Rampur,Dedicated Freight Corridor,Section 15 (Hearing),2024-03-04,303,62,1,0,Approved,0.57,0.0,242,Critical,red
KH-873/3,Shahpur,NH-44 Expansion,Possession Taken,2023-12-02,396,-31,1,0,Not Required,1.08,100.0,82,Medium,green
KH-177/6,Sultanpur,PMGSY Phase-3 Link Road,Section 19 (Declaration),2024-12-02,30,335,1,0,Pending,0.84,32.4,222,Critical,red
KH-484/7,Kalyanpur,PMGSY Phase-3 Link Road,Section 11 (Notice),2023-11-18,410,-45,0,0,Not Required,0.83,0.0,26,Low,green
KH-184/5,Kalyanpur,PMGSY Phase-3 Link Road,Section 15 (Hearing),2023-12-05,393,-28,0,0,Pending,0.67,0.0,75,Medium,yellow
KH-376/2,Kalyanpur,NH-44 Expansion,Section 15 (Hearing),2024-05-11,235,130,1,0,Not Required,0.71,0.0,161,High,red
KH-191/6,Sultanpur,NH-44 Expansion,Possession Taken,2024-02-15,321,44,1,0,Pending,0.95,100.0,190,Critical,green
KH-186/9,Kalyanpur,Delhi-Amritsar Expressway,Award Enquiry,2024-09-22,101,264,0,0,Not Required,0.5,49.6,65,Medium,yellow
KH-382/7,Bhatinda Khurd,PMGSY Phase-3 Link Road,Section 11 (Notice),2024-06-16,199,166,0,0,Approved,0.58,0.0,71,Medium,yellow
KH-731/4,Mehrauli Dehat,NH-44 Expansion,Section 15 (Hearing),2024-07-15,170,195,0,1,Not Required,0.4,0.0,331,Critical,red
KH-982/6,Mehrauli Dehat,Dedicated Freight Corridor,Award Enquiry,2023-10-27,432,-67,0,1,Approved,0.98,72.3,171,High,red
KH-811/4,Mehrauli Dehat,Dedicated Freight Corridor,Section 15 (Hearing),2024-05-28,218,147,0,1,Approved,1.08,0.0,240,Critical,red
KH-689/4,Bhatinda Khurd,PMGSY Phase-3 Link Road,Section 19 (Declaration),2023-10-26,433,-68,0,0,Approved,0.95,53.7,13,Low,green
KH-658/3,Fatehpur,NH-44 Expansion,Award Enquiry,2023-12-21,377,-12,0,0,Pending,0.55,81.8,225,Critical,red
KH-242/5,Kalyanpur,Dedicated Freight Corridor,Section 15 (Hearing),2023-12-17,381,-16,1,0,Not Required,0.7,0.0,137,High,red
KH-618/7,Sultanpur,NH-44 Expansion,Section 19 (Declaration),2023-12-24,374,-9,0,0,Not Required,1.03,64.9,3,Low,green
KH-887/4,Fatehpur,Dedicated Freight Corridor,Section 15 (Hearing),2024-01-21,346,19,0,0,Pending,0.83,0.0,85,Medium,yellow
KH-915/7,Rampur,NH-44 Expansion,Section 11 (Notice),2024-08-07,147,218,0,0,Not Required,0.56,0.0,82,Medium,yellow
KH-326/8,Bhatinda Khurd,PMGSY Phase-3 Link Road,Award Enquiry,2023-11-18,410,-45,1,0,Not Required,0.88,29.2,104,High,red
KH-207/5,Mehrauli Dehat,NH-44 Expansion,Section 11 (Notice),2023-10-19,440,-75,1,0,Not Required,1.06,0.0,202,Critical,red
KH-903/4,Sultanpur,PMGSY Phase-3 Link Road,Section 19 (Declaration),2024-04-18,258,107,1,0,Approved,0.47,30.3,207,Critical,red
KH-919/3,Fatehpur,Delhi-Amritsar Expressway,Possession Taken,2024-09-19,104,261,1,0,Not Required,0.79,100.0,169,High,green
KH-337/7,Fatehpur,Delhi-Amritsar Expressway,Section 15 (Hearing),2024-01-25,342,23,0,0,Pending,0.86,0.0,65,Medium,yellow
KH-498/1,Fatehpur,Delhi-Amritsar Expressway,Section 15 (Hearing),2024-07-28,157,208,0,0,Not Required,0.93,0.0,0,Low,green
KH-568/2,Bhatinda Khurd,PMGSY Phase-3 Link Road,Possession Taken,2024-01-25,342,23,1,0,Approved,0.62,100.0,145,High,green
KH-456/6,Shahpur,PMGSY Phase-3 Link Road,Possession Taken,2024-09-20,103,262,0,0,Not Required,0.97,100.0,7,Low,green
KH-729/2,Fatehpur,Delhi-Amritsar Expressway,Section 19 (Declaration),2024-10-18,75,290,1,1,Approved,0.57,9.1,392,Critical,red
KH-688/7,Mehrauli Dehat,Delhi-Amritsar Expressway,Award Enquiry,2024-01-27,340,25,1,1,Approved,0.78,37.2,391,Critical,red
KH-291/6,Shahpur,PMGSY Phase-3 Link Road,Possession Taken,2024-11-20,42,323,0,0,Approved,1.01,100.0,22,Low,green
KH-299/7,Sultanpur,PMGSY Phase-3 Link Road,Award Enquiry,2024-01-02,365,0,0,0,Pending,0.74,76.2,87,Medium,yellow
KH-131/4,Bhatinda Khurd,NH-44 Expansion,Section 19 (Declaration),2024-08-24,130,235,1,0,Not Required,0.78,10.9,155,High,red
KH-607/9,Sultanpur,NH-44 Expansion,Possession Taken,2024-10-20,73,292,1,0,Not Required,0.59,100.0,231,Critical,green
KH-878/8,Sultanpur,Delhi-Amritsar Expressway,Award Enquiry,2024-10-26,67,298,1,0,Approved,0.92,27.9,119,High,red
KH-936/2,Mehrauli Dehat,NH-44 Expansion,Section 15 (Hearing),2024-09-01,122,243,0,0,Not Required,0.97,0.0,3,Low,green
KH-827/7,Kalyanpur,Delhi-Amritsar Expressway,Section 15 (Hearing),2023-10-28,431,-66,0,0,Not Required,0.54,0.0,51,Medium,yellow
KH-711/9,Kalyanpur,Dedicated Freight Corridor,Section 19 (Declaration),2024-07-22,163,202,0,0,Approved,0.8,91.9,3,Low,green
KH-934/2,Kalyanpur,PMGSY Phase-3 Link Road,Section 11 (Notice),2024-07-29,156,209,1,0,Not Required,1.01,0.0,111,High,red
KH-249/6,Shahpur,Delhi-Amritsar Expressway,Award Enquiry,2024-04-11,265,100,1,0,Not Required,0.5,27.1,237,Critical,red
KH-913/2,Mehrauli Dehat,Dedicated Freight Corridor,Section 19 (Declaration),2024-04-29,247,118,0,0,Not Required,1.07,51.3,22,Low,green
KH-569/6,Shahpur,NH-44 Expansion,Possession Taken,2024-05-28,218,147,0,0,Pending,0.55,100.0,144,High,green
KH-390/6,Sultanpur,Delhi-Amritsar Expressway,Possession Taken,2024-04-13,263,102,0,0,Approved,0.95,100.0,0,Low,green
KH-997/5,Rampur,Dedicated Freight Corridor,Section 19 (Declaration),2024-11-05,57,308,0,0,Not Required,0.66,88.7,0,Low,green
KH-412/4,Mehrauli Dehat,NH-44 Expansion,Section 11 (Notice),2024-12-17,15,350,1,0,Not Required,0.55,0.0,157,High,red
KH-555/1,Rampur,Dedicated Freight Corridor,Section 11 (Notice),2024-05-15,231,134,0,1,Approved,0.89,0.0,254,Critical,red
KH-848/2,Rampur,Dedicated Freight Corridor,Section 19 (Declaration),2024-07-17,168,197,0,0,Approved,0.5,80.3,64,Medium,yellow
KH-170/9,Sultanpur,NH-44 Expansion,Possession Taken,2024-01-20,347,18,0,1,Not Required,0.51,100.0,300,Critical,green
KH-521/8,Shahpur,Delhi-Amritsar Expressway,Section 11 (Notice),2024-10-27,66,299,0,0,Not Required,0.5,0.0,55,Medium,yellow
KH-539/6,Shahpur,Delhi-Amritsar Expressway,Section 15 (Hearing),2024-07-29,156,209,0,0,Approved,0.85,0.0,0,Low,green
KH-838/5,Shahpur,NH-44 Expansion,Section 19 (Declaration),2024-09-03,120,245,0,0,Not Required,0.76,63.1,9,Low,green
KH-155/4,Mehrauli Dehat,PMGSY Phase-3 Link Road,Section 11 (Notice),2024-08-16,138,227,0,0,Not Required,0.75,0.0,5,Low,green
KH-112/6,Bhatinda Khurd,Delhi-Amritsar Expressway,Award Enquiry,2023-10-15,444,-79,0,0,Pending,0.8,53.8,87,Medium,yellow
KH-888/2,Rampur,NH-44 Expansion,Section 11 (Notice),2024-08-05,149,216,0,0,Approved,0.55,0.0,67,Medium,yellow
KH-393/9,Shahpur,PMGSY Phase-3 Link Road,Award Enquiry,2023-12-24,374,-9,0,0,Not Required,0.68,71.6,1,Low,green
KH-185/5,Rampur,Delhi-Amritsar Expressway,Section 15 (Hearing),2024-03-18,289,76,1,0,Not Required,0.63,0.0,185,Critical,red
KH-797/2,Bhatinda Khurd,PMGSY Phase-3 Link Road,Section 15 (Hearing),2024-11-18,44,321,0,0,Approved,0.57,0.0,46,Medium,yellow
KH-156/5,Fatehpur,Delhi-Amritsar Expressway,Section 11 (Notice),2024-12-11,21,344,0,0,Approved,0.9,0.0,6,Low,green
KH-455/9,Sultanpur,Dedicated Freight Corridor,Section 15 (Hearing),2024-06-10,205,160,0,0,Not Required,0.49,0.0,68,Medium,yellow
KH-130/6,Shahpur,PMGSY Phase-3 Link Road,Section 19 (Declaration),2024-03-24,283,82,0,0,Approved,0.44,76.3,87,Medium,yellow
KH-623/6,Rampur,PMGSY Phase-3 Link Road,Possession Taken,2024-09-23,100,265,1,0,Not Required,0.66,100.0,127,High,green
KH-858/9,Rampur,NH-44 Expansion,Section 11 (Notice),2024-08-14,140,225,1,0,Not Required,0.43,0.0,218,Critical,red
KH-978/1,Sultanpur,PMGSY Phase-3 Link Road,Section 15 (Hearing),2024-07-06,179,186,1,0,Not Required,0.57,0.0,211,Critical,red
KH-222/9,Fatehpur,NH-44 Expansion,Section 15 (Hearing),2024-08-25,129,236,0,0,Not Required,0.96,0.0,0,Low,green
KH-389/5,Bhatinda Khurd,NH-44 Expansion,Possession Taken,2024-04-28,248,117,0,0,Pending,0.41,100.0,137,High,green
KH-737/4,Mehrauli Dehat,Dedicated Freight Corridor,Possession Taken,2024-04-09,267,98,1,0,Not Required,1.1,100.0,128,High,green
KH-915/4,Kalyanpur,NH-44 Expansion,Award Enquiry,2024-12-05,27,338,0,0,Not Required,0.56,52.5,121,High,red
KH-206/4,Sultanpur,Delhi-Amritsar Expressway,Award Enquiry,2024-04-10,266,99,0,0,Approved,1.07,93.2,0,Low,green
KH-144/4,Shahpur,PMGSY Phase-3 Link Road,Section 19 (Declaration),2024-04-27,249,116,0,0,Pending,1.08,35.5,66,Medium,yellow
KH-503/2,Sultanpur,NH-44 Expansion,Award Enquiry,2024-01-13,354,11,1,0,Pending,1.07,13.3,213,Critical,red
KH-817/6,Bhatinda Khurd,PMGSY Phase-3 Link Road,Section 19 (Declaration),2024-08-20,134,231,0,1,Approved,0.45,43.2,339,Critical,red
KH-577/6,Mehrauli Dehat,NH-44 Expansion,Possession Taken,2024-06-17,198,167,0,0,Not Required,1.08,100.0,0,Low,green
KH-371/2,Rampur,Delhi-Amritsar Expressway,Section 19 (Declaration),2023-10-21,438,-73,0,0,Not Required,0.89,69.2,0,Low,green
KH-464/7,Sultanpur,NH-44 Expansion,Section 19 (Declaration),2024-08-06,148,217,0,0,Pending,0.97,41.3,115,High,red
KH-866/9,Kalyanpur,NH-44 Expansion,Award Enquiry,2024-10-26,67,298,0,0,Not Required,0.96,39.1,13,Low,green
KH-745/2,Sultanpur,Dedicated Freight Corridor,Section 11 (Notice),2024-12-06,26,339,0,1,Not Required,1.1,0.0,218,Critical,red
KH-231/2,Shahpur,Dedicated Freight Corridor,Section 11 (Notice),2024-11-26,36,329,0,0,Approved,1.06,0.0,0,Low,green
KH-608/1,Mehrauli Dehat,PMGSY Phase-3 Link Road,Section 15 (Hearing),2024-06-19,196,169,1,0,Not Required,0.55,0.0,165,High,red
KH-521/9,Mehrauli Dehat,NH-44 Expansion,Section 11 (Notice),2024-07-27,158,207,0,0,Pending,0.67,0.0,87,Medium,yellow
KH-921/9,Shahpur,NH-44 Expansion,Award Enquiry,2023-11-13,415,-50,1,0,Approved,0.9,21.8,142,High,red
KH-429/7,Bhatinda Khurd,Delhi-Amritsar Expressway,Section 11 (Notice),2024-07-07,178,187,1,0,Pending,0.82,0.0,221,Critical,red
KH-928/8,Sultanpur,Dedicated Freight Corridor,Possession Taken,2024-08-20,134,231,0,0,Approved,1.08,100.0,0,Low,green
KH-372/9,Shahpur,NH-44 Expansion,Section 15 (Hearing),2024-02-27,309,56,0,0,Approved,0.99,0.0,11,Low,green
KH-959/3,Kalyanpur,Delhi-Amritsar Expressway,Possession Taken,2024-07-08,177,188,0,0,Not Required,0.96,100.0,26,Low,green
KH-676/4,Shahpur,PMGSY Phase-3 Link Road,Possession Taken,2024-07-12,173,192,0,0,Not Required,0.52,100.0,33,Medium,green
KH-324/1,Sultanpur,PMGSY Phase-3 Link Road,Section 11 (Notice),2024-07-01,184,181,1,0,Approved,1.04,0.0,126,High,red
KH-281/6,Rampur,NH-44 Expansion,Section 15 (Hearing),2024-02-21,315,50,0,0,Pending,0.89,0.0,66,Medium,yellow
KH-409/6,Kalyanpur,Delhi-Amritsar Expressway,Award Enquiry,2023-11-08,420,-55,1,0,Not Required,0.85,22.1,139,High,red
KH-703/3,Mehrauli Dehat,Dedicated Freight Corridor,Section 19 (Declaration),2024-10-13,80,285,0,0,Not Required,0.52,30.1,107,High,red
KH-889/1,Kalyanpur,Dedicated Freight Corridor,Possession Taken,2024-08-26,128,237,0,0,Not Required,0.85,100.0,0,Low,green
KH-439/2,Kalyanpur,Dedicated Freight Corridor,Section 19 (Declaration),2024-09-23,100,265,1,0,Not Required,0.85,38.7,196,Critical,red
KH-443/8,Rampur,Dedicated Freight Corridor,Section 15 (Hearing),2024-08-12,142,223,1,0,Approved,0.89,0.0,126,High,red
KH-101/1,Mehrauli Dehat,PMGSY Phase-3 Link Road,Award Enquiry,2024-09-23,100,265,0,0,Pending,1.02,62.1,77,Medium,yellow
KH-948/8,Shahpur,Delhi-Amritsar Expressway,Section 15 (Hearing),2024-04-30,246,119,1,0,Not Required,0.45,0.0,141,High,red
KH-484/3,Fatehpur,NH-44 Expansion,Possession Taken,2024-10-31,62,303,0,0,Not Required,0.64,100.0,9,Low,green
KH-769/3,Sultanpur,PMGSY Phase-3 Link Road,Section 15 (Hearing),2024-11-20,42,323,1,0,Pending,0.47,0.0,277,Critical,red
KH-847/9,Bhatinda Khurd,Dedicated Freight Corridor,Section 19 (Declaration),2024-08-18,136,229,0,0,Approved,0.47,55.5,90,High,red
KH-469/1,Mehrauli Dehat,NH-44 Expansion,Section 19 (Declaration),2023-10-23,436,-71,1,0,Pending,0.86,26.0,175,High,red
KH-964/2,Bhatinda Khurd,PMGSY Phase-3 Link Road,Award Enquiry,2024-04-11,265,100,1,0,Pending,1.03,14.3,261,Critical,red
KH-490/6,Kalyanpur,PMGSY Phase-3 Link Road,Section 11 (Notice),2024-08-05,149,216,0,0,Not Required,0.71,0.0,0,Low,green
KH-677/1,Kalyanpur,NH-44 Expansion,Section 11 (Notice),2024-01-10,357,8,1,1,Not Required,0.64,0.0,522,Critical,red
KH-938/9,Mehrauli Dehat,PMGSY Phase-3 Link Road,Possession Taken,2024-08-19,135,230,1,1,Not Required,0.73,100.0,351,Critical,green
KH-919/3,Rampur,PMGSY Phase-3 Link Road,Section 15 (Hearing),2024-09-23,100,265,0,1,Not Required,1.08,0.0,182,Critical,red
KH-799/7,Kalyanpur,Delhi-Amritsar Expressway,Possession Taken,2024-08-07,147,218,1,0,Pending,0.62,100.0,158,High,green
KH-433/5,Sultanpur,PMGSY Phase-3 Link Road,Section 11 (Notice),2023-11-11,417,-52,1,1,Not Required,0.89,0.0,556,Critical,red
KH-253/3,Sultanpur,NH-44 Expansion,Section 11 (Notice),2024-03-04,303,62,1,0,Not Required,0.95,0.0,139,High,red
KH-770/8,Sultanpur,PMGSY Phase-3 Link Road,Section 11 (Notice),2024-09-20,103,262,1,0,Approved,0.59,0.0,201,Critical,red
KH-139/7,Bhatinda Khurd,Delhi-Amritsar Expressway,Section 11 (Notice),2023-12-02,396,-31,0,0,Not Required,0.73,0.0,0,Low,green
KH-445/5,Bhatinda Khurd,Dedicated Freight Corridor,Award Enquiry,2023-12-27,371,-6,1,0,Approved,0.88,39.0,110,High,red
KH-375/7,Sultanpur,NH-44 Expansion,Section 15 (Hearing),2024-05-05,241,124,0,0,Approved,0.55,0.0,96,High,red
KH-988/6,Shahpur,NH-44 Expansion,Possession Taken,2023-11-08,420,-55,1,0,Approved,0.51,100.0,219,Critical,green
KH-971/9,Sultanpur,NH-44 Expansion,Section 15 (Hearing),2024-09-10,113,252,1,0,Not Required,1.01,0.0,126,High,red
KH-567/1,Bhatinda Khurd,Delhi-Amritsar Expressway,Section 19 (Declaration),2024-06-12,203,162,0,0,Not Required,0.98,62.8,3,Low,green
KH-131/4,Bhatinda Khurd,PMGSY Phase-3 Link Road,Possession Taken,2024-05-03,243,122,1,0,Pending,0.52,100.0,322,Critical,green
KH-364/2,Bhatinda Khurd,NH-44 Expansion,Award Enquiry,2024-11-22,40,325,1,1,Not Required,0.51,25.0,400,Critical,red
KH-767/7,Sultanpur,NH-44 Expansion,Section 11 (Notice),2024-04-19,257,108,1,0,Not Required,1.04,0.0,153,High,red
KH-412/5,Mehrauli Dehat,PMGSY Phase-3 Link Road,Section 19 (Declaration),2024-04-26,250,115,0,0,Pending,0.58,60.3,194,Critical,red
KH-204/1,Sultanpur,Dedicated Freight Corridor,Possession Taken,2024-01-21,346,19,1,0,Not Required,0.82,100.0,120,High,green
KH-165/6,Bhatinda Khurd,Dedicated Freight Corridor,Section 19 (Declaration),2024-08-06,148,217,1,0,Not Required,0.86,38.3,166,High,red
KH-883/4,Rampur,PMGSY Phase-3 Link Road,Section 19 (Declaration),2024-01-04,363,2,0,0,Not Required,0.5,31.7,72,Medium,yellow
KH-136/4,Bhatinda Khurd,Delhi-Amritsar Expressway,Possession Taken,2024-01-26,341,24,0,0,Not Required,0.95,100.0,1,Low,green
KH-960/9,Kalyanpur,Dedicated Freight Corridor,Section 11 (Notice),2024-04-20,256,109,1,0,Not Required,0.49,0.0,211,Critical,red
KH-796/6,Fatehpur,NH-44 Expansion,Section 15 (Hearing),2024-06-19,196,169,1,0,Pending,0.56,0.0,273,Critical,red
KH-574/2,Mehrauli Dehat,NH-44 Expansion,Possession Taken,2024-02-24,312,53,1,0,Not Required,1.06,100.0,98,High,green
KH-222/7,Sultanpur,Dedicated Freight Corridor,Award Enquiry,2024-11-20,42,323,1,1,Not Required,1.01,10.3,346,Critical,red
KH-568/3,Bhatinda Khurd,Delhi-Amritsar Expressway,Section 11 (Notice),2024-04-12,264,101,0,0,Pending,0.63,0.0,65,Medium,yellow
KH-562/5,Kalyanpur,Delhi-Amritsar Expressway,Possession Taken,2023-11-22,406,-41,0,1,Approved,0.51,100.0,233,Critical,green
KH-513/7,Mehrauli Dehat,PMGSY Phase-3 Link Road,Section 11 (Notice),2024-11-28,34,331,0,0,Not Required,0.77,0.0,0,Low,green
KH-104/4,Kalyanpur,Dedicated Freight Corridor,Section 19 (Declaration),2024-10-12,81,284,0,0,Not Required,0.47,62.7,56,Medium,yellow
KH-845/9,Sultanpur,Dedicated Freight Corridor,Award Enquiry,2024-01-01,366,-1,1,0,Not Required,1.1,17.0,147,High,red
KH-931/7,Rampur,Delhi-Amritsar Expressway,Section 15 (Hearing),2023-12-11,387,-22,1,1,Pending,1.09,0.0,369,Critical,red
KH-828/1,Mehrauli Dehat,Dedicated Freight Corridor,Possession Taken,2024-02-02,334,31,1,0,Not Required,0.43,100.0,181,Critical,green
KH-358/8,Fatehpur,Delhi-Amritsar Expressway,Section 15 (Hearing),2023-12-28,370,-5,1,0,Not Required,0.88,0.0,75,Medium,yellow
KH-778/9,Bhatinda Khurd,Delhi-Amritsar Expressway,Award Enquiry,2023-10-19,440,-75,1,0,Not Required,1.03,22.9,156,High,red
KH-304/5,Shahpur,Delhi-Amritsar Expressway,Section 19 (Declaration),2023-12-23,375,-10,0,0,Approved,0.69,40.4,13,Low,green
KH-804/8,Bhatinda Khurd,Delhi-Amritsar Expressway,Section 11 (Notice),2024-12-11,21,344,0,0,Not Required,0.87,0.0,5,Low,green
KH-192/9,Rampur,NH-44 Expansion,Section 19 (Declaration),2024-01-23,344,21,0,1,Pending,0.56,94.3,363,Critical,red
KH-536/2,Rampur,NH-44 Expansion,Section 11 (Notice),2024-10-08,85,280,1,0,Approved,0.86,0.0,69,Medium,yellow
KH-736/5,Fatehpur,NH-44 Expansion,Section 19 (Declaration),2023-10-27,432,-67,0,0,Not Required,0.64,37.4,0,Low,green
KH-955/7,Fatehpur,PMGSY Phase-3 Link Road,Award Enquiry,2024-01-20,347,18,0,0,Approved,1.02,40.8,0,Low,green
KH-548/3,Sultanpur,PMGSY Phase-3 Link Road,Section 19 (Declaration),2024-02-08,328,37,0,0,Not Required,0.42,74.5,52,Medium,yellow
KH-521/8,Rampur,NH-44 Expansion,Section 19 (Declaration),2024-01-17,350,15,1,0,Pending,0.62,29.7,285,Critical,red
KH-678/4,Fatehpur,Dedicated Freight Corridor,Possession Taken,2024-03-25,282,83,0,0,Approved,0.88,100.0,5,Low,green
KH-844/4,Mehrauli Dehat,Dedicated Freight Corridor,Award Enquiry,2024-10-02,91,274,1,0,Approved,0.99,24.5,146,High,red
KH-346/6,Bhatinda Khurd,NH-44 Expansion,Possession Taken,2024-08-25,129,236,0,0,Pending,0.79,100.0,80,Medium,green
KH-570/8,Shahpur,PMGSY Phase-3 Link Road,Section 11 (Notice),2024-04-06,270,95,1,0,Pending,0.71,0.0,193,Critical,red
KH-662/1,Shahpur,NH-44 Expansion,Possession Taken,2024-02-05,331,34,1,0,Pending,0.85,100.0,227,Critical,green
KH-449/6,Shahpur,NH-44 Expansion,Section 15 (Hearing),2023-10-12,447,-82,1,0,Approved,0.72,0.0,178,High,red
KH-833/6,Fatehpur,PMGSY Phase-3 Link Road,Section 11 (Notice),2024-10-29,64,301,1,0,Pending,0.93,0.0,154,High,red
KH-919/5,Sultanpur,Dedicated Freight Corridor,Section 11 (Notice),2024-11-24,38,327,1,0,Pending,1.03,0.0,253,Critical,red
KH-519/2,Bhatinda Khurd,Delhi-Amritsar Expressway,Section 15 (Hearing),2024-10-17,76,289,0,0,Approved,1.05,0.0,0,Low,green
KH-900/4,Fatehpur,Dedicated Freight Corridor,Section 11 (Notice),2023-11-26,402,-37,0,0,Pending,0.69,0.0,229,Critical,red
KH-226/8,Mehrauli Dehat,Delhi-Amritsar Expressway,Award Enquiry,2024-12-15,17,348,0,0,Not Required,0.77,33.2,0,Low,green
KH-281/3,Fatehpur,Delhi-Amritsar Expressway,Section 11 (Notice),2024-06-02,213,152,0,1,Approved,0.86,0.0,232,Critical,red
KH-723/4,Bhatinda Khurd,PMGSY Phase-3 Link Road,Section 19 (Declaration),2024-07-20,165,200,0,0,Approved,0.72,38.7,0,Low,green
KH-866/9,Bhatinda Khurd,Dedicated Freight Corridor,Possession Taken,2024-01-29,338,27,1,0,Approved,0.55,100.0,217,Critical,green
KH-788/3,Fatehpur,Delhi-Amritsar Expressway,Possession Taken,2024-03-15,292,73,0,1,Not Required,0.89,100.0,254,Critical,green
KH-675/8,Sultanpur,PMGSY Phase-3 Link Road,Possession Taken,2024-07-24,161,204,0,1,Not Required,1.01,100.0,274,Critical,green
KH-125/7,Kalyanpur,NH-44 Expansion,Section 11 (Notice),2024-09-06,117,248,1,0,Not Required,0.59,0.0,178,High,red
KH-163/5,Kalyanpur,NH-44 Expansion,Section 19 (Declaration),2023-10-28,431,-66,0,0,Not Required,0.72,70.0,10,Low,green
KH-329/9,Mehrauli Dehat,Delhi-Amritsar Expressway,Possession Taken,2023-11-12,416,-51,0,0,Approved,0.96,100.0,16,Low,green
KH-148/7,Mehrauli Dehat,PMGSY Phase-3 Link Road,Section 19 (Declaration),2024-03-10,297,68,0,0,Pending,0.44,78.3,154,High,red
KH-748/6,Shahpur,Delhi-Amritsar Expressway,Section 15 (Hearing),2024-07-20,165,200,1,0,Not Required,0.71,0.0,183,Critical,red
KH-141/7,Bhatinda Khurd,Dedicated Freight Corridor,Section 15 (Hearing),2024-09-26,97,268,1,0,Not Required,0.81,0.0,149,High,red
KH-892/5,Mehrauli Dehat,Dedicated Freight Corridor,Section 11 (Notice),2023-11-12,416,-51,0,0,Approved,0.9,0.0,15,Low,green
KH-633/2,Shahpur,Delhi-Amritsar Expressway,Award Enquiry,2024-03-14,293,72,1,0,Not Required,0.78,8.2,147,High,red
KH-439/6,Bhatinda Khurd,Delhi-Amritsar Expressway,Possession Taken,2024-03-21,286,79,1,0,Not Required,0.73,100.0,146,High,green
KH-728/4,Rampur,Dedicated Freight Corridor,Award Enquiry,2023-11-06,422,-57,0,0,Approved,1.06,55.1,1,Low,green
KH-629/6,Sultanpur,PMGSY Phase-3 Link Road,Award Enquiry,2024-11-25,37,328,0,0,Approved,0.61,72.3,0,Low,green
KH-198/3,Shahpur,NH-44 Expansion,Section 11 (Notice),2024-09-01,122,243,1,0,Pending,0.87,0.0,261,Critical,red
KH-310/9,Shahpur,PMGSY Phase-3 Link Road,Section 11 (Notice),2023-12-01,397,-32,0,0,Pending,0.88,0.0,159,High,red
KH-189/2,Rampur,Delhi-Amritsar Expressway,Section 19 (Declaration),2024-03-07,300,65,0,0,Not Required,0.45,83.4,56,Medium,yellow
KH-514/7,Bhatinda Khurd,NH-44 Expansion,Award Enquiry,2024-01-08,359,6,0,1,Not Required,0.48,30.4,240,Critical,red
KH-396/5,Sultanpur,NH-44 Expansion,Section 19 (Declaration),2023-11-22,406,-41,1,0,Not Required,1.05,18.3,145,High,red
KH-915/9,Bhatinda Khurd,Delhi-Amritsar Expressway,Section 19 (Declaration),2024-01-06,361,4,0,0,Not Required,1.02,92.7,26,Low,green
KH-111/9,Shahpur,Delhi-Amritsar Expressway,Section 11 (Notice),2024-11-26,36,329,1,0,Pending,0.4,0.0,331,Critical,red
KH-315/6,Kalyanpur,PMGSY Phase-3 Link Road,Possession Taken,2024-10-06,87,278,0,0,Approved,0.51,100.0,63,Medium,green
KH-217/3,Fatehpur,NH-44 Expansion,Possession Taken,2024-04-25,251,114,1,0,Approved,0.85,100.0,93,High,green
KH-200/4,Fatehpur,PMGSY Phase-3 Link Road,Section 19 (Declaration),2024-06-18,197,168,0,0,Not Required,0.49,72.6,45,Medium,yellow
KH-298/6,Mehrauli Dehat,PMGSY Phase-3 Link Road,Section 19 (Declaration),2024-02-06,330,35,1,0,Approved,0.86,29.3,111,High,red
KH-423/7,Kalyanpur,NH-44 Expansion,Section 19 (Declaration),2024-08-13,141,224,0,0,Not Required,0.95,76.3,5,Low,green
KH-468/3,Fatehpur,Dedicated Freight Corridor,Award Enquiry,2024-04-25,251,114,1,0,Not Required,0.71,32.1,153,High,red
KH-721/2,Shahpur,Dedicated Freight Corridor,Section 15 (Hearing),2024-03-17,290,75,0,0,Approved,0.54,0.0,59,Medium,yellow
KH-131/7,Shahpur,Delhi-Amritsar Expressway,Section 11 (Notice),2024-03-10,297,68,0,0,Not Required,0.58,0.0,75,Medium,yellow
KH-474/7,Kalyanpur,Dedicated Freight Corridor,Section 15 (Hearing),2024-04-24,252,113,0,0,Not Required,0.75,0.0,0,Low,green
KH-110/4,Shahpur,Delhi-Amritsar Expressway,Possession Taken,2024-10-07,86,279,0,0,Approved,0.71,100.0,11,Low,green
KH-467/1,Kalyanpur,PMGSY Phase-3 Link Road,Section 15 (Hearing),2024-11-15,47,318,0,0,Pending,0.59,0.0,129,High,red
KH-910/6,Mehrauli Dehat,PMGSY Phase-3 Link Road,Award Enquiry,2024-11-24,38,327,1,0,Not Required,0.43,27.7,170,High,red
KH-692/9,Sultanpur,Delhi-Amritsar Expressway,Award Enquiry,2024-01-18,349,16,0,0,Pending,0.66,68.2,134,High,red
KH-485/4,Sultanpur,PMGSY Phase-3 Link Road,Section 19 (Declaration),2023-10-26,433,-68,0,0,Approved,1.01,61.6,0,Low,green
KH-613/3,Mehrauli Dehat,Delhi-Amritsar Expressway,Section 15 (Hearing),2024-11-08,54,311,1,0,Not Required,0.76,0.0,115,High,red
KH-470/2,Fatehpur,Delhi-Amritsar Expressway,Award Enquiry,2023-10-29,430,-65,0,0,Not Required,0.63,37.4,8,Low,green
KH-704/3,Fatehpur,PMGSY Phase-3 Link Road,Section 11 (Notice),2024-08-15,139,226,0,0,Not Required,0.43,0.0,83,Medium,yellow
KH-624/1,Sultanpur,Delhi-Amritsar Expressway,Section 11 (Notice),2024-09-23,100,265,0,0,Approved,0.58,0.0,56,Medium,yellow
KH-677/1,Fatehpur,Dedicated Freight Corridor,Section 11 (Notice),2024-08-29,125,240,1,0,Not Required,0.71,0.0,161,High,red
KH-950/7,Sultanpur,Delhi-Amritsar Expressway,Possession Taken,2023-10-24,435,-70,0,0,Approved,0.94,100.0,6,Low,green
KH-271/6,Mehrauli Dehat,NH-44 Expansion,Section 15 (Hearing),2024-06-07,208,157,1,0,Pending,0.67,0.0,164,High,red
KH-253/2,Kalyanpur,PMGSY Phase-3 Link Road,Possession Taken,2024-02-14,322,43,0,0,Approved,0.43,100.0,79,Medium,green
KH-593/3,Sultanpur,NH-44 Expansion,Award Enquiry,2024-03-25,282,83,1,0,Pending,0.69,35.6,242,Critical,red
KH-593/7,Bhatinda Khurd,NH-44 Expansion,Award Enquiry,2024-10-10,83,282,0,0,Not Required,0.58,79.8,47,Medium,yellow
KH-826/1,Sultanpur,NH-44 Expansion,Possession Taken,2024-12-14,18,347,1,0,Pending,0.66,100.0,233,Critical,green
KH-209/3,Mehrauli Dehat,Dedicated Freight Corridor,Section 19 (Declaration),2024-03-18,289,76,0,0,Approved,0.7,53.8,0,Low,green
KH-873/4,Mehrauli Dehat,PMGSY Phase-3 Link Road,Section 15 (Hearing),2024-06-11,204,161,1,0,Not Required,0.79,0.0,141,High,red
KH-452/7,Fatehpur,Delhi-Amritsar Expressway,Section 11 (Notice),2023-12-01,397,-32,0,0,Pending,0.56,0.0,300,Critical,red
KH-920/9,Sultanpur,NH-44 Expansion,Section 15 (Hearing),2024-06-01,214,151,0,1,Not Required,1.08,0.0,149,High,red
KH-190/2,Bhatinda Khurd,Delhi-Amritsar Expressway,Section 19 (Declaration),2024-11-07,55,310,0,0,Approved,0.83,77.1,18,Low,green
KH-771/9,Bhatinda Khurd,NH-44 Expansion,Section 15 (Hearing),2024-01-25,342,23,0,0,Approved,0.75,0.0,23,Low,green
KH-299/1,Shahpur,Delhi-Amritsar Expressway,Possession Taken,2024-09-22,101,264,0,1,Pending,0.87,100.0,302,Critical,green
KH-509/6,Fatehpur,PMGSY Phase-3 Link Road,Award Enquiry,2024-02-21,315,50,1,0,Approved,0.54,5.5,252,Critical,red
KH-843/9,Sultanpur,Dedicated Freight Corridor,Section 19 (Declaration),2023-10-27,432,-67,0,0,Not Required,0.59,69.4,55,Medium,yellow
KH-104/5,Kalyanpur,PMGSY Phase-3 Link Road,Possession Taken,2024-10-24,69,296,0,0,Approved,0.79,100.0,0,Low,green
KH-219/9,Bhatinda Khurd,Dedicated Freight Corridor,Award Enquiry,2024-06-07,208,157,1,0,Not Required,0.79,31.9,154,High,red
KH-571/1,Mehrauli Dehat,NH-44 Expansion,Section 19 (Declaration),2024-11-13,49,316,0,1,Not Required,0.67,81.3,211,Critical,red
KH-423/7,Bhatinda Khurd,NH-44 Expansion,Section 19 (Declaration),2024-08-12,142,223,1,0,Not Required,0.6,19.0,132,High,red
KH-687/5,Kalyanpur,Delhi-Amritsar Expressway,Award Enquiry,2023-12-06,392,-27,1,0,Pending,0.54,30.7,244,Critical,red
KH-733/6,Kalyanpur,NH-44 Expansion,Section 11 (Notice),2024-11-07,55,310,1,0,Not Required,0.87,0.0,173,High,red
KH-977/9,Rampur,PMGSY Phase-3 Link Road,Section 19 (Declaration),2024-02-04,332,33,0,1,Not Required,0.62,88.4,315,Critical,red
KH-882/9,Bhatinda Khurd,PMGSY Phase-3 Link Road,Section 15 (Hearing),2023-11-29,399,-34,0,0,Approved,0.8,0.0,0,Low,green
KH-614/6,Mehrauli Dehat,Delhi-Amritsar Expressway,Award Enquiry,2024-10-17,76,289,0,0,Pending,0.89,59.9,100,High,red
KH-470/5,Kalyanpur,Dedicated Freight Corridor,Section 15 (Hearing),2024-08-02,152,213,0,0,Pending,0.73,0.0,94,High,red
KH-534/4,Mehrauli Dehat,Dedicated Freight Corridor,Section 19 (Declaration),2024-05-26,220,145,0,0,Not Required,0.6,41.7,0,Low,green
KH-334/2,Fatehpur,Dedicated Freight Corridor,Section 15 (Hearing),2024-03-08,299,66,0,0,Not Required,0.7,0.0,0,Low,green
KH-856/3,Mehrauli Dehat,NH-44 Expansion,Section 15 (Hearing),2024-05-16,230,135,0,0,Approved,0.75,0.0,1,Low,green
KH-904/8,Bhatinda Khurd,Dedicated Freight Corridor,Possession Taken,2024-03-02,305,60,0,0,Pending,0.43,100.0,143,High,green
KH-360/8,Shahpur,NH-44 Expansion,Award Enquiry,2023-12-02,396,-31,0,0,Not Required,0.63,53.5,22,Low,green
KH-363/6,Rampur,PMGSY Phase-3 Link Road,Section 11 (Notice),2024-06-21,194,171,1,0,Pending,1.01,0.0,244,Critical,red
KH-651/3,Shahpur,Dedicated Freight Corridor,Section 19 (Declaration),2024-07-04,181,184,0,0,Not Required,0.87,61.7,0,Low,green
KH-746/3,Shahpur,Delhi-Amritsar Expressway,Section 19 (Declaration),2024-05-16,230,135,0,0,Not Required,0.84,67.2,0,Low,green
KH-424/5,Fatehpur,Dedicated Freight Corridor,Possession Taken,2024-01-22,345,20,1,0,Not Required,0.68,100.0,159,High,green
KH-561/7,Kalyanpur,Delhi-Amritsar Expressway,Section 11 (Notice),2024-10-14,79,286,0,0,Not Required,0.91,0.0,5,Low,green
KH-270/7,Rampur,NH-44 Expansion,Section 11 (Notice),2024-04-19,257,108,0,0,Approved,0.78,0.0,0,Low,green
KH-883/2,Rampur,Dedicated Freight Corridor,Possession Taken,2024-09-29,94,271,1,0,Pending,0.46,100.0,267,Critical,green
KH-741/3,Kalyanpur,Delhi-Amritsar Expressway,Section 11 (Notice),2024-11-30,32,333,1,0,Pending,0.86,0.0,221,Critical,red
KH-653/5,Sultanpur,PMGSY Phase-3 Link Road,Section 15 (Hearing),2023-12-26,372,-7,0,0,Not Required,0.78,0.0,4,Low,green
KH-866/7,Sultanpur,Dedicated Freight Corridor,Section 19 (Declaration),2024-04-15,261,104,0,0,Pending,0.78,82.3,79,Medium,yellow
KH-259/5,Rampur,NH-44 Expansion,Possession Taken,2023-10-27,432,-67,0,0,Not Required,0.93,100.0,0,Low,green
KH-647/1,Fatehpur,PMGSY Phase-3 Link Road,Award Enquiry,2024-07-17,168,197,1,0,Approved,0.41,20.1,204,Critical,red
KH-674/7,Mehrauli Dehat,Delhi-Amritsar Expressway,Section 15 (Hearing),2023-12-17,381,-16,0,0,Pending,0.92,0.0,94,High,red
KH-181/7,Fatehpur,Delhi-Amritsar Expressway,Possession Taken,2023-11-22,406,-41,1,0,Pending,0.96,100.0,285,Critical,green
KH-764/9,Shahpur,Dedicated Freight Corridor,Award Enquiry,2024-09-12,111,254,0,0,Not Required,1.0,41.9,0,Low,green
KH-732/8,Bhatinda Khurd,PMGSY Phase-3 Link Road,Section 15 (Hearing),2024-07-06,179,186,0,0,Approved,0.41,0.0,64,Medium,yellow
KH-228/8,Fatehpur,NH-44 Expansion,Section 15 (Hearing),2024-11-01,61,304,0,0,Not Required,0.51,0.0,63,Medium,yellow
KH-904/8,Bhatinda Khurd,PMGSY Phase-3 Link Road,Section 11 (Notice),2024-07-01,184,181,1,0,Approved,0.46,0.0,146,High,red
KH-656/8,Kalyanpur,Delhi-Amritsar Expressway,Section 19 (Declaration),2023-10-26,433,-68,1,0,Approved,0.67,5.4,91,High,red
KH-196/9,Fatehpur,Delhi-Amritsar Expressway,Award Enquiry,2024-06-01,214,151,0,0,Not Required,0.88,50.3,0,Low,green
KH-143/9,Sultanpur,NH-44 Expansion,Section 19 (Declaration),2024-04-15,261,104,1,0,Pending,0.85,12.0,198,Critical,red
KH-115/3,Shahpur,Dedicated Freight Corridor,Possession Taken,2024-10-17,76,289,1,0,Approved,0.68,100.0,134,High,green
KH-710/3,Bhatinda Khurd,NH-44 Expansion,Section 15 (Hearing),2024-09-28,95,270,1,0,Not Required,0.75,0.0,221,Critical,red
KH-877/1,Rampur,Dedicated Freight Corridor,Section 15 (Hearing),2023-12-24,374,-9,1,0,Approved,0.78,0.0,90,High,red
KH-671/6,Shahpur,PMGSY Phase-3 Link Road,Section 15 (Hearing),2024-12-07,25,340,0,0,Not Required,0.88,0.0,0,Low,green
KH-140/8,Fatehpur,PMGSY Phase-3 Link Road,Possession Taken,2024-07-20,165,200,1,0,Approved,0.78,100.0,142,High,green
KH-456/6,Fatehpur,PMGSY Phase-3 Link Road,Section 19 (Declaration),2023-10-19,440,-75,1,0,Pending,0.82,35.1,175,High,red
KH-939/5,Sultanpur,Dedicated Freight Corridor,Award Enquiry,2024-12-17,15,350,0,0,Approved,0.94,62.9,4,Low,green
KH-735/4,Bhatinda Khurd,NH-44 Expansion,Possession Taken,2023-10-25,434,-69,0,0,Pending,0.67,100.0,113,High,green
KH-257/5,Bhatinda Khurd,PMGSY Phase-3 Link Road,Section 19 (Declaration),2024-10-22,71,294,0,0,Approved,0.47,72.8,56,Medium,yellow
KH-994/1,Kalyanpur,NH-44 Expansion,Award Enquiry,2024-09-10,113,252,1,0,Approved,0.47,25.0,225,Critical,red
KH-704/5,Rampur,Dedicated Freight Corridor,Section 15 (Hearing),2024-02-11,325,40,0,0,Not Required,0.9,0.0,16,Low,green
KH-754/1,Bhatinda Khurd,PMGSY Phase-3 Link Road,Section 19 (Declaration),2023-11-07,421,-56,0,0,Not Required,0.9,83.5,0,Low,green
KH-321/9,Rampur,NH-44 Expansion,Section 15 (Hearing),2024-03-20,287,78,0,0,Approved,0.67,0.0,0,Low,green
KH-683/3,Sultanpur,PMGSY Phase-3 Link Road,Section 11 (Notice),2023-11-21,407,-42,0,0,Not Required,0.85,0.0,0,Low,green
KH-781/7,Rampur,Delhi-Amritsar Expressway,Section 15 (Hearing),2024-03-11,296,69,0,0,Not Required,0.68,0.0,0,Low,green
KH-714/8,Bhatinda Khurd,Dedicated Freight Corridor,Possession Taken,2024-07-04,181,184,0,0,Approved,0.99,100.0,0,Low,green
KH-945/6,Sultanpur,Delhi-Amritsar Expressway,Possession Taken,2024-03-13,294,71,0,0,Pending,0.55,100.0,203,Critical,green
KH-563/8,Mehrauli Dehat,NH-44 Expansion,Section 11 (Notice),2024-07-25,160,205,0,0,Not Required,0.82,0.0,0,Low,green
KH-327/4,Shahpur,Dedicated Freight Corridor,Section 11 (Notice),2023-11-18,410,-45,0,0,Not Required,0.98,0.0,6,Low,green
KH-666/9,Sultanpur,Delhi-Amritsar Expressway,Section 11 (Notice),2024-11-28,34,331,0,0,Approved,0.72,0.0,0,Low,green
KH-696/4,Kalyanpur,Dedicated Freight Corridor,Section 19 (Declaration),2024-10-31,62,303,1,0,Approved,0.8,24.9,138,High,red
KH-911/8,Kalyanpur,PMGSY Phase-3 Link Road,Possession Taken,2023-10-25,434,-69,1,0,Not Required,1.04,100.0,169,High,green
KH-927/7,Rampur,NH-44 Expansion,Section 19 (Declaration),2024-06-22,193,172,0,0,Pending,1.02,58.2,98,High,red
KH-716/1,Fatehpur,PMGSY Phase-3 Link Road,Section 11 (Notice),2024-07-14,171,194,0,1,Not Required,0.77,0.0,232,Critical,red
KH-614/4,Kalyanpur,NH-44 Expansion,Award Enquiry,2024-05-03,243,122,1,0,Not Required,0.93,25.1,90,High,red
KH-503/3,Kalyanpur,Dedicated Freight Corridor,Section 11 (Notice),2024-04-18,258,107,0,0,Not Required,0.8,0.0,0,Low,green
KH-187/7,Sultanpur,PMGSY Phase-3 Link Road,Section 15 (Hearing),2023-11-23,405,-40,0,0,Approved,0.49,0.0,67,Medium,yellow
KH-685/4,Sultanpur,Delhi-Amritsar Expressway,Section 15 (Hearing),2024-11-11,51,314,0,0,Approved,0.59,0.0,68,Medium,yellow
KH-428/6,Sultanpur,NH-44 Expansion,Section 19 (Declaration),2024-09-22,101,264,0,0,Not Required,1.09,70.1,22,Low,green
KH-249/8,Rampur,Delhi-Amritsar Expressway,Section 15 (Hearing),2024-01-02,365,0,0,0,Not Required,0.66,0.0,0,Low,green
KH-123/6,Kalyanpur,Delhi-Amritsar Expressway,Section 15 (Hearing),2024-03-13,294,71,0,0,Not Required,0.77,0.0,0,Low,green
KH-847/3,Fatehpur,NH-44 Expansion,Award Enquiry,2024-02-23,313,52,0,0,Pending,1.03,64.2,64,Medium,yellow
KH-908/5,Rampur,PMGSY Phase-3 Link Road,Section 11 (Notice),2024-11-13,49,316,0,0,Approved,0.67,0.0,0,Low,green
KH-775/6,Shahpur,NH-44 Expansion,Section 11 (Notice),2024-07-21,164,201,0,0,Pending,1.01,0.0,101,High,red
KH-423/8,Shahpur,NH-44 Expansion,Section 15 (Hearing),2024-09-07,116,249,0,0,Pending,0.75,0.0,94,High,red
KH-140/4,Sultanpur,Dedicated Freight Corridor,Section 19 (Declaration),2024-04-11,265,100,0,0,Approved,0.68,40.2,0,Low,green
KH-740/5,Kalyanpur,Dedicated Freight Corridor,Section 11 (Notice),2024-02-01,335,30,0,0,Pending,0.58,0.0,219,Critical,red
KH-502/3,Rampur,PMGSY Phase-3 Link Road,Possession Taken,2024-01-05,362,3,0,0,Approved,0.83,100.0,4,Low,green
KH-346/3,Mehrauli Dehat,Dedicated Freight Corridor,Possession Taken,2024-07-02,183,182,0,0,Not Required,0.71,100.0,0,Low,green
KH-694/9,Fatehpur,Delhi-Amritsar Expressway,Section 15 (Hearing),2024-07-12,173,192,1,0,Approved,0.88,0.0,175,High,red
KH-888/3,Fatehpur,Delhi-Amritsar Expressway,Section 19 (Declaration),2024-11-13,49,316,0,0,Not Required,0.79,91.7,0,Low,green
KH-249/1,Shahpur,Dedicated Freight Corridor,Award Enquiry,2024-05-21,225,140,1,0,Not Required,0.61,31.1,186,Critical,red
KH-897/4,Rampur,Delhi-Amritsar Expressway,Section 15 (Hearing),2024-12-04,28,337,0,0,Approved,0.93,0.0,3,Low,green
KH-680/4,Sultanpur,Delhi-Amritsar Expressway,Section 15 (Hearing),2024-01-01,366,-1,0,0,Not Required,0.42,0.0,59,Medium,yellow
KH-614/8,Fatehpur,Dedicated Freight Corridor,Section 15 (Hearing),2024-06-02,213,152,0,0,Not Required,0.74,0.0,0,Low,green
KH-133/7,Shahpur,NH-44 Expansion,Section 19 (Declaration),2024-05-20,226,139,1,0,Approved,0.56,28.5,172,High,red
KH-568/4,Mehrauli Dehat,PMGSY Phase-3 Link Road,Section 11 (Notice),2024-02-10,326,39,0,0,Approved,0.91,0.0,0,Low,green
KH-726/9,Sultanpur,NH-44 Expansion,Possession Taken,2024-10-23,70,295,1,1,Not Required,0.72,100.0,307,Critical,green
KH-852/1,Sultanpur,PMGSY Phase-3 Link Road,Possession Taken,2023-11-22,406,-41,0,0,Approved,0.84,100.0,0,Low,green
KH-507/5,Shahpur,Dedicated Freight Corridor,Award Enquiry,2024-09-23,100,265,0,0,Not Required,0.7,69.9,0,Low,green
KH-245/8,Shahpur,PMGSY Phase-3 Link Road,Section 11 (Notice),2023-12-14,384,-19,1,0,Not Required,0.75,0.0,218,Critical,red
KH-523/6,Mehrauli Dehat,NH-44 Expansion,Section 15 (Hearing),2024-04-29,247,118,0,0,Not Required,0.81,0.0,6,Low,green
KH-565/2,Bhatinda Khurd,Dedicated Freight Corridor,Section 15 (Hearing),2023-12-16,382,-17,0,0,Pending,0.91,0.0,46,Medium,yellow
KH-471/2,Sultanpur,PMGSY Phase-3 Link Road,Possession Taken,2024-02-08,328,37,0,0,Pending,1.06,100.0,85,Medium,green
KH-274/6,Sultanpur,Delhi-Amritsar Expressway,Section 15 (Hearing),2024-10-04,89,276,1,0,Not Required,0.53,0.0,148,High,red
KH-556/5,Fatehpur,Delhi-Amritsar Expressway,Section 11 (Notice),2024-10-11,82,283,0,0,Pending,1.07,0.0,64,Medium,yellow
KH-569/8,Shahpur,PMGSY Phase-3 Link Road,Possession Taken,2023-10-31,428,-63,1,0,Approved,0.4,100.0,191,Critical,green
KH-564/7,Mehrauli Dehat,NH-44 Expansion,Possession Taken,2024-02-14,322,43,0,0,Approved,0.4,100.0,64,Medium,green
KH-939/4,Rampur,Delhi-Amritsar Expressway,Section 15 (Hearing),2024-11-19,43,322,1,0,Approved,0.86,0.0,99,High,red
KH-439/2,Rampur,NH-44 Expansion,Award Enquiry,2024-09-17,106,259,0,0,Not Required,0.51,48.5,99,High,red
KH-906/9,Kalyanpur,PMGSY Phase-3 Link Road,Possession Taken,2024-06-16,199,166,0,0,Not Required,1.05,100.0,0,Low,green
KH-477/7,Shahpur,NH-44 Expansion,Award Enquiry,2023-10-13,446,-81,1,0,Pending,0.79,15.2,180,Critical,red
KH-639/7,Sultanpur,Delhi-Amritsar Expressway,Section 15 (Hearing),2024-02-08,328,37,0,0,Not Required,0.44,0.0,96,High,red
KH-189/8,Fatehpur,Dedicated Freight Corridor,Award Enquiry,2024-02-10,326,39,1,1,Approved,0.99,14.1,431,Critical,red
KH-608/9,Fatehpur,PMGSY Phase-3 Link Road,Award Enquiry,2023-10-31,428,-63,1,0,Approved,0.53,26.3,239,Critical,red
KH-673/4,Rampur,Delhi-Amritsar Expressway,Section 19 (Declaration),2024-08-09,145,220,0,0,Not Required,0.95,50.0,0,Low,green
KH-106/2,Fatehpur,Dedicated Freight Corridor,Section 19 (Declaration),2024-05-29,217,148,1,0,Approved,0.91,26.6,103,High,red
KH-953/6,Fatehpur,PMGSY Phase-3 Link Road,Award Enquiry,2023-11-05,423,-58,0,0,Not Required,0.42,38.8,84,Medium,yellow
KH-649/6,Mehrauli Dehat,PMGSY Phase-3 Link Road,Section 11 (Notice),2023-10-17,442,-77,0,0,Pending,0.76,0.0,204,Critical,red
KH-648/1,Kalyanpur,Dedicated Freight Corridor,Section 19 (Declaration),2024-11-14,48,317,0,0,Not Required,1.08,48.2,20,Low,green
KH-684/7,Kalyanpur,NH-44 Expansion,Section 19 (Declaration),2023-12-22,376,-11,0,0,Approved,1.0,76.1,0,Low,green
KH-998/4,Bhatinda Khurd,PMGSY Phase-3 Link Road,Section 19 (Declaration),2024-08-29,125,240,1,0,Pending,0.77,11.1,225,Critical,red
KH-918/8,Sultanpur,Delhi-Amritsar Expressway,Section 15 (Hearing),2024-06-26,189,176,1,0,Pending,1.05,0.0,244,Critical,red
KH-992/2,Shahpur,Delhi-Amritsar Expressway,Section 15 (Hearing),2023-12-13,385,-20,0,0,Not Required,0.43,0.0,80,Medium,yellow
KH-104/5,Rampur,NH-44 Expansion,Section 19 (Declaration),2024-04-22,254,111,1,0,Pending,1.02,8.6,269,Critical,red
KH-419/4,Bhatinda Khurd,Delhi-Amritsar Expressway,Section 15 (Hearing),2024-07-24,161,204,1,0,Not Required,0.59,0.0,209,Critical,red
KH-261/5,Rampur,NH-44 Expansion,Possession Taken,2024-03-06,301,64,0,0,Approved,0.76,100.0,0,Low,green
KH-426/5,Kalyanpur,Dedicated Freight Corridor,Possession Taken,2024-08-14,140,225,0,1,Approved,0.52,100.0,334,Critical,green
KH-151/3,Rampur,PMGSY Phase-3 Link Road,Section 11 (Notice),2024-10-24,69,296,1,0,Pending,0.67,0.0,178,High,red
KH-706/8,Sultanpur,Dedicated Freight Corridor,Section 19 (Declaration),2024-06-30,185,180,1,0,Approved,0.97,30.0,176,High,red
KH-921/8,Rampur,PMGSY Phase-3 Link Road,Section 19 (Declaration),2024-01-02,365,0,1,0,Approved,0.85,31.8,141,High,red
KH-981/5,Bhatinda Khurd,PMGSY Phase-3 Link Road,Section 15 (Hearing),2023-12-25,373,-8,0,0,Not Required,1.04,0.0,0,Low,green
KH-432/8,Mehrauli Dehat,NH-44 Expansion,Section 11 (Notice),2024-04-18,258,107,0,0,Not Required,0.48,0.0,73,Medium,yellow
KH-886/6,Sultanpur,Delhi-Amritsar Expressway,Possession Taken,2024-10-26,67,298,1,0,Pending,0.68,100.0,184,Critical,green
KH-409/9,Mehrauli Dehat,PMGSY Phase-3 Link Road,Possession Taken,2024-05-20,226,139,0,0,Approved,0.57,100.0,107,High,green
KH-493/2,Bhatinda Khurd,Delhi-Amritsar Expressway,Possession Taken,2024-05-11,235,130,0,0,Approved,0.95,100.0,0,Low,green
KH-657/4,Kalyanpur,NH-44 Expansion,Possession Taken,2023-10-16,443,-78,0,0,Approved,0.74,100.0,4,Low,green
KH-668/2,Shahpur,PMGSY Phase-3 Link Road,Section 15 (Hearing),2024-07-13,172,193,0,0,Approved,1.07,0.0,35,Medium,yellow
KH-488/6,Mehrauli Dehat,NH-44 Expansion,Section 11 (Notice),2024-08-28,126,239,0,0,Pending,0.97,0.0,124,High,red
KH-929/1,Shahpur,Delhi-Amritsar Expressway,Section 15 (Hearing),2024-04-30,246,119,0,0,Pending,0.77,0.0,89,Medium,yellow
KH-310/6,Bhatinda Khurd,Dedicated Freight Corridor,Award Enquiry,2023-12-16,382,-17,0,0,Not Required,1.09,52.4,21,Low,green
KH-230/5,Rampur,Dedicated Freight Corridor,Possession Taken,2024-11-20,42,323,0,0,Approved,0.4,100.0,92,High,green
KH-981/5,Shahpur,NH-44 Expansion,Section 15 (Hearing),2024-05-10,236,129,0,0,Pending,0.89,0.0,96,High,red
KH-515/7,Mehrauli Dehat,Delhi-Amritsar Expressway,Section 15 (Hearing),2024-04-18,258,107,1,0,Not Required,0.5,0.0,243,Critical,red
KH-527/3,Bhatinda Khurd,Delhi-Amritsar Expressway,Section 15 (Hearing),2024-12-12,20,345,0,0,Not Required,0.45,0.0,35,Medium,yellow
KH-925/7,Shahpur,PMGSY Phase-3 Link Road,Possession Taken,2024-05-14,232,133,0,1,Not Required,0.84,100.0,266,Critical,green
KH-560/7,Bhatinda Khurd,Delhi-Amritsar Expressway,Section 15 (Hearing),2024-05-14,232,133,0,0,Not Required,0.82,0.0,13,Low,green
KH-342/9,Bhatinda Khurd,PMGSY Phase-3 Link Road,Possession Taken,2024-02-26,310,55,1,0,Approved,0.66,100.0,99,High,green
KH-215/8,Fatehpur,NH-44 Expansion,Section 15 (Hearing),2023-12-10,388,-23,0,0,Not Required,0.91,0.0,13,Low,green
KH-180/9,Sultanpur,NH-44 Expansion,Section 15 (Hearing),2024-04-20,256,109,0,0,Approved,0.84,0.0,12,Low,green
KH-800/9,Shahpur,Dedicated Freight Corridor,Possession Taken,2024-11-20,42,323,0,0,Not Required,1.03,100.0,0,Low,green
KH-564/9,Mehrauli Dehat,Dedicated Freight Corridor,Award Enquiry,2024-06-20,195,170,0,0,Pending,1.07,81.9,49,Medium,yellow
KH-711/5,Fatehpur,Dedicated Freight Corridor,Section 11 (Notice),2024-01-30,337,28,1,1,Not Required,0.73,0.0,528,Critical,red
KH-393/8,Rampur,Delhi-Amritsar Expressway,Possession Taken,2024-11-08,54,311,0,0,Not Required,1.0,100.0,0,Low,green
KH-387/5,Shahpur,Dedicated Freight Corridor,Section 11 (Notice),2023-12-04,394,-29,1,0,Not Required,0.48,0.0,312,Critical,red
KH-478/3,Bhatinda Khurd,Delhi-Amritsar Expressway,Award Enquiry,2024-09-16,107,258,0,0,Approved,0.96,86.0,0,Low,green
KH-248/3,Shahpur,PMGSY Phase-3 Link Road,Award Enquiry,2023-11-19,409,-44,0,0,Not Required,0.67,72.9,6,Low,green
KH-691/6,Rampur,Dedicated Freight Corridor,Section 11 (Notice),2024-11-21,41,324,0,0,Pending,0.52,0.0,139,High,red
KH-870/9,Kalyanpur,PMGSY Phase-3 Link Road,Award Enquiry,2024-04-19,257,108,1,0,Not Required,0.58,23.6,163,High,red
KH-491/6,Sultanpur,NH-44 Expansion,Section 11 (Notice),2024-03-20,287,78,1,0,Not Required,0.85,0.0,153,High,red
KH-379/6,Bhatinda Khurd,Dedicated Freight Corridor,Section 11 (Notice),2024-08-09,145,220,1,0,Pending,0.86,0.0,257,Critical,red
KH-851/4,Sultanpur,Dedicated Freight Corridor,Section 15 (Hearing),2024-07-10,175,190,0,0,Approved,0.78,0.0,26,Low,green
KH-112/7,Rampur,NH-44 Expansion,Award Enquiry,2024-06-21,194,171,1,0,Approved,0.55,14.9,173,High,red
KH-222/2,Shahpur,Delhi-Amritsar Expressway,Award Enquiry,2024-01-16,351,14,0,0,Not Required,0.93,72.1,9,Low,green
KH-213/3,Bhatinda Khurd,Dedicated Freight Corridor,Award Enquiry,2024-01-14,353,12,1,0,Approved,1.06,27.4,147,High,red
KH-783/6,Bhatinda Khurd,Delhi-Amritsar Expressway,Section 11 (Notice),2024-07-29,156,209,0,0,Approved,0.94,0.0,0,Low,green
KH-161/5,Shahpur,Dedicated Freight Corridor,Section 15 (Hearing),2024-05-06,240,125,0,0,Not Required,0.45,0.0,60,Medium,yellow
KH-603/2,Kalyanpur,PMGSY Phase-3 Link Road,Section 15 (Hearing),2024-02-07,329,36,1,0,Not Required,0.85,0.0,152,High,red
KH-174/2,Sultanpur,Dedicated Freight Corridor,Award Enquiry,2024-12-08,24,341,0,0,Approved,1.03,39.7,5,Low,green
KH-816/6,Mehrauli Dehat,NH-44 Expansion,Possession Taken,2023-12-21,377,-12,1,0,Not Required,1.06,100.0,151,High,green
KH-845/2,Sultanpur,Delhi-Amritsar Expressway,Section 11 (Notice),2024-06-04,211,154,0,0,Approved,1.07,0.0,15,Low,green
KH-680/9,Bhatinda Khurd,Dedicated Freight Corridor,Section 19 (Declaration),2024-05-26,220,145,0,0,Not Required,0.44,94.8,63,Medium,yellow
KH-448/2,Shahpur,PMGSY Phase-3 Link Road,Section 19 (Declaration),2024-01-21,346,19,1,0,Approved,0.54,24.4,199,Critical,red
KH-209/6,Mehrauli Dehat,NH-44 Expansion,Award Enquiry,2023-12-07,391,-26,0,0,Not Required,0.53,32.3,59,Medium,yellow
KH-600/7,Rampur,Dedicated Freight Corridor,Award Enquiry,2024-03-19,288,77,0,0,Approved,1.08,82.8,0,Low,green
KH-838/1,Mehrauli Dehat,NH-44 Expansion,Section 15 (Hearing),2023-10-31,428,-63,0,0,Not Required,0.86,0.0,9,Low,green
KH-991/9,Kalyanpur,Delhi-Amritsar Expressway,Section 11 (Notice),2024-11-29,33,332,1,0,Not Required,0.91,0.0,159,High,red
KH-733/1,Kalyanpur,Delhi-Amritsar Expressway,Section 11 (Notice),2024-09-20,103,262,1,0,Approved,0.84,0.0,138,High,red
KH-725/3,Shahpur,NH-44 Expansion,Section 11 (Notice),2024-10-20,73,292,1,0,Approved,0.75,0.0,131,High,red
KH-536/6,Shahpur,PMGSY Phase-3 Link Road,Section 19 (Declaration),2024-10-17,76,289,0,0,Pending,1.08,67.4,44,Medium,yellow
KH-272/6,Sultanpur,Delhi-Amritsar Expressway,Award Enquiry,2024-08-15,139,226,0,0,Not Required,1.05,32.6,13,Low,green
KH-116/8,Rampur,NH-44 Expansion,Section 11 (Notice),2024-09-17,106,259,0,0,Pending,1.05,0.0,139,High,red
KH-526/8,Fatehpur,Delhi-Amritsar Expressway,Section 15 (Hearing),2024-10-05,88,277,0,0,Not Required,0.85,0.0,1,Low,green
KH-278/1,Sultanpur,Delhi-Amritsar Expressway,Award Enquiry,2024-02-08,328,37,1,0,Not Required,1.07,27.0,120,High,red
KH-642/2,Sultanpur,Dedicated Freight Corridor,Possession Taken,2024-04-02,274,91,1,0,Pending,0.55,100.0,322,Critical,green
KH-915/3,Fatehpur,PMGSY Phase-3 Link Road,Award Enquiry,2024-09-18,105,260,1,0,Approved,0.51,37.3,177,High,red
KH-357/6,Sultanpur,PMGSY Phase-3 Link Road,Section 11 (Notice),2024-10-25,68,297,0,0,Approved,0.92,0.0,14,Low,green
KH-218/2,Kalyanpur,PMGSY Phase-3 Link Road,Possession Taken,2024-02-25,311,54,1,0,Not Required,0.63,100.0,107,High,green
KH-333/2,Kalyanpur,PMGSY Phase-3 Link Road,Section 15 (Hearing),2024-06-08,207,158,0,1,Pending,1.02,0.0,260,Critical,red
KH-546/3,Kalyanpur,PMGSY Phase-3 Link Road,Section 15 (Hearing),2024-06-02,213,152,0,0,Not Required,0.66,0.0,0,Low,green
KH-467/5,Kalyanpur,Dedicated Freight Corridor,Section 15 (Hearing),2024-12-01,31,334,1,0,Not Required,0.88,0.0,90,High,red
KH-576/8,Mehrauli Dehat,Delhi-Amritsar Expressway,Section 19 (Declaration),2024-08-27,127,238,0,0,Approved,1.02,69.2,20,Low,green
KH-726/3,Sultanpur,Delhi-Amritsar Expressway,Section 11 (Notice),2024-05-21,225,140,0,0,Approved,1.0,0.0,0,Low,green
KH-705/8,Shahpur,PMGSY Phase-3 Link Road,Section 19 (Declaration),2024-12-10,22,343,0,0,Approved,0.91,77.9,0,Low,green
KH-693/4,Sultanpur,Delhi-Amritsar Expressway,Possession Taken,2024-12-15,17,348,1,0,Approved,0.69,100.0,72,Medium,green
KH-887/9,Rampur,PMGSY Phase-3 Link Road,Possession Taken,2024-05-30,216,149,0,0,Not Required,0.74,100.0,0,Low,green
KH-671/1,Fatehpur,PMGSY Phase-3 Link Road,Section 15 (Hearing),2024-10-11,82,283,0,0,Pending,0.65,0.0,79,Medium,yellow
KH-591/5,Kalyanpur,PMGSY Phase-3 Link Road,Possession Taken,2023-12-01,397,-32,0,0,Pending,0.81,100.0,87,Medium,green
KH-820/7,Kalyanpur,Dedicated Freight Corridor,Award Enquiry,2023-12-23,375,-10,0,0,Approved,0.84,85.9,0,Low,green
KH-536/5,Fatehpur,Delhi-Amritsar Expressway,Section 11 (Notice),2024-02-04,332,33,0,0,Not Required,1.02,0.0,6,Low,green
KH-790/6,Rampur,NH-44 Expansion,Award Enquiry,2024-06-13,202,163,1,0,Not Required,0.73,6.4,117,High,red
KH-168/9,Fatehpur,Delhi-Amritsar Expressway,Section 15 (Hearing),2024-06-29,186,179,1,0,Approved,0.57,0.0,180,Critical,red
KH-694/4,Shahpur,Delhi-Amritsar Expressway,Section 19 (Declaration),2024-06-20,195,170,0,1,Not Required,1.03,62.7,251,Critical,red
KH-453/8,Mehrauli Dehat,NH-44 Expansion,Award Enquiry,2023-12-20,378,-13,0,0,Not Required,0.77,83.6,18,Low,green
KH-476/2,Kalyanpur,PMGSY Phase-3 Link Road,Section 11 (Notice),2024-11-06,56,309,1,1,Not Required,0.67,0.0,325,Critical,red
KH-251/8,Kalyanpur,Delhi-Amritsar Expressway,Possession Taken,2024-01-31,336,29,0,0,Pending,0.42,100.0,175,High,green
KH-455/7,Mehrauli Dehat,NH-44 Expansion,Section 19 (Declaration),2024-09-12,111,254,0,0,Not Required,0.44,86.7,76,Medium,yellow
KH-443/7,Sultanpur,Dedicated Freight Corridor,Section 19 (Declaration),2024-04-13,263,102,1,0,Approved,0.82,29.4,157,High,red
KH-235/5,Kalyanpur,Dedicated Freight Corridor,Section 15 (Hearing),2024-04-14,262,103,0,0,Not Required,0.66,0.0,0,Low,green
KH-251/6,Bhatinda Khurd,PMGSY Phase-3 Link Road,Section 15 (Hearing),2024-02-05,331,34,0,0,Approved,1.05,0.0,7,Low,green
KH-279/3,Kalyanpur,Delhi-Amritsar Expressway,Section 11 (Notice),2024-11-26,36,329,0,0,Approved,1.1,0.0,3,Low,green
KH-478/3,Kalyanpur,NH-44 Expansion,Section 19 (Declaration),2024-06-24,191,174,0,0,Approved,0.5,59.1,55,Medium,yellow
KH-125/7,Mehrauli Dehat,Delhi-Amritsar Expressway,Award Enquiry,2024-07-07,178,187,1,0,Pending,0.51,39.0,322,Critical,red
KH-396/3,Shahpur,PMGSY Phase-3 Link Road,Section 19 (Declaration),2023-12-31,367,-2,0,0,Not Required,0.48,61.1,26,Low,green
KH-415/1,Mehrauli Dehat,Delhi-Amritsar Expressway,Award Enquiry,2024-06-18,197,168,0,0,Approved,0.46,33.6,69,Medium,yellow
KH-900/5,Kalyanpur,NH-44 Expansion,Section 11 (Notice),2024-03-17,290,75,1,0,Not Required,0.99,0.0,180,Critical,red
KH-624/7,Kalyanpur,PMGSY Phase-3 Link Road,Section 19 (Declaration),2024-02-13,323,42,0,0,Not Required,0.82,91.3,16,Low,green
KH-251/7,Bhatinda Khurd,PMGSY Phase-3 Link Road,Section 19 (Declaration),2024-12-11,21,344,0,0,Approved,0.6,52.8,10,Low,green
KH-925/7,Fatehpur,PMGSY Phase-3 Link Road,Section 15 (Hearing),2023-10-17,442,-77,1,1,Pending,0.81,0.0,360,Critical,red
KH-704/7,Rampur,NH-44 Expansion,Award Enquiry,2024-01-25,342,23,0,0,Approved,1.04,56.9,4,Low,green
KH-873/3,Kalyanpur,Delhi-Amritsar Expressway,Award Enquiry,2024-07-22,163,202,1,0,Not Required,0.79,6.5,140,High,red
KH-672/8,Kalyanpur,NH-44 Expansion,Section 11 (Notice),2024-09-30,93,272,1,0,Approved,0.58,0.0,253,Critical,red
KH-394/7,Kalyanpur,PMGSY Phase-3 Link Road,Section 15 (Hearing),2024-12-03,29,336,0,0,Not Required,0.48,0.0,55,Medium,yellow
KH-713/6,Sultanpur,PMGSY Phase-3 Link Road,Possession Taken,2024-05-08,238,127,0,0,Not Required,1.01,100.0,6,Low,green
KH-810/2,Bhatinda Khurd,NH-44 Expansion,Section 19 (Declaration),2024-09-25,98,267,1,0,Approved,0.81,10.1,160,High,red
KH-267/1,Bhatinda Khurd,Dedicated Freight Corridor,Award Enquiry,2024-01-27,340,25,0,1,Not Required,1.04,53.1,209,Critical,red
KH-178/9,Kalyanpur,Delhi-Amritsar Expressway,Section 11 (Notice),2024-02-15,321,44,0,0,Pending,0.93,0.0,187,Critical,red
KH-965/5,Bhatinda Khurd,Dedicated Freight Corridor,Section 11 (Notice),2024-03-19,288,77,0,0,Not Required,0.81,0.0,0,Low,green
KH-596/7,Bhatinda Khurd,Delhi-Amritsar Expressway,Section 11 (Notice),2024-08-28,126,239,0,0,Not Required,0.51,0.0,63,Medium,yellow
KH-638/9,Fatehpur,NH-44 Expansion,Award Enquiry,2024-04-26,250,115,1,0,Not Required,1.04,9.1,126,High,red
KH-419/6,Kalyanpur,PMGSY Phase-3 Link Road,Possession Taken,2024-03-25,282,83,1,0,Not Required,0.93,100.0,120,High,green
KH-862/2,Kalyanpur,Delhi-Amritsar Expressway,Section 15 (Hearing),2023-12-31,367,-2,0,0,Approved,0.56,0.0,44,Medium,yellow
KH-214/2,Rampur,PMGSY Phase-3 Link Road,Award Enquiry,2024-11-26,36,329,1,1,Not Required,0.54,6.1,530,Critical,red
KH-783/1,Shahpur,NH-44 Expansion,Section 11 (Notice),2024-02-13,323,42,0,0,Not Required,0.54,0.0,144,High,red
KH-192/3,Shahpur,Dedicated Freight Corridor,Possession Taken,2024-06-22,193,172,0,1,Not Required,0.65,100.0,296,Critical,green
KH-617/2,Rampur,NH-44 Expansion,Possession Taken,2024-08-28,126,239,0,0,Not Required,0.9,100.0,0,Low,green
KH-289/8,Fatehpur,NH-44 Expansion,Section 15 (Hearing),2023-10-17,442,-77,1,0,Not Required,0.65,0.0,133,High,red
KH-517/2,Shahpur,Dedicated Freight Corridor,Section 11 (Notice),2024-04-23,253,112,0,0,Pending,0.48,0.0,166,High,red
KH-670/1,Rampur,Dedicated Freight Corridor,Award Enquiry,2024-10-19,74,291,0,0,Not Required,0.67,59.7,19,Low,green
KH-961/8,Kalyanpur,PMGSY Phase-3 Link Road,Section 19 (Declaration),2024-05-12,234,131,0,1,Not Required,0.53,34.5,372,Critical,red
KH-505/8,Sultanpur,NH-44 Expansion,Section 11 (Notice),2024-10-05,88,277,1,1,Approved,0.68,0.0,340,Critical,red
KH-303/6,Kalyanpur,PMGSY Phase-3 Link Road,Section 11 (Notice),2024-08-20,134,231,1,0,Not Required,0.99,0.0,133,High,red
KH-695/5,Shahpur,PMGSY Phase-3 Link Road,Section 19 (Declaration),2024-04-18,258,107,0,0,Pending,0.87,91.8,91,High,red
KH-565/2,Rampur,Dedicated Freight Corridor,Award Enquiry,2024-04-07,269,96,0,0,Not Required,0.56,91.3,65,Medium,yellow
KH-795/6,Kalyanpur,Dedicated Freight Corridor,Possession Taken,2024-02-02,334,31,0,0,Pending,0.47,100.0,178,High,green
KH-911/8,Kalyanpur,Dedicated Freight Corridor,Award Enquiry,2024-04-10,266,99,0,0,Not Required,0.75,65.3,17,Low,green
KH-118/1,Mehrauli Dehat,NH-44 Expansion,Award Enquiry,2024-05-01,245,120,0,0,Not Required,0.62,54.5,0,Low,green
KH-670/5,Fatehpur,Delhi-Amritsar Expressway,Award Enquiry,2024-05-11,235,130,1,0,Approved,0.49,30.1,207,Critical,red
KH-667/9,Sultanpur,PMGSY Phase-3 Link Road,Award Enquiry,2024-03-05,302,63,0,0,Approved,1.0,62.9,0,Low,green
KH-486/6,Shahpur,Dedicated Freight Corridor,Section 19 (Declaration),2024-11-16,46,319,0,0,Approved,0.42,32.9,52,Medium,yellow
KH-127/6,Mehrauli Dehat,NH-44 Expansion,Award Enquiry,2024-06-24,191,174,0,0,Not Required,1.09,56.8,0,Low,green
KH-340/5,Sultanpur,NH-44 Expansion,Section 11 (Notice),2024-07-14,171,194,0,1,Pending,0.48,0.0,324,Critical,red
KH-984/7,Sultanpur,PMGSY Phase-3 Link Road,Section 19 (Declaration),2024-12-07,25,340,1,0,Not Required,0.89,25.6,124,High,red
KH-686/2,Shahpur,PMGSY Phase-3 Link Road,Section 11 (Notice),2023-12-30,368,-3,1,0,Not Required,0.87,0.0,232,Critical,red
KH-783/6,Kalyanpur,Dedicated Freight Corridor,Section 19 (Declaration),2024-05-08,238,127,0,0,Not Required,0.54,71.3,67,Medium,yellow
KH-394/5,Rampur,Dedicated Freight Corridor,Possession Taken,2024-05-26,220,145,0,0,Not Required,0.96,100.0,13,Low,green
KH-706/6,Bhatinda Khurd,NH-44 Expansion,Possession Taken,2023-11-03,425,-60,0,0,Not Required,0.77,100.0,0,Low,green
KH-178/5,Sultanpur,Dedicated Freight Corridor,Award Enquiry,2024-01-13,354,11,1,0,Not Required,0.78,12.0,127,High,red
KH-787/9,Kalyanpur,NH-44 Expansion,Possession Taken,2024-09-13,110,255,1,0,Pending,0.8,100.0,205,Critical,green
KH-645/7,Sultanpur,NH-44 Expansion,Possession Taken,2024-09-06,117,248,0,0,Pending,0.65,100.0,42,Medium,green
KH-883/5,Shahpur,PMGSY Phase-3 Link Road,Award Enquiry,2024-07-07,178,187,1,0,Not Required,1.0,36.9,158,High,red
KH-943/5,Fatehpur,Delhi-Amritsar Expressway,Section 19 (Declaration),2024-01-01,366,-1,0,1,Approved,0.82,56.4,190,Critical,red
KH-597/9,Mehrauli Dehat,PMGSY Phase-3 Link Road,Section 11 (Notice),2024-09-05,118,247,0,0,Approved,0.51,0.0,40,Medium,yellow
KH-759/1,Fatehpur,PMGSY Phase-3 Link Road,Section 11 (Notice),2024-11-19,43,322,1,0,Approved,1.0,0.0,93,High,red
KH-165/7,Bhatinda Khurd,NH-44 Expansion,Award Enquiry,2023-10-15,444,-79,1,0,Approved,0.91,9.9,107,High,red
KH-223/9,Fatehpur,Dedicated Freight Corridor,Award Enquiry,2024-11-01,61,304,0,0,Approved,0.57,37.9,54,Medium,yellow
KH-499/4,Mehrauli Dehat,Delhi-Amritsar Expressway,Section 15 (Hearing),2024-10-24,69,296,0,0,Not Required,0.52,0.0,59,Medium,yellow
KH-703/1,Mehrauli Dehat,Dedicated Freight Corridor,Section 11 (Notice),2024-07-08,177,188,1,0,Not Required,0.78,0.0,137,High,red
KH-941/5,Rampur,NH-44 Expansion,Section 11 (Notice),2023-12-30,368,-3,1,0,Not Required,1.04,0.0,260,Critical,red
KH-416/6,Shahpur,NH-44 Expansion,Possession Taken,2024-08-18,136,229,1,1,Not Required,1.0,100.0,308,Critical,green
KH-361/5,Rampur,Delhi-Amritsar Expressway,Section 19 (Declaration),2024-09-01,122,243,1,0,Not Required,1.0,10.6,174,High,red
KH-885/7,Shahpur,NH-44 Expansion,Section 19 (Declaration),2024-11-06,56,309,0,1,Approved,0.98,91.1,262,Critical,red
KH-939/2,Shahpur,Delhi-Amritsar Expressway,Section 19 (Declaration),2024-04-02,274,91,0,0,Approved,0.45,57.4,91,High,red
KH-128/1,Fatehpur,Delhi-Amritsar Expressway,Award Enquiry,2023-11-08,420,-55,0,1,Pending,0.85,30.2,289,Critical,red
KH-213/3,Kalyanpur,Delhi-Amritsar Expressway,Possession Taken,2024-01-01,366,-1,0,1,Not Required,0.69,100.0,221,Critical,green
KH-236/5,Kalyanpur,Dedicated Freight Corridor,Section 19 (Declaration),2024-09-07,116,249,1,0,Approved,0.46,17.9,243,Critical,red
KH-573/4,Bhatinda Khurd,Delhi-Amritsar Expressway,Section 11 (Notice),2024-05-26,220,145,0,1,Not Required,0.83,0.0,196,Critical,red
KH-114/9,Mehrauli Dehat,PMGSY Phase-3 Link Road,Award Enquiry,2024-10-18,75,290,0,0,Approved,0.56,43.2,51,Medium,yellow
KH-233/7,Shahpur,Delhi-Amritsar Expressway,Possession Taken,2024-08-29,125,240,0,0,Pending,1.1,100.0,85,Medium,green
KH-284/7,Shahpur,Delhi-Amritsar Expressway,Section 11 (Notice),2024-07-22,163,202,0,0,Not Required,1.08,0.0,0,Low,green
KH-354/6,Sultanpur,PMGSY Phase-3 Link Road,Section 11 (Notice),2024-12-12,20,345,1,0,Approved,0.73,0.0,151,High,red
KH-317/7,Fatehpur,PMGSY Phase-3 Link Road,Possession Taken,2024-08-08,146,219,1,0,Not Required,0.45,100.0,207,Critical,green
KH-720/1,Rampur,Dedicated Freight Corridor,Possession Taken,2024-02-04,332,33,1,0,Not Required,0.67,100.0,145,High,green
KH-672/1,Sultanpur,Delhi-Amritsar Expressway,Section 19 (Declaration),2024-09-22,101,264,0,0,Not Required,0.75,90.5,11,Low,green
KH-424/9,Mehrauli Dehat,Delhi-Amritsar Expressway,Section 19 (Declaration),2024-10-19,74,291,0,0,Pending,0.62,93.6,103,High,red
KH-370/9,Bhatinda Khurd,PMGSY Phase-3 Link Road,Section 15 (Hearing),2024-07-09,176,189,0,0,Not Required,0.92,0.0,0,Low,green
KH-669/8,Rampur,Delhi-Amritsar Expressway,Section 15 (Hearing),2024-11-20,42,323,0,0,Approved,0.56,0.0,46,Medium,yellow
KH-578/7,Rampur,PMGSY Phase-3 Link Road,Section 11 (Notice),2024-05-05,241,124,1,0,Not Required,0.65,0.0,182,Critical,red
KH-215/3,Rampur,Dedicated Freight Corridor,Section 11 (Notice),2024-09-04,119,246,1,0,Pending,1.01,0.0,208,Critical,red
KH-379/4,Sultanpur,NH-44 Expansion,Possession Taken,2023-11-21,407,-42,0,0,Approved,0.8,100.0,0,Low,green
KH-886/8,Fatehpur,NH-44 Expansion,Section 19 (Declaration),2024-12-04,28,337,0,0,Not Required,0.6,93.8,0,Low,green
KH-208/6,Kalyanpur,NH-44 Expansion,Section 11 (Notice),2024-04-26,250,115,0,0,Not Required,0.98,0.0,7,Low,green
KH-375/1,Bhatinda Khurd,NH-44 Expansion,Possession Taken,2024-04-30,246,119,1,0,Approved,0.63,100.0,172,High,green
KH-917/1,Fatehpur,NH-44 Expansion,Possession Taken,2024-02-13,323,42,1,0,Not Required,0.67,100.0,132,High,green
KH-889/7,Rampur,NH-44 Expansion,Section 15 (Hearing),2024-09-25,98,267,0,0,Not Required,0.67,0.0,0,Low,green
KH-769/3,Rampur,Dedicated Freight Corridor,Award Enquiry,2023-11-03,425,-60,1,1,Pending,0.7,33.2,419,Critical,red
KH-624/4,Mehrauli Dehat,PMGSY Phase-3 Link Road,Award Enquiry,2024-04-18,258,107,1,0,Approved,0.59,26.0,193,Critical,red
KH-544/7,Rampur,NH-44 Expansion,Possession Taken,2024-06-26,189,176,0,1,Approved,1.08,100.0,220,Critical,green
KH-607/9,Fatehpur,NH-44 Expansion,Section 19 (Declaration),2024-04-22,254,111,0,0,Not Required,0.71,89.0,0,Low,green
KH-230/5,Shahpur,Delhi-Amritsar Expressway,Possession Taken,2024-05-13,233,132,0,0,Approved,0.61,100.0,0,Low,green
KH-776/5,Bhatinda Khurd,Dedicated Freight Corridor,Possession Taken,2024-11-06,56,309,0,1,Not Required,0.94,100.0,124,High,green
KH-283/3,Shahpur,PMGSY Phase-3 Link Road,Section 11 (Notice),2024-11-05,57,308,0,0,Approved,0.69,0.0,7,Low,green
KH-841/8,Shahpur,PMGSY Phase-3 Link Road,Possession Taken,2023-10-31,428,-63,1,0,Pending,0.59,100.0,223,Critical,green
KH-544/9,Rampur,NH-44 Expansion,Award Enquiry,2024-10-19,74,291,0,1,Approved,0.41,72.6,348,Critical,red
KH-862/8,Bhatinda Khurd,Dedicated Freight Corridor,Award Enquiry,2023-11-02,426,-61,1,0,Pending,0.61,9.4,141,High,red
KH-765/4,Mehrauli Dehat,Delhi-Amritsar Expressway,Section 11 (Notice),2024-07-16,169,196,1,0,Pending,0.94,0.0,195,Critical,red
KH-256/8,Mehrauli Dehat,PMGSY Phase-3 Link Road,Section 11 (Notice),2024-05-01,245,120,0,0,Not Required,0.81,0.0,0,Low,green
KH-953/7,Rampur,Dedicated Freight Corridor,Section 11 (Notice),2024-10-26,67,298,1,0,Not Required,0.84,0.0,160,High,red
KH-667/5,Rampur,PMGSY Phase-3 Link Road,Award Enquiry,2024-04-13,263,102,0,0,Not Required,0.76,77.1,12,Low,green
KH-162/9,Rampur,PMGSY Phase-3 Link Road,Possession Taken,2024-07-09,176,189,0,0,Not Required,0.79,100.0,0,Low,green
KH-584/2,Mehrauli Dehat,Dedicated Freight Corridor,Award Enquiry,2023-12-26,372,-7,0,0,Not Required,0.71,40.5,10,Low,green
KH-548/4,Sultanpur,Delhi-Amritsar Expressway,Possession Taken,2024-01-02,365,0,1,0,Approved,0.64,100.0,198,Critical,green
KH-579/3,Bhatinda Khurd,PMGSY Phase-3 Link Road,Award Enquiry,2023-10-18,441,-76,0,1,Not Required,1.06,72.4,280,Critical,red
KH-964/3,Sultanpur,Delhi-Amritsar Expressway,Section 19 (Declaration),2023-12-30,368,-3,0,0,Approved,0.92,73.4,0,Low,green
KH-720/8,Rampur,PMGSY Phase-3 Link Road,Award Enquiry,2024-07-15,170,195,0,0,Pending,0.56,66.2,143,High,red
KH-262/3,Shahpur,NH-44 Expansion,Section 11 (Notice),2024-06-28,187,178,1,0,Not Required,0.7,0.0,152,High,red
KH-598/5,Bhatinda Khurd,Dedicated Freight Corridor,Section 11 (Notice),2023-11-19,409,-44,1,0,Not Required,1.01,0.0,248,Critical,red
KH-206/1,Mehrauli Dehat,PMGSY Phase-3 Link Road,Section 11 (Notice),2024-10-24,69,296,0,1,Approved,0.95,0.0,148,High,red
KH-991/4,Bhatinda Khurd,Delhi-Amritsar Expressway,Section 19 (Declaration),2023-12-21,377,-12,1,0,Approved,0.71,22.7,88,Medium,yellow
KH-938/3,Rampur,Delhi-Amritsar Expressway,Award Enquiry,2024-05-19,227,138,0,0,Not Required,0.94,30.4,16,Low,green
KH-393/9,Kalyanpur,NH-44 Expansion,Section 19 (Declaration),2024-06-10,205,160,0,0,Approved,0.9,57.0,4,Low,green
KH-871/9,Mehrauli Dehat,Delhi-Amritsar Expressway,Section 15 (Hearing),2023-11-03,425,-60,1,0,Approved,0.7,0.0,143,High,red
KH-130/8,Kalyanpur,NH-44 Expansion,Possession Taken,2024-11-12,50,315,0,0,Approved,0.46,100.0,53,Medium,green
KH-544/1,Mehrauli Dehat,NH-44 Expansion,Section 15 (Hearing),2024-02-27,309,56,0,0,Not Required,0.44,0.0,66,Medium,yellow
KH-817/9,Shahpur,Dedicated Freight Corridor,Section 19 (Declaration),2024-06-24,191,174,0,0,Approved,0.41,48.2,81,Medium,yellow
KH-513/8,Fatehpur,Delhi-Amritsar Expressway,Possession Taken,2024-02-02,334,31,1,0,Approved,0.95,100.0,170,High,green
KH-931/7,Shahpur,Delhi-Amritsar Expressway,Section 19 (Declaration),2024-11-04,58,307,0,0,Not Required,0.43,51.7,54,Medium,yellow
KH-318/2,Sultanpur,Dedicated Freight Corridor,Possession Taken,2024-06-26,189,176,0,0,Not Required,0.93,100.0,18,Low,green
KH-347/5,Fatehpur,PMGSY Phase-3 Link Road,Possession Taken,2024-10-22,71,294,0,0,Not Required,0.91,100.0,11,Low,green
KH-619/6,Rampur,NH-44 Expansion,Section 11 (Notice),2024-05-02,244,121,1,0,Not Required,0.61,0.0,105,High,red
KH-742/9,Shahpur,Delhi-Amritsar Expressway,Section 19 (Declaration),2024-07-17,168,197,0,0,Not Required,0.6,81.0,16,Low,green
KH-831/7,Sultanpur,Delhi-Amritsar Expressway,Section 11 (Notice),2024-07-03,182,183,0,0,Not Required,0.76,0.0,0,Low,green
KH-565/2,Kalyanpur,PMGSY Phase-3 Link Road,Award Enquiry,2024-11-06,56,309,0,0,Not Required,0.46,57.6,51,Medium,yellow
KH-478/9,Mehrauli Dehat,PMGSY Phase-3 Link Road,Section 19 (Declaration),2024-02-22,314,51,0,0,Pending,0.75,57.5,98,High,red
KH-266/3,Sultanpur,Delhi-Amritsar Expressway,Award Enquiry,2023-12-19,379,-14,0,0,Not Required,0.72,92.9,0,Low,green
KH-811/4,Mehrauli Dehat,PMGSY Phase-3 Link Road,Section 11 (Notice),2023-12-01,397,-32,1,0,Not Required,0.51,0.0,339,Critical,red
KH-478/5,Rampur,Delhi-Amritsar Expressway,Section 11 (Notice),2024-06-10,205,160,0,0,Not Required,0.61,0.0,0,Low,green
KH-128/3,Kalyanpur,PMGSY Phase-3 Link Road,Section 11 (Notice),2024-07-14,171,194,0,0,Not Required,1.02,0.0,0,Low,green
KH-457/2,Shahpur,NH-44 Expansion,Award Enquiry,2024-04-15,261,104,1,1,Not Required,0.8,24.8,376,Critical,red
KH-720/3,Shahpur,Delhi-Amritsar Expressway,Possession Taken,2024-01-27,340,25,0,0,Not Required,0.72,100.0,0,Low,green
KH-987/6,Rampur,PMGSY Phase-3 Link Road,Award Enquiry,2024-08-20,134,231,0,1,Approved,1.03,52.0,178,High,red
KH-986/3,Fatehpur,NH-44 Expansion,Possession Taken,2024-01-30,337,28,0,0,Pending,0.96,100.0,91,High,green
KH-759/9,Rampur,Delhi-Amritsar Expressway,Possession Taken,2024-03-15,292,73,1,0,Not Required,0.8,100.0,120,High,green
KH-868/8,Sultanpur,NH-44 Expansion,Section 11 (Notice),2024-01-15,352,13,0,0,Not Required,1.06,0.0,9,Low,green
KH-822/8,Rampur,Dedicated Freight Corridor,Award Enquiry,2024-02-20,316,49,0,0,Approved,0.43,86.0,40,Medium,yellow
KH-124/9,Bhatinda Khurd,PMGSY Phase-3 Link Road,Section 19 (Declaration),2024-11-01,61,304,0,0,Not Required,0.48,36.5,48,Medium,yellow
KH-886/2,Kalyanpur,Dedicated Freight Corridor,Award Enquiry,2024-01-05,362,3,0,0,Not Required,0.52,69.9,36,Medium,yellow
KH-405/7,Rampur,Dedicated Freight Corridor,Section 15 (Hearing),2024-05-20,226,139,1,0,Not Required,1.03,0.0,104,High,red
KH-223/1,Kalyanpur,Delhi-Amritsar Expressway,Possession Taken,2024-02-21,315,50,0,1,Approved,0.57,100.0,353,Critical,green
KH-162/6,Mehrauli Dehat,PMGSY Phase-3 Link Road,Section 11 (Notice),2024-04-14,262,103,1,0,Approved,0.42,0.0,233,Critical,red
KH-203/4,Shahpur,Delhi-Amritsar Expressway,Section 19 (Declaration),2024-03-02,305,60,0,0,Pending,0.68,35.5,100,High,red
KH-245/6,Sultanpur,Delhi-Amritsar Expressway,Section 15 (Hearing),2024-03-17,290,75,0,0,Approved,1.07,0.0,26,Low,green
KH-142/1,Shahpur,PMGSY Phase-3 Link Road,Possession Taken,2024-07-22,163,202,0,1,Not Required,0.86,100.0,190,Critical,green
KH-959/7,Bhatinda Khurd,Delhi-Amritsar Expressway,Possession Taken,2023-10-14,445,-80,0,0,Not Required,0.76,100.0,2,Low,green
KH-504/2,Shahpur,Delhi-Amritsar Expressway,Possession Taken,2024-07-27,158,207,0,0,Not Required,1.01,100.0,0,Low,green
KH-921/6,Fatehpur,Dedicated Freight Corridor,Section 19 (Declaration),2023-11-28,400,-35,0,0,Not Required,0.9,47.7,6,Low,green
KH-315/8,Sultanpur,Dedicated Freight Corridor,Section 11 (Notice),2023-12-29,369,-4,0,0,Approved,0.49,0.0,149,High,red
KH-600/7,Sultanpur,NH-44 Expansion,Section 11 (Notice),2024-03-17,290,75,1,0,Approved,0.42,0.0,254,Critical,red
KH-932/7,Shahpur,Dedicated Freight Corridor,Award Enquiry,2024-09-18,105,260,0,0,Not Required,0.99,82.8,0,Low,green
KH-109/4,Fatehpur,NH-44 Expansion,Section 19 (Declaration),2024-01-04,363,2,0,0,Not Required,1.04,53.3,0,Low,green
KH-410/4,Kalyanpur,PMGSY Phase-3 Link Road,Section 19 (Declaration),2024-11-29,33,332,1,0,Pending,0.6,36.7,268,Critical,red
KH-940/7,Rampur,Dedicated Freight Corridor,Possession Taken,2024-04-05,271,94,1,0,Not Required,0.75,100.0,129,High,green
KH-788/3,Rampur,Delhi-Amritsar Expressway,Section 11 (Notice),2024-10-13,80,285,0,0,Approved,0.58,0.0,89,Medium,yellow
KH-968/1,Fatehpur,Dedicated Freight Corridor,Possession Taken,2024-04-29,247,118,1,0,Not Required,0.4,100.0,242,Critical,green
KH-974/6,Mehrauli Dehat,PMGSY Phase-3 Link Road,Section 19 (Declaration),2024-10-16,77,288,0,0,Not Required,0.88,60.3,0,Low,green
KH-838/4,Rampur,Dedicated Freight Corridor,Award Enquiry,2024-03-20,287,78,1,0,Not Required,0.71,5.2,78,Medium,yellow
KH-927/1,Fatehpur,Delhi-Amritsar Expressway,Award Enquiry,2024-11-09,53,312,0,0,Approved,1.04,42.8,0,Low,green
KH-740/2,Rampur,PMGSY Phase-3 Link Road,Award Enquiry,2023-10-31,428,-63,0,0,Not Required,0.42,81.8,77,Medium,yellow
KH-584/4,Bhatinda Khurd,NH-44 Expansion,Section 19 (Declaration),2024-03-26,281,84,0,0,Approved,0.96,91.3,18,Low,green
KH-882/2,Fatehpur,PMGSY Phase-3 Link Road,Possession Taken,2024-10-15,78,287,0,0,Pending,0.46,100.0,81,Medium,green
KH-810/2,Shahpur,Delhi-Amritsar Expressway,Section 11 (Notice),2023-11-03,425,-60,0,0,Not Required,0.71,0.0,0,Low,green
KH-167/2,Fatehpur,NH-44 Expansion,Possession Taken,2024-11-21,41,324,0,0,Approved,0.61,100.0,0,Low,green
KH-870/7,Kalyanpur,NH-44 Expansion,Award Enquiry,2024-06-04,211,154,1,0,Not Required,0.72,20.0,173,High,red
KH-791/1,Mehrauli Dehat,Dedicated Freight Corridor,Possession Taken,2024-09-10,113,252,0,0,Not Required,0.48,100.0,47,Medium,green
KH-908/4,Sultanpur,Delhi-Amritsar Expressway,Possession Taken,2024-08-08,146,219,0,0,Not Required,0.65,100.0,0,Low,green
KH-290/4,Kalyanpur,NH-44 Expansion,Section 11 (Notice),2024-10-13,80,285,0,1,Not Required,0.62,0.0,261,Critical,red
KH-466/5,Sultanpur,Delhi-Amritsar Expressway,Section 15 (Hearing),2024-04-21,255,110,1,0,Pending,0.62,0.0,217,Critical,red
KH-158/4,Sultanpur,NH-44 Expansion,Award Enquiry,2024-06-24,191,174,0,0,Pending,0.54,43.0,186,Critical,red
KH-783/8,Fatehpur,PMGSY Phase-3 Link Road,Possession Taken,2023-12-29,369,-4,0,1,Not Required,0.63,100.0,300,Critical,green
KH-406/7,Bhatinda Khurd,Delhi-Amritsar Expressway,Section 11 (Notice),2024-04-29,247,118,0,0,Approved,1.01,0.0,20,Low,green
KH-103/4,Fatehpur,Delhi-Amritsar Expressway,Award Enquiry,2024-02-02,334,31,0,0,Approved,0.55,61.2,78,Medium,yellow
KH-509/3,Shahpur,NH-44 Expansion,Section 19 (Declaration),2024-12-12,20,345,1,0,Not Required,0.45,6.1,151,High,red
KH-699/6,Rampur,NH-44 Expansion,Section 15 (Hearing),2024-09-07,116,249,0,0,Not Required,0.6,0.0,0,Low,green
KH-278/6,Shahpur,Delhi-Amritsar Expressway,Section 15 (Hearing),2024-09-08,115,250,0,0,Not Required,0.42,0.0,68,Medium,yellow
KH-906/2,Bhatinda Khurd,Delhi-Amritsar Expressway,Section 19 (Declaration),2024-04-28,248,117,1,0,Not Required,0.57,33.3,238,Critical,red
KH-487/6,Bhatinda Khurd,PMGSY Phase-3 Link Road,Section 15 (Hearing),2024-11-24,38,327,0,0,Not Required,0.93,0.0,15,Low,green
KH-401/3,Bhatinda Khurd,Delhi-Amritsar Expressway,Section 11 (Notice),2024-01-30,337,28,0,0,Not Required,0.96,0.0,0,Low,green
KH-581/2,Kalyanpur,PMGSY Phase-3 Link Road,Possession Taken,2024-06-09,206,159,1,1,Approved,0.75,100.0,336,Critical,green
KH-811/8,Fatehpur,PMGSY Phase-3 Link Road,Award Enquiry,2024-08-02,152,213,0,0,Not Required,0.81,71.5,21,Low,green
KH-312/4,Kalyanpur,PMGSY Phase-3 Link Road,Section 15 (Hearing),2024-05-29,217,148,0,0,Not Required,0.55,0.0,95,High,red
KH-962/6,Bhatinda Khurd,NH-44 Expansion,Section 15 (Hearing),2023-11-29,399,-34,0,0,Pending,0.46,0.0,156,High,red
KH-576/9,Sultanpur,Dedicated Freight Corridor,Award Enquiry,2024-05-01,245,120,1,0,Approved,0.73,19.3,145,High,red
KH-283/8,Kalyanpur,Dedicated Freight Corridor,Section 11 (Notice),2024-06-17,198,167,1,0,Approved,1.03,0.0,145,High,red
KH-759/2,Shahpur,Dedicated Freight Corridor,Section 15 (Hearing),2024-10-28,65,300,0,0,Not Required,0.48,0.0,56,Medium,yellow
KH-409/5,Kalyanpur,Delhi-Amritsar Expressway,Possession Taken,2024-08-06,148,217,1,1,Not Required,0.41,100.0,429,Critical,green
KH-515/1,Mehrauli Dehat,Delhi-Amritsar Expressway,Award Enquiry,2024-08-23,131,234,0,1,Not Required,0.56,78.7,331,Critical,red
KH-875/8,Fatehpur,PMGSY Phase-3 Link Road,Section 19 (Declaration),2023-11-08,420,-55,1,0,Not Required,0.46,34.6,229,Critical,red
KH-973/9,Rampur,Dedicated Freight Corridor,Section 15 (Hearing),2024-02-26,310,55,0,0,Approved,1.01,0.0,0,Low,green
KH-611/6,Bhatinda Khurd,Delhi-Amritsar Expressway,Award Enquiry,2024-05-14,232,133,0,0,Not Required,0.88,56.2,15,Low,green
KH-433/1,Sultanpur,NH-44 Expansion,Section 15 (Hearing),2024-09-30,93,272,0,0,Pending,1.08,0.0,89,Medium,yellow
KH-722/7,Mehrauli Dehat,Delhi-Amritsar Expressway,Award Enquiry,2024-11-15,47,318,0,0,Approved,0.77,42.2,0,Low,green
KH-562/5,Rampur,Delhi-Amritsar Expressway,Section 11 (Notice),2024-01-07,360,5,0,1,Not Required,0.79,0.0,279,Critical,red
KH-127/3,Kalyanpur,NH-44 Expansion,Award Enquiry,2024-07-25,160,205,0,0,Not Required,0.54,48.9,78,Medium,yellow
KH-980/7,Mehrauli Dehat,Delhi-Amritsar Expressway,Section 11 (Notice),2024-10-12,81,284,1,1,Not Required,0.78,0.0,288,Critical,red
KH-311/3,Shahpur,Delhi-Amritsar Expressway,Section 19 (Declaration),2024-05-10,236,129,1,0,Approved,0.97,28.3,153,High,red
KH-701/4,Sultanpur,PMGSY Phase-3 Link Road,Section 19 (Declaration),2024-09-05,118,247,0,1,Not Required,0.41,39.3,239,Critical,red
KH-436/8,Mehrauli Dehat,PMGSY Phase-3 Link Road,Possession Taken,2024-11-27,35,330,0,0,Approved,0.92,100.0,0,Low,green
KH-828/5,Mehrauli Dehat,Delhi-Amritsar Expressway,Award Enquiry,2024-08-12,142,223,1,0,Not Required,0.53,26.6,210,Critical,red
KH-815/2,Mehrauli Dehat,NH-44 Expansion,Section 15 (Hearing),2024-09-28,95,270,0,0,Not Required,0.59,0.0,87,Medium,yellow
KH-168/4,Mehrauli Dehat,PMGSY Phase-3 Link Road,Possession Taken,2024-10-16,77,288,0,1,Not Required,1.1,100.0,182,Critical,green
KH-898/6,Mehrauli Dehat,PMGSY Phase-3 Link Road,Section 15 (Hearing),2024-08-10,144,221,1,0,Pending,0.55,0.0,240,Critical,red
KH-863/7,Shahpur,Delhi-Amritsar Expressway,Award Enquiry,2024-11-28,34,331,0,0,Approved,0.41,37.5,35,Medium,yellow
KH-596/8,Rampur,NH-44 Expansion,Possession Taken,2024-01-16,351,14,1,0,Not Required,0.57,100.0,197,Critical,green
KH-265/3,Shahpur,NH-44 Expansion,Possession Taken,2024-10-27,66,299,1,0,Approved,0.52,100.0,191,Critical,green
KH-787/1,Fatehpur,Dedicated Freight Corridor,Section 15 (Hearing),2024-05-06,240,125,1,0,Approved,0.65,0.0,118,High,red
KH-148/9,Fatehpur,NH-44 Expansion,Award Enquiry,2023-12-30,368,-3,0,0,Not Required,0.62,33.4,0,Low,green
KH-193/1,Mehrauli Dehat,NH-44 Expansion,Section 11 (Notice),2024-06-28,187,178,0,0,Not Required,0.97,0.0,4,Low,green
KH-198/3,Fatehpur,Delhi-Amritsar Expressway,Section 11 (Notice),2024-05-19,227,138,0,0,Pending,0.76,0.0,101,High,red
KH-294/4,Sultanpur,PMGSY Phase-3 Link Road,Award Enquiry,2024-10-17,76,289,1,0,Pending,0.56,8.7,243,Critical,red
KH-498/4,Mehrauli Dehat,Delhi-Amritsar Expressway,Section 11 (Notice),2024-01-16,351,14,0,0,Not Required,0.97,0.0,6,Low,green
KH-168/4,Mehrauli Dehat,Dedicated Freight Corridor,Possession Taken,2024-04-06,270,95,0,0,Approved,1.09,100.0,0,Low,green
KH-970/3,Bhatinda Khurd,NH-44 Expansion,Possession Taken,2024-07-04,181,184,0,0,Not Required,1.09,100.0,15,Low,green
KH-889/3,Bhatinda Khurd,Delhi-Amritsar Expressway,Section 19 (Declaration),2023-10-09,450,-85,0,0,Not Required,0.87,34.4,0,Low,green
KH-859/4,Sultanpur,NH-44 Expansion,Section 15 (Hearing),2024-12-07,25,340,1,1,Not Required,0.83,0.0,322,Critical,red
KH-349/2,Rampur,Delhi-Amritsar Expressway,Section 19 (Declaration),2024-04-06,270,95,1,0,Not Required,0.61,10.3,120,High,red
KH-842/8,Fatehpur,Dedicated Freight Corridor,Section 15 (Hearing),2024-07-28,157,208,0,0,Pending,0.62,0.0,123,High,red
KH-524/5,Shahpur,NH-44 Expansion,Section 15 (Hearing),2023-10-11,448,-83,0,0,Approved,0.91,0.0,0,Low,green
KH-155/4,Shahpur,Delhi-Amritsar Expressway,Possession Taken,2024-06-05,210,155,0,1,Approved,0.77,100.0,194,Critical,green
KH-990/8,Rampur,Delhi-Amritsar Expressway,Section 11 (Notice),2024-01-28,339,26,0,0,Approved,1.09,0.0,0,Low,green
KH-914/4,Kalyanpur,NH-44 Expansion,Award Enquiry,2023-12-12,386,-21,0,0,Not Required,0.73,40.7,0,Low,green
KH-720/4,Bhatinda Khurd,Dedicated Freight Corridor,Possession Taken,2024-05-02,244,121,1,0,Pending,1.08,100.0,209,Critical,green
KH-468/7,Mehrauli Dehat,Delhi-Amritsar Expressway,Award Enquiry,2024-05-06,240,125,0,0,Not Required,0.7,69.6,0,Low,green
KH-912/8,Rampur,PMGSY Phase-3 Link Road,Award Enquiry,2024-11-05,57,308,1,0,Not Required,0.93,37.3,168,High,red
KH-279/5,Mehrauli Dehat,PMGSY Phase-3 Link Road,Section 19 (Declaration),2024-04-29,247,118,0,0,Approved,0.6,66.5,0,Low,green
KH-832/8,Kalyanpur,Delhi-Amritsar Expressway,Section 15 (Hearing),2024-12-15,17,348,0,0,Not Required,0.41,0.0,86,Medium,yellow
KH-514/7,Mehrauli Dehat,Dedicated Freight Corridor,Award Enquiry,2024-04-11,265,100,0,0,Not Required,0.62,94.2,28,Low,green
KH-456/9,Fatehpur,PMGSY Phase-3 Link Road,Section 19 (Declaration),2023-12-27,371,-6,0,0,Not Required,0.44,55.0,80,Medium,yellow
KH-135/6,Fatehpur,NH-44 Expansion,Section 15 (Hearing),2024-08-06,148,217,1,0,Not Required,0.82,0.0,164,High,red
KH-692/3,Rampur,NH-44 Expansion,Section 11 (Notice),2024-01-23,344,21,1,0,Not Required,0.9,0.0,232,Critical,red
KH-182/9,Kalyanpur,PMGSY Phase-3 Link Road,Section 15 (Hearing),2023-10-20,439,-74,0,0,Pending,0.7,0.0,110,High,red
KH-415/7,Shahpur,NH-44 Expansion,Section 11 (Notice),2024-01-27,340,25,0,0,Pending,0.8,0.0,206,Critical,red
KH-866/4,Fatehpur,PMGSY Phase-3 Link Road,Section 19 (Declaration),2024-12-14,18,347,0,1,Not Required,1.09,83.1,146,High,red
KH-395/7,Kalyanpur,Delhi-Amritsar Expressway,Section 19 (Declaration),2024-09-13,110,255,1,0,Approved,0.89,11.9,113,High,red
KH-680/4,Kalyanpur,Delhi-Amritsar Expressway,Section 11 (Notice),2023-11-30,398,-33,0,0,Approved,0.53,0.0,150,High,red
KH-739/2,Shahpur,Delhi-Amritsar Expressway,Section 11 (Notice),2024-07-20,165,200,1,0,Not Required,0.46,0.0,153,High,red
KH-878/2,Rampur,NH-44 Expansion,Section 19 (Declaration),2023-11-29,399,-34,1,0,Pending,1.07,28.3,125,High,red
KH-484/9,Shahpur,Dedicated Freight Corridor,Award Enquiry,2024-04-19,257,108,1,1,Approved,0.93,26.2,384,Critical,red
KH-422/4,Bhatinda Khurd,PMGSY Phase-3 Link Road,Award Enquiry,2024-02-09,327,38,0,0,Approved,0.44,53.1,81,Medium,yellow
KH-955/3,Rampur,NH-44 Expansion,Possession Taken,2024-07-27,158,207,0,0,Not Required,1.07,100.0,8,Low,green
KH-562/8,Sultanpur,PMGSY Phase-3 Link Road,Section 15 (Hearing),2024-12-16,16,349,1,0,Not Required,1.09,0.0,111,High,red
KH-146/6,Fatehpur,PMGSY Phase-3 Link Road,Section 15 (Hearing),2024-02-11,325,40,0,0,Not Required,0.74,0.0,29,Low,green
KH-456/7,Mehrauli Dehat,NH-44 Expansion,Award Enquiry,2024-07-20,165,200,0,0,Approved,0.83,76.3,25,Low,green
KH-132/3,Mehrauli Dehat,NH-44 Expansion,Section 19 (Declaration),2023-10-18,441,-76,0,0,Pending,0.87,65.7,106,High,red
KH-218/8,Fatehpur,Delhi-Amritsar Expressway,Section 15 (Hearing),2024-08-31,123,242,0,0,Not Required,0.52,0.0,92,High,red
KH-832/1,Kalyanpur,Dedicated Freight Corridor,Award Enquiry,2023-11-21,407,-42,1,0,Approved,0.6,30.2,169,High,red
KH-226/3,Sultanpur,PMGSY Phase-3 Link Road,Section 11 (Notice),2023-11-06,422,-57,0,0,Not Required,0.88,0.0,17,Low,green
KH-759/6,Mehrauli Dehat,PMGSY Phase-3 Link Road,Possession Taken,2024-05-08,238,127,1,0,Not Required,0.97,100.0,109,High,green
KH-214/2,Bhatinda Khurd,Delhi-Amritsar Expressway,Section 11 (Notice),2024-02-28,308,57,0,0,Approved,0.66,0.0,0,Low,green
KH-967/7,Mehrauli Dehat,Dedicated Freight Corridor,Section 19 (Declaration),2023-11-05,423,-58,0,1,Not Required,0.88,81.8,293,Critical,red
KH-209/7,Rampur,PMGSY Phase-3 Link Road,Section 19 (Declaration),2024-10-04,89,276,0,0,Not Required,0.97,49.3,0,Low,green
KH-250/5,Kalyanpur,NH-44 Expansion,Possession Taken,2024-07-07,178,187,0,0,Pending,0.62,100.0,114,High,green
KH-948/4,Mehrauli Dehat,Dedicated Freight Corridor,Award Enquiry,2024-11-17,45,320,0,0,Not Required,1.09,51.7,10,Low,green
KH-850/4,Fatehpur,NH-44 Expansion,Section 15 (Hearing),2024-04-12,264,101,0,0,Not Required,0.91,0.0,0,Low,green
KH-968/3,Rampur,PMGSY Phase-3 Link Road,Section 19 (Declaration),2024-05-15,231,134,0,0,Approved,0.87,94.4,10,Low,green
KH-640/5,Bhatinda Khurd,Delhi-Amritsar Expressway,Possession Taken,2024-05-30,216,149,0,0,Not Required,0.47,100.0,80,Medium,green
KH-924/1,Shahpur,Dedicated Freight Corridor,Award Enquiry,2024-01-17,350,15,1,0,Approved,0.51,9.8,247,Critical,red
KH-323/4,Fatehpur,NH-44 Expansion,Section 19 (Declaration),2023-12-12,386,-21,0,0,Approved,1.0,36.6,5,Low,green
KH-157/2,Bhatinda Khurd,PMGSY Phase-3 Link Road,Section 15 (Hearing),2024-11-21,41,324,0,1,Not Required,0.48,0.0,359,Critical,red
KH-252/7,Kalyanpur,NH-44 Expansion,Section 11 (Notice),2024-08-16,138,227,0,0,Pending,0.68,0.0,85,Medium,yellow
KH-808/2,Shahpur,PMGSY Phase-3 Link Road,Award Enquiry,2024-07-30,155,210,0,0,Not Required,0.84,58.9,0,Low,green
KH-621/4,Rampur,PMGSY Phase-3 Link Road,Section 19 (Declaration),2023-12-28,370,-5,0,0,Approved,0.92,81.6,0,Low,green
KH-760/7,Bhatinda Khurd,Delhi-Amritsar Expressway,Section 11 (Notice),2024-07-04,181,184,0,0,Not Required,0.44,0.0,83,Medium,yellow
KH-600/2,Sultanpur,NH-44 Expansion,Section 15 (Hearing),2024-01-15,352,13,0,0,Pending,1.03,0.0,101,High,red
KH-105/9,Mehrauli Dehat,Dedicated Freight Corridor,Section 11 (Notice),2024-11-27,35,330,1,0,Pending,0.49,0.0,257,Critical,red
KH-871/1,Rampur,NH-44 Expansion,Possession Taken,2024-07-18,167,198,1,0,Not Required,0.65,100.0,164,High,green
KH-147/9,Shahpur,Dedicated Freight Corridor,Possession Taken,2024-05-04,242,123,0,0,Not Required,0.5,100.0,86,Medium,green
KH-460/9,Sultanpur,Delhi-Amritsar Expressway,Section 11 (Notice),2024-01-13,354,11,0,0,Not Required,0.97,0.0,0,Low,green
KH-406/4,Kalyanpur,Delhi-Amritsar Expressway,Possession Taken,2024-06-17,198,167,1,0,Not Required,0.59,100.0,226,Critical,green
KH-490/3,Mehrauli Dehat,PMGSY Phase-3 Link Road,Section 11 (Notice),2024-08-09,145,220,1,1,Approved,0.87,0.0,364,Critical,red
KH-850/5,Fatehpur,Delhi-Amritsar Expressway,Section 19 (Declaration),2024-03-04,303,62,1,0,Pending,0.86,33.7,234,Critical,red
KH-906/7,Mehrauli Dehat,NH-44 Expansion,Possession Taken,2024-08-13,141,224,0,0,Not Required,0.45,100.0,54,Medium,green
KH-516/2,Bhatinda Khurd,NH-44 Expansion,Section 19 (Declaration),2024-06-30,185,180,0,0,Approved,0.94,39.5,10,Low,green
KH-200/7,Kalyanpur,PMGSY Phase-3 Link Road,Section 11 (Notice),2023-11-13,415,-50,1,0,Not Required,1.05,0.0,217,Critical,red
KH-702/8,Rampur,Dedicated Freight Corridor,Possession Taken,2024-07-26,159,206,1,0,Not Required,0.79,100.0,148,High,green
KH-285/6,Shahpur,PMGSY Phase-3 Link Road,Award Enquiry,2024-02-18,318,47,1,0,Not Required,0.49,5.3,234,Critical,red
KH-487/5,Rampur,Dedicated Freight Corridor,Section 15 (Hearing),2024-01-05,362,3,1,0,Not Required,0.83,0.0,178,High,red
KH-462/8,Sultanpur,Dedicated Freight Corridor,Section 19 (Declaration),2024-05-12,234,131,1,0,Not Required,0.76,30.1,83,Medium,yellow
KH-412/7,Shahpur,Dedicated Freight Corridor,Section 11 (Notice),2024-01-28,339,26,0,0,Approved,0.46,0.0,162,High,red
KH-995/1,Mehrauli Dehat,Delhi-Amritsar Expressway,Award Enquiry,2024-04-07,269,96,0,0,Pending,0.76,94.9,116,High,red
KH-114/4,Shahpur,NH-44 Expansion,Award Enquiry,2023-12-24,374,-9,0,0,Approved,0.77,52.4,0,Low,green
KH-272/9,Kalyanpur,Delhi-Amritsar Expressway,Section 11 (Notice),2024-06-13,202,163,1,0,Not Required,0.99,0.0,151,High,red
KH-607/7,Kalyanpur,Dedicated Freight Corridor,Section 11 (Notice),2024-06-27,188,177,1,0,Approved,1.04,0.0,133,High,red
KH-594/5,Bhatinda Khurd,Delhi-Amritsar Expressway,Section 11 (Notice),2023-12-06,392,-27,0,0,Not Required,0.84,0.0,0,Low,green
KH-758/9,Shahpur,NH-44 Expansion,Award Enquiry,2024-02-05,331,34,0,0,Not Required,0.99,33.7,0,Low,green
KH-405/6,Rampur,NH-44 Expansion,Section 19 (Declaration),2023-12-14,384,-19,1,1,Approved,0.53,17.4,421,Critical,red
KH-257/7,Rampur,PMGSY Phase-3 Link Road,Section 11 (Notice),2024-09-29,94,271,1,0,Pending,0.94,0.0,194,Critical,red
KH-473/7,Kalyanpur,Dedicated Freight Corridor,Section 11 (Notice),2024-05-07,239,126,0,1,Pending,0.86,0.0,338,Critical,red
KH-391/1,Kalyanpur,PMGSY Phase-3 Link Road,Award Enquiry,2023-12-03,395,-30,1,1,Approved,0.63,6.1,374,Critical,red
KH-798/3,Bhatinda Khurd,PMGSY Phase-3 Link Road,Possession Taken,2023-12-12,386,-21,0,0,Approved,1.05,100.0,14,Low,green
KH-212/2,Shahpur,NH-44 Expansion,Section 15 (Hearing),2024-09-29,94,271,0,0,Pending,0.64,0.0,69,Medium,yellow
KH-794/6,Mehrauli Dehat,NH-44 Expansion,Award Enquiry,2024-04-16,260,105,0,0,Pending,0.6,61.6,103,High,red
KH-846/9,Kalyanpur,Delhi-Amritsar Expressway,Section 19 (Declaration),2023-11-21,407,-42,1,1,Approved,0.48,14.2,489,Critical,red
KH-823/2,Fatehpur,Delhi-Amritsar Expressway,Section 15 (Hearing),2024-02-19,317,48,1,0,Not Required,0.84,0.0,100,High,red
KH-139/5,Kalyanpur,Delhi-Amritsar Expressway,Award Enquiry,2024-12-08,24,341,0,0,Not Required,0.83,35.9,0,Low,green
KH-413/4,Kalyanpur,Dedicated Freight Corridor,Award Enquiry,2024-04-16,260,105,0,0,Not Required,0.44,57.8,41,Medium,yellow
KH-387/6,Fatehpur,PMGSY Phase-3 Link Road,Section 15 (Hearing),2024-07-07,178,187,0,0,Not Required,1.03,0.0,6,Low,green
KH-392/8,Bhatinda Khurd,NH-44 Expansion,Award Enquiry,2024-09-14,109,256,0,0,Not Required,0.58,61.9,60,Medium,yellow
KH-113/9,Shahpur,Delhi-Amritsar Expressway,Section 19 (Declaration),2024-06-16,199,166,1,0,Approved,0.92,17.6,166,High,red
KH-765/5,Kalyanpur,PMGSY Phase-3 Link Road,Section 11 (Notice),2024-10-24,69,296,0,0,Pending,0.49,0.0,166,High,red
KH-770/4,Kalyanpur,PMGSY Phase-3 Link Road,Section 11 (Notice),2024-11-09,53,312,1,0,Not Required,1.06,0.0,154,High,red
KH-879/4,Sultanpur,Delhi-Amritsar Expressway,Section 11 (Notice),2024-10-13,80,285,0,0,Approved,0.53,0.0,82,Medium,yellow
KH-474/8,Fatehpur,NH-44 Expansion,Award Enquiry,2024-11-13,49,316,0,0,Not Required,0.74,64.0,0,Low,green
KH-232/5,Rampur,NH-44 Expansion,Section 15 (Hearing),2023-12-04,394,-29,1,1,Not Required,0.97,0.0,404,Critical,red
KH-493/9,Shahpur,PMGSY Phase-3 Link Road,Award Enquiry,2024-02-11,325,40,1,0,Not Required,0.59,11.4,167,High,red
KH-909/9,Mehrauli Dehat,Dedicated Freight Corridor,Section 19 (Declaration),2024-08-27,127,238,1,1,Pending,0.61,14.4,356,Critical,red
KH-140/3,Bhatinda Khurd,Delhi-Amritsar Expressway,Section 19 (Declaration),2023-11-09,419,-54,0,0,Approved,0.44,93.7,58,Medium,yellow
KH-455/6,Bhatinda Khurd,NH-44 Expansion,Possession Taken,2024-08-04,150,215,0,0,Not Required,0.91,100.0,0,Low,green
KH-432/1,Fatehpur,NH-44 Expansion,Section 19 (Declaration),2024-08-27,127,238,1,0,Not Required,0.91,14.8,148,High,red
KH-988/2,Fatehpur,PMGSY Phase-3 Link Road,Section 19 (Declaration),2024-02-01,335,30,1,0,Approved,0.84,24.3,136,High,red
KH-695/7,Kalyanpur,PMGSY Phase-3 Link Road,Section 15 (Hearing),2023-12-10,388,-23,0,0,Not Required,0.91,0.0,0,Low,green
KH-195/8,Kalyanpur,PMGSY Phase-3 Link Road,Section 15 (Hearing),2023-10-27,432,-67,0,0,Not Required,1.0,0.0,0,Low,green
KH-846/3,Fatehpur,Dedicated Freight Corridor,Section 11 (Notice),2024-07-12,173,192,1,0,Not Required,0.51,0.0,187,Critical,red
KH-246/2,Mehrauli Dehat,Delhi-Amritsar Expressway,Award Enquiry,2024-01-22,345,20,0,0,Approved,1.08,36.5,2,Low,green
KH-927/1,Sultanpur,NH-44 Expansion,Award Enquiry,2024-06-04,211,154,0,0,Pending,0.41,83.7,203,Critical,red
KH-742/1,Shahpur,NH-44 Expansion,Section 11 (Notice),2024-03-15,292,73,1,1,Not Required,0.92,0.0,289,Critical,red
KH-676/8,Shahpur,Delhi-Amritsar Expressway,Section 19 (Declaration),2024-07-01,184,181,1,0,Not Required,0.74,13.5,172,High,red
KH-226/1,Shahpur,NH-44 Expansion,Section 11 (Notice),2024-03-14,293,72,0,0,Not Required,0.61,0.0,1,Low,green
KH-245/1,Kalyanpur,NH-44 Expansion,Section 15 (Hearing),2024-05-13,233,132,0,0,Not Required,0.67,0.0,0,Low,green
KH-800/7,Fatehpur,NH-44 Expansion,Award Enquiry,2024-09-22,101,264,0,0,Pending,1.09,44.6,68,Medium,yellow
KH-221/6,Rampur,NH-44 Expansion,Possession Taken,2024-10-01,92,273,0,0,Pending,0.52,100.0,166,High,green
KH-253/5,Sultanpur,Dedicated Freight Corridor,Section 19 (Declaration),2024-10-25,68,297,1,0,Approved,0.59,22.5,225,Critical,red
KH-178/1,Shahpur,Delhi-Amritsar Expressway,Section 15 (Hearing),2024-07-07,178,187,1,0,Not Required,0.5,0.0,231,Critical,red
KH-537/5,Kalyanpur,NH-44 Expansion,Section 19 (Declaration),2024-10-13,80,285,1,0,Not Required,0.53,18.5,199,Critical,red
KH-523/6,Kalyanpur,Delhi-Amritsar Expressway,Award Enquiry,2024-05-17,229,136,0,0,Not Required,0.78,65.0,0,Low,green
KH-335/7,Rampur,PMGSY Phase-3 Link Road,Possession Taken,2024-02-26,310,55,1,0,Not Required,0.94,100.0,124,High,green
KH-102/4,Shahpur,NH-44 Expansion,Section 19 (Declaration),2024-03-07,300,65,0,0,Pending,0.73,38.7,49,Medium,yellow
KH-969/3,Bhatinda Khurd,PMGSY Phase-3 Link Road,Section 15 (Hearing),2023-10-17,442,-77,0,0,Not Required,1.0,0.0,0,Low,green
KH-157/3,Rampur,Delhi-Amritsar Expressway,Award Enquiry,2023-12-08,390,-25,0,0,Approved,0.42,92.7,72,Medium,yellow
KH-708/3,Rampur,Delhi-Amritsar Expressway,Section 19 (Declaration),2024-10-06,87,278,1,0,Approved,0.46,7.7,221,Critical,red
KH-861/3,Fatehpur,Dedicated Freight Corridor,Award Enquiry,2024-05-21,225,140,1,0,Not Required,0.91,20.5,179,High,red
KH-259/1,Fatehpur,NH-44 Expansion,Possession Taken,2023-11-29,399,-34,0,0,Approved,0.52,100.0,92,High,green
KH-667/5,Sultanpur,Dedicated Freight Corridor,Section 15 (Hearing),2024-05-15,231,134,1,0,Not Required,1.05,0.0,149,High,red
KH-228/4,Mehrauli Dehat,NH-44 Expansion,Section 15 (Hearing),2024-05-31,215,150,1,0,Pending,0.53,0.0,323,Critical,red
KH-420/7,Shahpur,PMGSY Phase-3 Link Road,Section 15 (Hearing),2024-11-20,42,323,1,0,Approved,0.96,0.0,169,High,red
KH-206/2,Bhatinda Khurd,Dedicated Freight Corridor,Section 11 (Notice),2024-08-17,137,228,1,0,Approved,0.6,0.0,146,High,red
KH-111/5,Kalyanpur,Delhi-Amritsar Expressway,Section 11 (Notice),2024-08-16,138,227,1,0,Approved,0.59,0.0,242,Critical,red
KH-195/5,Rampur,Dedicated Freight Corridor,Section 19 (Declaration),2024-05-28,218,147,0,1,Not Required,0.75,50.4,255,Critical,red
KH-517/9,Rampur,Delhi-Amritsar Expressway,Section 11 (Notice),2024-02-21,315,50,0,0,Not Required,0.96,0.0,0,Low,green
KH-138/5,Kalyanpur,Delhi-Amritsar Expressway,Award Enquiry,2024-11-07,55,310,1,0,Not Required,1.02,8.3,136,High,red
KH-264/9,Sultanpur,Dedicated Freight Corridor,Award Enquiry,2023-11-11,417,-52,0,0,Not Required,0.49,48.9,100,High,red
KH-829/7,Kalyanpur,Delhi-Amritsar Expressway,Possession Taken,2024-02-11,325,40,1,0,Approved,0.45,100.0,196,Critical,green
KH-924/1,Kalyanpur,Dedicated Freight Corridor,Possession Taken,2023-11-05,423,-58,1,0,Pending,0.95,100.0,176,High,green
KH-402/3,Rampur,Dedicated Freight Corridor,Possession Taken,2024-06-14,201,164,1,0,Pending,0.65,100.0,180,Critical,green
KH-584/5,Shahpur,PMGSY Phase-3 Link Road,Section 15 (Hearing),2024-10-15,78,287,0,0,Not Required,1.08,0.0,0,Low,green
KH-393/7,Mehrauli Dehat,Delhi-Amritsar Expressway,Award Enquiry,2024-06-13,202,163,0,0,Pending,0.76,70.6,69,Medium,yellow
KH-618/8,Bhatinda Khurd,NH-44 Expansion,Possession Taken,2024-01-23,344,21,1,0,Approved,0.44,100.0,222,Critical,green
KH-262/7,Shahpur,NH-44 Expansion,Section 15 (Hearing),2024-06-02,213,152,0,1,Not Required,1.01,0.0,165,High,red
KH-647/8,Rampur,NH-44 Expansion,Section 15 (Hearing),2023-12-09,389,-24,0,0,Approved,0.48,0.0,78,Medium,yellow
KH-436/2,Bhatinda Khurd,Dedicated Freight Corridor,Possession Taken,2024-04-13,263,102,1,0,Not Required,0.55,100.0,185,Critical,green
KH-755/4,Bhatinda Khurd,NH-44 Expansion,Possession Taken,2023-11-17,411,-46,1,0,Approved,0.67,100.0,126,High,green
KH-123/7,Bhatinda Khurd,Dedicated Freight Corridor,Section 15 (Hearing),2024-11-05,57,308,1,0,Not Required,0.5,0.0,192,Critical,red
KH-319/5,Kalyanpur,NH-44 Expansion,Section 11 (Notice),2024-05-12,234,131,1,0,Approved,0.64,0.0,114,High,red
KH-529/8,Mehrauli Dehat,Delhi-Amritsar Expressway,Award Enquiry,2024-06-19,196,169,1,0,Approved,1.04,25.0,105,High,red
KH-303/2,Fatehpur,Delhi-Amritsar Expressway,Section 19 (Declaration),2024-01-12,355,10,1,0,Not Required,1.09,37.9,152,High,red
KH-424/2,Shahpur,PMGSY Phase-3 Link Road,Section 19 (Declaration),2024-03-26,281,84,1,0,Not Required,0.91,39.6,115,High,red
KH-692/2,Rampur,Delhi-Amritsar Expressway,Section 15 (Hearing),2024-05-16,230,135,0,0,Not Required,0.89,0.0,17,Low,green
KH-321/6,Kalyanpur,Delhi-Amritsar Expressway,Possession Taken,2024-12-10,22,343,0,0,Pending,0.66,100.0,83,Medium,green
KH-816/8,Fatehpur,PMGSY Phase-3 Link Road,Award Enquiry,2024-05-21,225,140,1,0,Not Required,0.65,34.0,146,High,red
KH-216/3,Mehrauli Dehat,PMGSY Phase-3 Link Road,Section 19 (Declaration),2024-09-18,105,260,0,0,Pending,0.79,40.6,67,Medium,yellow
KH-805/7,Fatehpur,Dedicated Freight Corridor,Possession Taken,2024-10-28,65,300,1,0,Approved,1.1,100.0,120,High,green
KH-657/2,Fatehpur,PMGSY Phase-3 Link Road,Possession Taken,2024-02-24,312,53,0,0,Not Required,0.96,100.0,29,Low,green
KH-316/4,Shahpur,PMGSY Phase-3 Link Road,Possession Taken,2024-06-05,210,155,0,0,Approved,0.48,100.0,92,High,green
KH-912/8,Mehrauli Dehat,PMGSY Phase-3 Link Road,Section 11 (Notice),2024-06-09,206,159,0,0,Not Required,0.95,0.0,0,Low,green
KH-774/5,Bhatinda Khurd,PMGSY Phase-3 Link Road,Section 15 (Hearing),2024-12-15,17,348,0,0,Not Required,1.03,0.0,0,Low,green
KH-257/6,Shahpur,Dedicated Freight Corridor,Section 19 (Declaration),2024-09-21,102,263,0,0,Not Required,1.07,94.5,0,Low,green
KH-948/1,Shahpur,PMGSY Phase-3 Link Road,Section 15 (Hearing),2024-01-27,340,25,0,0,Pending,0.67,0.0,106,High,red
KH-201/3,Sultanpur,NH-44 Expansion,Possession Taken,2023-11-12,416,-51,0,0,Approved,0.67,100.0,10,Low,green
KH-430/4,Rampur,NH-44 Expansion,Section 11 (Notice),2024-05-08,238,127,0,0,Approved,0.41,0.0,58,Medium,yellow
KH-656/2,Sultanpur,PMGSY Phase-3 Link Road,Section 11 (Notice),2023-12-03,395,-30,0,0,Not Required,0.91,0.0,8,Low,green
KH-768/4,Bhatinda Khurd,Delhi-Amritsar Expressway,Possession Taken,2023-10-14,445,-80,0,1,Not Required,0.57,100.0,312,Critical,green
KH-247/1,Fatehpur,NH-44 Expansion,Section 11 (Notice),2024-04-26,250,115,0,0,Pending,1.05,0.0,52,Medium,yellow
KH-284/2,Rampur,PMGSY Phase-3 Link Road,Section 19 (Declaration),2023-10-15,444,-79,0,0,Approved,0.55,36.5,41,Medium,yellow
KH-740/2,Kalyanpur,PMGSY Phase-3 Link Road,Award Enquiry,2024-07-10,175,190,1,0,Not Required,0.84,20.8,90,High,red
KH-721/1,Rampur,Dedicated Freight Corridor,Section 19 (Declaration),2024-04-14,262,103,0,0,Not Required,1.1,69.0,0,Low,green
KH-720/1,Sultanpur,NH-44 Expansion,Possession Taken,2024-03-30,277,88,0,0,Not Required,0.93,100.0,0,Low,green
KH-322/1,Bhatinda Khurd,Delhi-Amritsar Expressway,Section 15 (Hearing),2024-11-05,57,308,1,1,Approved,0.91,0.0,316,Critical,red
KH-194/6,Fatehpur,Dedicated Freight Corridor,Award Enquiry,2023-12-02,396,-31,0,0,Pending,0.97,58.3,116,High,red
KH-277/4,Fatehpur,Dedicated Freight Corridor,Award Enquiry,2024-10-26,67,298,0,0,Approved,0.81,79.8,0,Low,green
KH-839/8,Mehrauli Dehat,PMGSY Phase-3 Link Road,Award Enquiry,2024-02-16,320,45,0,0,Not Required,0.92,83.0,8,Low,green
KH-539/4,Sultanpur,Dedicated Freight Corridor,Section 19 (Declaration),2024-01-29,338,27,0,1,Not Required,0.97,59.2,173,High,red
KH-519/5,Sultanpur,Dedicated Freight Corridor,Award Enquiry,2024-12-02,30,335,1,0,Approved,0.48,33.3,196,Critical,red
KH-772/6,Bhatinda Khurd,Delhi-Amritsar Expressway,Section 19 (Declaration),2024-10-16,77,288,0,0,Approved,0.41,74.7,81,Medium,yellow
KH-914/6,Kalyanpur,NH-44 Expansion,Award Enquiry,2024-07-25,160,205,1,1,Not Required,0.82,23.5,381,Critical,red
KH-926/2,Sultanpur,PMGSY Phase-3 Link Road,Award Enquiry,2024-07-08,177,188,0,1,Approved,0.97,42.9,177,High,red
KH-381/7,Rampur,NH-44 Expansion,Award Enquiry,2024-09-21,102,263,1,0,Approved,0.82,25.7,122,High,red
KH-759/1,Mehrauli Dehat,Dedicated Freight Corridor,Section 15 (Hearing),2023-10-14,445,-80,1,0,Not Required,1.08,0.0,122,High,red
KH-381/6,Shahpur,Dedicated Freight Corridor,Award Enquiry,2024-11-07,55,310,0,0,Not Required,0.79,50.4,4,Low,green
KH-813/8,Mehrauli Dehat,NH-44 Expansion,Section 19 (Declaration),2024-02-05,331,34,0,1,Not Required,0.47,44.6,189,Critical,red
KH-804/7,Kalyanpur,Delhi-Amritsar Expressway,Section 11 (Notice),2024-09-11,112,253,1,0,Approved,0.91,0.0,154,High,red
KH-105/1,Bhatinda Khurd,NH-44 Expansion,Section 11 (Notice),2024-11-23,39,326,1,0,Not Required,1.06,0.0,79,Medium,yellow
KH-910/7,Bhatinda Khurd,Delhi-Amritsar Expressway,Section 15 (Hearing),2024-02-23,313,52,0,0,Approved,0.72,0.0,20,Low,green
KH-557/2,Sultanpur,Delhi-Amritsar Expressway,Possession Taken,2024-04-17,259,106,1,0,Not Required,0.86,100.0,107,High,green
KH-331/2,Bhatinda Khurd,Dedicated Freight Corridor,Section 11 (Notice),2024-06-20,195,170,0,0,Not Required,0.79,0.0,28,Low,green
KH-852/4,Fatehpur,NH-44 Expansion,Section 11 (Notice),2024-04-08,268,97,0,0,Approved,0.44,0.0,53,Medium,yellow
KH-494/4,Mehrauli Dehat,NH-44 Expansion,Section 19 (Declaration),2024-09-02,121,244,0,0,Not Required,0.97,79.5,0,Low,green
KH-419/8,Fatehpur,Delhi-Amritsar Expressway,Possession Taken,2024-10-24,69,296,0,0,Approved,1.04,100.0,0,Low,green
KH-563/9,Kalyanpur,PMGSY Phase-3 Link Road,Section 15 (Hearing),2024-11-12,50,315,0,0,Not Required,0.59,0.0,57,Medium,yellow
KH-572/2,Fatehpur,NH-44 Expansion,Section 15 (Hearing),2024-12-09,23,342,0,0,Not Required,1.03,0.0,7,Low,green
KH-371/2,Sultanpur,NH-44 Expansion,Section 19 (Declaration),2024-05-11,235,130,0,0,Approved,0.55,55.8,72,Medium,yellow
KH-379/6,Rampur,NH-44 Expansion,Award Enquiry,2023-12-09,389,-24,1,0,Pending,1.05,11.8,187,Critical,red
KH-722/8,Sultanpur,PMGSY Phase-3 Link Road,Section 11 (Notice),2024-01-04,363,2,1,0,Pending,0.43,0.0,349,Critical,red
KH-644/2,Bhatinda Khurd,Delhi-Amritsar Expressway,Possession Taken,2023-12-25,373,-8,1,0,Not Required,0.9,100.0,136,High,green
KH-943/5,Mehrauli Dehat,Delhi-Amritsar Expressway,Section 15 (Hearing),2023-11-11,417,-52,0,0,Approved,0.54,0.0,71,Medium,yellow
KH-851/1,Rampur,Delhi-Amritsar Expressway,Possession Taken,2023-12-25,373,-8,0,0,Not Required,0.84,100.0,5,Low,green
KH-797/2,Kalyanpur,Delhi-Amritsar Expressway,Section 19 (Declaration),2024-04-28,248,117,1,0,Approved,0.5,5.4,216,Critical,red
KH-370/2,Kalyanpur,NH-44 Expansion,Possession Taken,2024-06-20,195,170,0,0,Pending,1.08,100.0,96,High,green
KH-117/5,Shahpur,Delhi-Amritsar Expressway,Possession Taken,2024-04-04,272,93,1,0,Not Required,0.52,100.0,150,High,green
KH-459/9,Bhatinda Khurd,PMGSY Phase-3 Link Road,Section 19 (Declaration),2024-06-14,201,164,0,0,Approved,0.72,83.8,0,Low,green
KH-630/8,Rampur,Dedicated Freight Corridor,Possession Taken,2023-12-11,387,-22,0,0,Approved,0.85,100.0,0,Low,green
KH-325/3,Bhatinda Khurd,PMGSY Phase-3 Link Road,Section 11 (Notice),2024-08-14,140,225,1,0,Pending,0.8,0.0,251,Critical,red
KH-298/7,Fatehpur,NH-44 Expansion,Section 19 (Declaration),2024-02-01,335,30,0,0,Not Required,0.88,88.4,0,Low,green
KH-639/3,Bhatinda Khurd,Dedicated Freight Corridor,Section 19 (Declaration),2024-05-31,215,150,0,0,Not Required,0.81,91.4,0,Low,green
KH-693/9,Fatehpur,Dedicated Freight Corridor,Possession Taken,2024-10-16,77,288,0,1,Not Required,0.7,100.0,274,Critical,green
KH-455/5,Rampur,NH-44 Expansion,Award Enquiry,2024-01-02,365,0,1,0,Approved,0.5,28.8,228,Critical,red
KH-410/8,Bhatinda Khurd,NH-44 Expansion,Section 19 (Declaration),2024-12-10,22,343,0,0,Not Required,0.72,44.1,9,Low,green
KH-600/5,Rampur,PMGSY Phase-3 Link Road,Section 19 (Declaration),2024-01-14,353,12,0,0,Approved,0.98,33.2,14,Low,green
KH-887/9,Kalyanpur,NH-44 Expansion,Section 19 (Declaration),2024-10-05,88,277,1,0,Approved,1.1,11.9,179,High,red
KH-132/8,Bhatinda Khurd,Delhi-Amritsar Expressway,Award Enquiry,2024-05-15,231,134,0,0,Not Required,0.68,88.8,3,Low,green
KH-546/6,Shahpur,Delhi-Amritsar Expressway,Section 15 (Hearing),2024-08-11,143,222,0,0,Approved,0.49,0.0,68,Medium,yellow
KH-404/8,Sultanpur,Delhi-Amritsar Expressway,Award Enquiry,2023-11-13,415,-50,0,0,Pending,1.01,58.4,70,Medium,yellow
KH-615/6,Mehrauli Dehat,Dedicated Freight Corridor,Award Enquiry,2024-04-23,253,112,1,0,Pending,0.69,19.4,246,Critical,red
KH-531/2,Shahpur,Delhi-Amritsar Expressway,Possession Taken,2024-07-16,169,196,1,0,Not Required,0.95,100.0,164,High,green
KH-656/5,Rampur,PMGSY Phase-3 Link Road,Section 15 (Hearing),2024-05-25,221,144,0,1,Pending,0.87,0.0,393,Critical,red
KH-959/1,Rampur,NH-44 Expansion,Section 19 (Declaration),2023-10-20,439,-74,0,0,Approved,1.09,37.0,13,Low,green
KH-679/8,Fatehpur,Dedicated Freight Corridor,Section 11 (Notice),2024-10-16,77,288,0,0,Pending,0.92,0.0,103,High,red
KH-818/4,Sultanpur,Delhi-Amritsar Expressway,Possession Taken,2023-12-04,394,-29,1,0,Pending,1.08,100.0,209,Critical,green
KH-258/5,Fatehpur,Dedicated Freight Corridor,Section 11 (Notice),2023-11-01,427,-62,1,0,Approved,0.74,0.0,278,Critical,red
KH-206/8,Rampur,PMGSY Phase-3 Link Road,Award Enquiry,2024-11-19,43,322,0,0,Not Required,1.05,49.5,0,Low,green
KH-340/9,Bhatinda Khurd,PMGSY Phase-3 Link Road,Possession Taken,2024-10-15,78,287,1,0,Not Required,0.7,100.0,179,High,green
KH-623/9,Kalyanpur,PMGSY Phase-3 Link Road,Award Enquiry,2024-07-22,163,202,0,0,Approved,0.6,36.5,3,Low,green
KH-381/7,Mehrauli Dehat,NH-44 Expansion,Award Enquiry,2024-05-18,228,137,1,0,Not Required,0.97,10.2,123,High,red
KH-111/5,Rampur,PMGSY Phase-3 Link Road,Section 11 (Notice),2024-06-19,196,169,0,0,Not Required,1.07,0.0,0,Low,green
KH-383/1,Kalyanpur,Dedicated Freight Corridor,Possession Taken,2024-04-04,272,93,1,0,Not Required,0.55,100.0,254,Critical,green
KH-771/3,Bhatinda Khurd,Dedicated Freight Corridor,Award Enquiry,2023-12-17,381,-16,0,0,Approved,1.0,39.1,21,Low,green
KH-503/2,Shahpur,PMGSY Phase-3 Link Road,Award Enquiry,2024-04-20,256,109,0,0,Not Required,0.82,41.7,10,Low,green
KH-774/9,Bhatinda Khurd,Delhi-Amritsar Expressway,Section 19 (Declaration),2024-02-20,316,49,0,0,Not Required,1.07,52.6,5,Low,green
KH-146/1,Shahpur,Delhi-Amritsar Expressway,Section 15 (Hearing),2024-10-29,64,301,1,0,Approved,0.87,0.0,174,High,red
KH-878/4,Shahpur,Delhi-Amritsar Expressway,Section 11 (Notice),2024-09-19,104,261,0,0,Approved,0.91,0.0,11,Low,green
KH-483/1,Kalyanpur,Dedicated Freight Corridor,Section 11 (Notice),2023-12-26,372,-7,1,0,Not Required,0.71,0.0,196,Critical,red
KH-548/5,Kalyanpur,Delhi-Amritsar Expressway,Section 15 (Hearing),2024-05-09,237,128,0,0,Pending,0.97,0.0,119,High,red
KH-124/2,Kalyanpur,NH-44 Expansion,Section 15 (Hearing),2024-12-15,17,348,0,0,Not Required,0.65,0.0,0,Low,green
KH-173/6,Kalyanpur,PMGSY Phase-3 Link Road,Section 15 (Hearing),2023-10-18,441,-76,0,0,Not Required,0.55,0.0,75,Medium,yellow
KH-672/3,Shahpur,NH-44 Expansion,Award Enquiry,2024-05-13,233,132,0,0,Not Required,0.84,86.8,2,Low,green
KH-629/5,Rampur,NH-44 Expansion,Award Enquiry,2024-08-21,133,232,0,1,Not Required,0.44,65.1,225,Critical,red
KH-948/5,Mehrauli Dehat,Dedicated Freight Corridor,Section 11 (Notice),2024-09-28,95,270,0,0,Not Required,1.08,0.0,0,Low,green
KH-973/9,Sultanpur,Dedicated Freight Corridor,Award Enquiry,2024-02-05,331,34,1,0,Not Required,0.44,29.4,176,High,red
KH-369/1,Rampur,Dedicated Freight Corridor,Award Enquiry,2024-08-06,148,217,0,0,Approved,0.54,87.7,27,Low,green
KH-851/6,Shahpur,NH-44 Expansion,Section 15 (Hearing),2024-04-09,267,98,0,0,Approved,0.45,0.0,87,Medium,yellow
KH-182/9,Mehrauli Dehat,Delhi-Amritsar Expressway,Section 19 (Declaration),2023-12-13,385,-20,0,0,Pending,0.43,32.3,157,High,red
KH-410/4,Rampur,NH-44 Expansion,Section 11 (Notice),2023-11-17,411,-46,1,0,Not Required,0.95,0.0,221,Critical,red
KH-798/1,Sultanpur,PMGSY Phase-3 Link Road,Section 11 (Notice),2024-06-02,213,152,1,0,Not Required,0.94,0.0,146,High,red
KH-662/3,Rampur,PMGSY Phase-3 Link Road,Section 11 (Notice),2024-02-06,330,35,1,1,Not Required,1.09,0.0,463,Critical,red
KH-159/4,Kalyanpur,NH-44 Expansion,Possession Taken,2024-12-12,20,345,0,0,Pending,0.56,100.0,174,High,green
KH-144/6,Bhatinda Khurd,Delhi-Amritsar Expressway,Section 19 (Declaration),2024-10-12,81,284,1,0,Not Required,0.82,21.8,109,High,red
KH-656/4,Mehrauli Dehat,Dedicated Freight Corridor,Section 15 (Hearing),2024-05-04,242,123,1,0,Approved,0.9,0.0,146,High,red
KH-769/4,Sultanpur,Dedicated Freight Corridor,Section 19 (Declaration),2023-12-26,372,-7,1,0,Approved,0.78,8.7,138,High,red
KH-308/3,Shahpur,Delhi-Amritsar Expressway,Section 19 (Declaration),2023-12-04,394,-29,0,0,Pending,0.79,38.0,115,High,red
KH-340/8,Fatehpur,PMGSY Phase-3 Link Road,Section 11 (Notice),2024-12-07,25,340,0,1,Approved,0.75,0.0,143,High,red
KH-407/2,Rampur,Dedicated Freight Corridor,Possession Taken,2024-06-04,211,154,0,0,Not Required,0.75,100.0,15,Low,green
KH-145/4,Kalyanpur,PMGSY Phase-3 Link Road,Section 15 (Hearing),2024-01-15,352,13,0,0,Not Required,0.7,0.0,0,Low,green
KH-654/6,Rampur,Dedicated Freight Corridor,Section 19 (Declaration),2023-10-30,429,-64,0,0,Approved,0.93,44.1,23,Low,green
KH-901/1,Shahpur,NH-44 Expansion,Possession Taken,2024-06-02,213,152,1,0,Not Required,1.07,100.0,177,High,green
KH-836/9,Bhatinda Khurd,Delhi-Amritsar Expressway,Award Enquiry,2024-04-22,254,111,1,0,Not Required,0.92,37.4,120,High,red
KH-798/5,Rampur,Delhi-Amritsar Expressway,Possession Taken,2024-07-19,166,199,1,0,Approved,0.64,100.0,123,High,green
KH-375/5,Shahpur,NH-44 Expansion,Section 11 (Notice),2024-07-13,172,193,0,0,Approved,0.8,0.0,0,Low,green
KH-283/8,Mehrauli Dehat,NH-44 Expansion,Award Enquiry,2024-12-13,19,346,1,0,Pending,0.73,38.8,262,Critical,red
KH-159/2,Bhatinda Khurd,Dedicated Freight Corridor,Section 11 (Notice),2024-05-06,240,125,0,0,Approved,0.53,0.0,49,Medium,yellow
KH-332/3,Kalyanpur,NH-44 Expansion,Section 15 (Hearing),2024-10-20,73,292,0,0,Not Required,0.86,0.0,0,Low,green
KH-550/6,Rampur,Delhi-Amritsar Expressway,Section 11 (Notice),2023-12-18,380,-15,0,1,Approved,1.09,0.0,334,Critical,red
KH-145/4,Bhatinda Khurd,NH-44 Expansion,Section 11 (Notice),2024-04-02,274,91,1,0,Approved,0.71,0.0,141,High,red
KH-684/6,Shahpur,PMGSY Phase-3 Link Road,Section 11 (Notice),2024-01-24,343,22,1,1,Approved,0.7,0.0,428,Critical,red
KH-401/1,Kalyanpur,Dedicated Freight Corridor,Section 11 (Notice),2024-07-22,163,202,0,0,Not Required,1.05,0.0,14,Low,green
KH-623/9,Shahpur,Dedicated Freight Corridor,Section 15 (Hearing),2024-06-07,208,157,1,0,Not Required,0.98,0.0,98,High,red
KH-880/2,Rampur,Delhi-Amritsar Expressway,Possession Taken,2024-04-04,272,93,0,0,Not Required,1.1,100.0,12,Low,green
KH-651/2,Shahpur,NH-44 Expansion,Possession Taken,2024-04-20,256,109,0,1,Approved,0.86,100.0,280,Critical,green
KH-956/5,Kalyanpur,Dedicated Freight Corridor,Section 15 (Hearing),2023-11-04,424,-59,0,0,Approved,0.94,0.0,0,Low,green
KH-866/2,Fatehpur,Delhi-Amritsar Expressway,Award Enquiry,2023-12-08,390,-25,0,0,Approved,1.07,56.6,0,Low,green
KH-178/6,Fatehpur,PMGSY Phase-3 Link Road,Possession Taken,2024-08-22,132,233,1,0,Approved,0.71,100.0,156,High,green
KH-720/5,Shahpur,Dedicated Freight Corridor,Section 19 (Declaration),2024-07-10,175,190,0,1,Approved,0.48,56.6,338,Critical,red
KH-891/4,Kalyanpur,PMGSY Phase-3 Link Road,Section 11 (Notice),2024-09-23,100,265,0,0,Not Required,0.48,0.0,84,Medium,yellow
KH-581/2,Kalyanpur,NH-44 Expansion,Award Enquiry,2024-12-05,27,338,1,0,Approved,0.88,39.6,106,High,red
KH-497/7,Bhatinda Khurd,Delhi-Amritsar Expressway,Award Enquiry,2023-12-27,371,-6,0,0,Pending,0.79,76.3,43,Medium,yellow
KH-444/2,Fatehpur,NH-44 Expansion,Section 11 (Notice),2023-12-05,393,-28,1,0,Not Required,1.04,0.0,275,Critical,red
KH-858/7,Bhatinda Khurd,PMGSY Phase-3 Link Road,Section 15 (Hearing),2023-12-08,390,-25,0,0,Not Required,0.53,0.0,85,Medium,yellow
KH-764/8,Mehrauli Dehat,Dedicated Freight Corridor,Award Enquiry,2024-09-18,105,260,0,0,Not Required,0.76,68.2,0,Low,green
KH-677/9,Sultanpur,PMGSY Phase-3 Link Road,Section 19 (Declaration),2024-07-05,180,185,0,0,Not Required,0.67,79.2,10,Low,green
KH-384/6,Rampur,Dedicated Freight Corridor,Section 19 (Declaration),2024-09-24,99,266,0,0,Approved,0.48,47.8,64,Medium,yellow
KH-365/2,Kalyanpur,Dedicated Freight Corridor,Section 15 (Hearing),2024-10-29,64,301,0,1,Pending,0.54,0.0,468,Critical,red
KH-918/4,Rampur,PMGSY Phase-3 Link Road,Section 11 (Notice),2024-06-11,204,161,0,1,Pending,0.54,0.0,459,Critical,red
KH-402/2,Fatehpur,NH-44 Expansion,Award Enquiry,2024-05-10,236,129,1,0,Not Required,0.75,8.0,91,High,red
KH-180/4,Fatehpur,NH-44 Expansion,Section 19 (Declaration),2024-09-28,95,270,0,0,Not Required,0.75,47.9,6,Low,green
KH-895/2,Fatehpur,Dedicated Freight Corridor,Section 11 (Notice),2024-05-10,236,129,1,0,Approved,0.47,0.0,228,Critical,red
KH-776/1,Fatehpur,NH-44 Expansion,Section 15 (Hearing),2024-10-08,85,280,1,0,Pending,0.81,0.0,206,Critical,red
KH-596/3,Fatehpur,PMGSY Phase-3 Link Road,Section 19 (Declaration),2024-10-11,82,283,0,0,Not Required,0.54,86.9,79,Medium,yellow
KH-282/1,Mehrauli Dehat,Dedicated Freight Corridor,Possession Taken,2024-06-06,209,156,0,0,Not Required,0.84,100.0,0,Low,green
KH-643/3,Bhatinda Khurd,Delhi-Amritsar Expressway,Section 19 (Declaration),2024-01-10,357,8,1,0,Not Required,0.74,32.9,145,High,red
KH-402/2,Kalyanpur,NH-44 Expansion,Section 19 (Declaration),2024-05-17,229,136,1,0,Not Required,1.08,16.4,171,High,red
KH-426/2,Bhatinda Khurd,PMGSY Phase-3 Link Road,Section 15 (Hearing),2023-11-17,411,-46,1,0,Approved,1.02,0.0,160,High,red
KH-129/5,Bhatinda Khurd,Delhi-Amritsar Expressway,Award Enquiry,2024-11-16,46,319,0,0,Approved,0.79,51.0,7,Low,green
KH-928/8,Mehrauli Dehat,PMGSY Phase-3 Link Road,Section 19 (Declaration),2024-11-20,42,323,0,0,Pending,0.59,77.3,177,High,red
KH-519/4,Sultanpur,Delhi-Amritsar Expressway,Possession Taken,2024-09-03,120,245,0,0,Pending,0.95,100.0,55,Medium,green
KH-120/1,Shahpur,PMGSY Phase-3 Link Road,Section 11 (Notice),2023-11-14,414,-49,1,0,Approved,0.89,0.0,250,Critical,red
KH-770/1,Sultanpur,Delhi-Amritsar Expressway,Section 19 (Declaration),2024-03-18,289,76,0,0,Approved,0.54,40.2,69,Medium,yellow
KH-397/3,Bhatinda Khurd,Dedicated Freight Corridor,Award Enquiry,2024-08-29,125,240,1,1,Not Required,0.79,13.7,251,Critical,red
KH-910/8,Rampur,Delhi-Amritsar Expressway,Section 19 (Declaration),2024-07-16,169,196,0,0,Pending,0.42,71.1,176,High,red
KH-510/3,Shahpur,Dedicated Freight Corridor,Section 11 (Notice),2024-11-08,54,311,1,0,Pending,0.45,0.0,372,Critical,red
KH-197/7,Kalyanpur,Dedicated Freight Corridor,Section 19 (Declaration),2024-05-14,232,133,1,0,Not Required,0.76,5.8,123,High,red
KH-771/8,Mehrauli Dehat,Dedicated Freight Corridor,Award Enquiry,2024-10-31,62,303,0,0,Approved,0.56,56.4,57,Medium,yellow
KH-646/9,Kalyanpur,PMGSY Phase-3 Link Road,Section 11 (Notice),2024-04-07,269,96,0,1,Not Required,0.91,0.0,268,Critical,red
KH-563/4,Sultanpur,NH-44 Expansion,Award Enquiry,2023-11-19,409,-44,0,0,Approved,0.56,54.0,66,Medium,yellow
KH-247/2,Rampur,Delhi-Amritsar Expressway,Section 15 (Hearing),2024-04-11,265,100,0,0,Not Required,0.82,0.0,0,Low,green
KH-958/8,Sultanpur,Delhi-Amritsar Expressway,Section 11 (Notice),2023-11-21,407,-42,0,0,Not Required,0.75,0.0,0,Low,green
KH-954/3,Rampur,Dedicated Freight Corridor,Possession Taken,2024-02-15,321,44,1,0,Approved,0.68,100.0,82,Medium,green
KH-675/8,Sultanpur,PMGSY Phase-3 Link Road,Section 19 (Declaration),2024-01-19,348,17,1,0,Not Required,0.57,21.1,233,Critical,red
KH-850/2,Rampur,PMGSY Phase-3 Link Road,Section 11 (Notice),2024-06-08,207,158,1,0,Approved,0.49,0.0,146,High,red
KH-302/8,Shahpur,NH-44 Expansion,Section 11 (Notice),2024-05-14,232,133,1,0,Pending,0.75,0.0,281,Critical,red
KH-995/9,Mehrauli Dehat,PMGSY Phase-3 Link Road,Section 11 (Notice),2024-07-19,166,199,0,0,Not Required,0.48,0.0,54,Medium,yellow
KH-480/3,Kalyanpur,Dedicated Freight Corridor,Possession Taken,2024-01-02,365,0,0,0,Not Required,0.54,100.0,102,High,green
KH-719/5,Mehrauli Dehat,PMGSY Phase-3 Link Road,Section 15 (Hearing),2024-07-01,184,181,1,0,Approved,1.05,0.0,76,Medium,yellow
KH-585/1,Bhatinda Khurd,PMGSY Phase-3 Link Road,Section 15 (Hearing),2024-10-02,91,274,0,0,Not Required,0.73,0.0,6,Low,green
KH-196/9,Mehrauli Dehat,Dedicated Freight Corridor,Section 11 (Notice),2024-11-16,46,319,0,0,Approved,0.84,0.0,2,Low,green
KH-751/9,Kalyanpur,Dedicated Freight Corridor,Section 11 (Notice),2024-09-10,113,252,1,1,Approved,0.59,0.0,492,Critical,red
KH-360/9,Sultanpur,Delhi-Amritsar Expressway,Section 11 (Notice),2024-02-18,318,47,0,0,Pending,0.51,0.0,156,High,red
KH-204/3,Shahpur,PMGSY Phase-3 Link Road,Section 19 (Declaration),2024-02-27,309,56,0,0,Not Required,0.94,68.5,0,Low,green
KH-992/8,Kalyanpur,Delhi-Amritsar Expressway,Section 11 (Notice),2023-11-12,416,-51,1,1,Not Required,0.56,0.0,463,Critical,red
KH-995/1,Bhatinda Khurd,NH-44 Expansion,Section 11 (Notice),2024-10-08,85,280,1,0,Pending,0.76,0.0,239,Critical,red
KH-612/2,Kalyanpur,PMGSY Phase-3 Link Road,Award Enquiry,2023-11-17,411,-46,0,0,Not Required,0.67,60.8,0,Low,green
KH-643/2,Sultanpur,Delhi-Amritsar Expressway,Section 15 (Hearing),2024-01-28,339,26,0,0,Pending,0.98,0.0,88,Medium,yellow
KH-552/8,Fatehpur,Dedicated Freight Corridor,Section 11 (Notice),2024-03-07,300,65,1,0,Pending,1.03,0.0,248,Critical,red
KH-731/9,Kalyanpur,PMGSY Phase-3 Link Road,Section 19 (Declaration),2024-09-17,106,259,0,0,Not Required,1.05,94.7,0,Low,green
KH-299/1,Sultanpur,Dedicated Freight Corridor,Section 19 (Declaration),2024-10-30,63,302,0,0,Not Required,1.04,89.5,0,Low,green
KH-379/1,Fatehpur,Dedicated Freight Corridor,Award Enquiry,2024-05-28,218,147,0,0,Not Required,0.43,75.2,54,Medium,yellow
KH-685/1,Shahpur,PMGSY Phase-3 Link Road,Possession Taken,2024-01-29,338,27,0,1,Approved,0.72,100.0,188,Critical,green
KH-868/9,Shahpur,NH-44 Expansion,Section 11 (Notice),2024-06-11,204,161,1,0,Not Required,0.42,0.0,182,Critical,red
KH-966/2,Rampur,PMGSY Phase-3 Link Road,Section 11 (Notice),2024-07-10,175,190,1,0,Not Required,0.47,0.0,223,Critical,red
KH-957/6,Fatehpur,Delhi-Amritsar Expressway,Possession Taken,2023-12-14,384,-19,0,0,Not Required,1.06,100.0,7,Low,green
KH-512/7,Shahpur,NH-44 Expansion,Section 11 (Notice),2024-09-10,113,252,0,0,Not Required,0.98,0.0,0,Low,green
KH-185/3,Mehrauli Dehat,NH-44 Expansion,Section 19 (Declaration),2024-02-10,326,39,0,0,Not Required,0.54,62.9,78,Medium,yellow
KH-103/5,Bhatinda Khurd,Dedicated Freight Corridor,Section 11 (Notice),2024-06-26,189,176,0,0,Not Required,0.73,0.0,13,Low,green
KH-188/3,Bhatinda Khurd,NH-44 Expansion,Section 15 (Hearing),2023-11-10,418,-53,0,0,Not Required,0.41,0.0,81,Medium,yellow
KH-841/4,Bhatinda Khurd,Delhi-Amritsar Expressway,Section 15 (Hearing),2024-07-12,173,192,0,0,Not Required,0.44,0.0,82,Medium,yellow
KH-678/6,Mehrauli Dehat,Delhi-Amritsar Expressway,Section 15 (Hearing),2024-07-31,154,211,0,0,Not Required,1.02,0.0,0,Low,green
KH-814/8,Bhatinda Khurd,NH-44 Expansion,Award Enquiry,2024-06-19,196,169,0,0,Not Required,0.81,52.7,6,Low,green
KH-746/3,Rampur,PMGSY Phase-3 Link Road,Section 15 (Hearing),2024-03-17,290,75,0,0,Not Required,0.8,0.0,22,Low,green
KH-761/5,Kalyanpur,Dedicated Freight Corridor,Possession Taken,2024-03-10,297,68,1,0,Not Required,0.98,100.0,112,High,green
KH-132/2,Sultanpur,Delhi-Amritsar Expressway,Award Enquiry,2024-10-07,86,279,0,0,Approved,0.73,51.0,4,Low,green
KH-134/6,Fatehpur,NH-44 Expansion,Section 19 (Declaration),2024-12-13,19,346,1,0,Pending,0.51,21.6,272,Critical,red
KH-266/8,Sultanpur,Delhi-Amritsar Expressway,Section 11 (Notice),2024-05-07,239,126,0,0,Pending,0.97,0.0,96,High,red
KH-848/7,Mehrauli Dehat,Delhi-Amritsar Expressway,Section 19 (Declaration),2023-12-13,385,-20,1,1,Not Required,0.66,16.8,448,Critical,red
KH-531/7,Shahpur,Dedicated Freight Corridor,Possession Taken,2024-05-26,220,145,0,0,Approved,0.82,100.0,0,Low,green
KH-407/9,Kalyanpur,Delhi-Amritsar Expressway,Section 15 (Hearing),2024-01-13,354,11,0,0,Pending,0.63,0.0,80,Medium,yellow
KH-884/3,Shahpur,Dedicated Freight Corridor,Award Enquiry,2024-05-29,217,148,0,0,Not Required,0.52,30.1,44,Medium,yellow
KH-414/2,Kalyanpur,Delhi-Amritsar Expressway,Section 15 (Hearing),2024-05-08,238,127,0,0,Approved,0.46,0.0,39,Medium,yellow
KH-894/6,Rampur,PMGSY Phase-3 Link Road,Section 15 (Hearing),2024-06-24,191,174,0,0,Pending,0.47,0.0,179,High,red
KH-583/7,Shahpur,PMGSY Phase-3 Link Road,Section 15 (Hearing),2023-11-23,405,-40,0,0,Approved,1.04,0.0,0,Low,green
KH-236/7,Shahpur,Dedicated Freight Corridor,Section 19 (Declaration),2023-10-25,434,-69,0,0,Not Required,0.87,86.7,5,Low,green
KH-455/8,Fatehpur,NH-44 Expansion,Section 15 (Hearing),2024-02-10,326,39,0,0,Approved,0.52,0.0,54,Medium,yellow
KH-942/1,Sultanpur,PMGSY Phase-3 Link Road,Section 11 (Notice),2024-01-22,345,20,0,0,Not Required,0.56,0.0,165,High,red
KH-545/2,Bhatinda Khurd,PMGSY Phase-3 Link Road,Section 15 (Hearing),2024-05-14,232,133,0,0,Not Required,0.51,0.0,47,Medium,yellow
KH-135/5,Mehrauli Dehat,Delhi-Amritsar Expressway,Section 15 (Hearing),2024-05-28,218,147,1,0,Pending,0.88,0.0,204,Critical,red
KH-850/2,Fatehpur,PMGSY Phase-3 Link Road,Section 11 (Notice),2024-09-26,97,268,1,0,Not Required,0.62,0.0,163,High,red
KH-111/8,Fatehpur,PMGSY Phase-3 Link Road,Award Enquiry,2023-11-19,409,-44,0,0,Not Required,0.44,57.6,106,High,red
KH-899/8,Fatehpur,Dedicated Freight Corridor,Possession Taken,2024-06-14,201,164,0,0,Pending,0.48,100.0,144,High,green
KH-790/2,Kalyanpur,NH-44 Expansion,Section 19 (Declaration),2023-12-21,377,-12,1,0,Approved,0.81,11.9,178,High,red
KH-149/8,Bhatinda Khurd,NH-44 Expansion,Section 11 (Notice),2024-04-11,265,100,0,0,Pending,0.72,0.0,94,High,red
KH-358/7,Bhatinda Khurd,Dedicated Freight Corridor,Section 11 (Notice),2024-03-15,292,73,0,0,Not Required,0.59,0.0,59,Medium,yellow
KH-432/5,Fatehpur,NH-44 Expansion,Possession Taken,2024-10-21,72,293,1,0,Approved,0.65,100.0,95,High,green
KH-279/2,Sultanpur,NH-44 Expansion,Section 15 (Hearing),2023-12-11,387,-22,1,0,Not Required,0.5,0.0,240,Critical,red
KH-569/4,Shahpur,PMGSY Phase-3 Link Road,Section 11 (Notice),2024-11-08,54,311,0,0,Not Required,0.63,0.0,30,Medium,yellow
KH-203/7,Sultanpur,NH-44 Expansion,Section 19 (Declaration),2024-01-26,341,24,1,0,Not Required,0.92,19.8,59,Medium,yellow
KH-838/2,Shahpur,PMGSY Phase-3 Link Road,Section 11 (Notice),2023-11-07,421,-56,0,0,Pending,0.53,0.0,246,Critical,red
KH-912/4,Fatehpur,NH-44 Expansion,Section 19 (Declaration),2024-02-28,308,57,0,0,Approved,0.73,79.4,0,Low,green
KH-896/3,Bhatinda Khurd,NH-44 Expansion,Possession Taken,2024-05-27,219,146,0,0,Not Required,1.04,100.0,6,Low,green
KH-516/4,Rampur,PMGSY Phase-3 Link Road,Section 15 (Hearing),2024-07-30,155,210,0,1,Approved,0.59,0.0,277,Critical,red
KH-394/8,Sultanpur,PMGSY Phase-3 Link Road,Possession Taken,2024-07-02,183,182,0,0,Not Required,0.78,100.0,0,Low,green
KH-451/6,Bhatinda Khurd,Dedicated Freight Corridor,Award Enquiry,2024-10-01,92,273,0,0,Not Required,0.72,78.3,0,Low,green
KH-789/7,Bhatinda Khurd,PMGSY Phase-3 Link Road,Section 11 (Notice),2024-01-14,353,12,0,0,Pending,1.0,0.0,172,High,red
KH-453/2,Kalyanpur,Dedicated Freight Corridor,Section 19 (Declaration),2024-07-21,164,201,0,0,Not Required,0.93,59.3,0,Low,green
KH-698/3,Sultanpur,Dedicated Freight Corridor,Possession Taken,2024-05-11,235,130,0,0,Not Required,0.69,100.0,27,Low,green
KH-390/9,Fatehpur,PMGSY Phase-3 Link Road,Section 15 (Hearing),2024-06-08,207,158,1,0,Not Required,1.04,0.0,89,Medium,yellow
KH-316/2,Sultanpur,Dedicated Freight Corridor,Section 15 (Hearing),2024-09-27,96,269,0,0,Not Required,0.94,0.0,1,Low,green
KH-322/7,Sultanpur,Dedicated Freight Corridor,Section 19 (Declaration),2023-11-19,409,-44,1,0,Approved,0.65,8.7,166,High,red
KH-501/4,Shahpur,PMGSY Phase-3 Link Road,Award Enquiry,2023-11-26,402,-37,0,0,Not Required,0.72,83.7,0,Low,green
KH-281/7,Bhatinda Khurd,NH-44 Expansion,Possession Taken,2023-10-20,439,-74,1,0,Approved,0.63,100.0,161,High,green
KH-200/7,Sultanpur,PMGSY Phase-3 Link Road,Award Enquiry,2024-05-21,225,140,0,0,Not Required,0.53,31.9,34,Medium,yellow
KH-182/7,Rampur,Dedicated Freight Corridor,Possession Taken,2024-08-12,142,223,1,0,Pending,0.52,100.0,331,Critical,green
KH-860/7,Sultanpur,Delhi-Amritsar Expressway,Section 15 (Hearing),2024-04-27,249,116,0,0,Not Required,0.66,0.0,11,Low,green
KH-829/4,Bhatinda Khurd,Delhi-Amritsar Expressway,Section 19 (Declaration),2024-11-14,48,317,1,0,Approved,1.03,12.2,145,High,red
KH-554/4,Shahpur,Delhi-Amritsar Expressway,Award Enquiry,2024-04-05,271,94,0,0,Not Required,0.85,82.2,13,Low,green
KH-839/2,Rampur,NH-44 Expansion,Award Enquiry,2024-03-26,281,84,1,0,Pending,1.1,35.2,206,Critical,red
KH-833/9,Rampur,NH-44 Expansion,Award Enquiry,2024-04-15,261,104,0,0,Approved,0.98,33.9,6,Low,green
KH-509/9,Fatehpur,PMGSY Phase-3 Link Road,Award Enquiry,2023-11-10,418,-53,0,0,Pending,0.49,39.5,165,High,red
KH-273/6,Mehrauli Dehat,Dedicated Freight Corridor,Section 15 (Hearing),2024-08-15,139,226,1,0,Not Required,0.96,0.0,106,High,red
KH-810/2,Mehrauli Dehat,PMGSY Phase-3 Link Road,Section 15 (Hearing),2023-11-26,402,-37,0,1,Not Required,0.58,0.0,307,Critical,red
KH-816/5,Sultanpur,Dedicated Freight Corridor,Possession Taken,2024-11-29,33,332,1,0,Approved,0.93,100.0,108,High,green
KH-479/6,Fatehpur,Dedicated Freight Corridor,Section 19 (Declaration),2023-12-17,381,-16,1,0,Not Required,0.51,27.2,237,Critical,red
KH-861/3,Kalyanpur,Dedicated Freight Corridor,Award Enquiry,2024-08-08,146,219,0,0,Not Required,0.85,31.8,0,Low,green
KH-698/1,Bhatinda Khurd,Dedicated Freight Corridor,Possession Taken,2023-12-02,396,-31,0,0,Pending,1.01,100.0,86,Medium,green
KH-274/6,Fatehpur,Delhi-Amritsar Expressway,Possession Taken,2024-04-05,271,94,0,0,Pending,0.62,100.0,40,Medium,green
KH-763/3,Shahpur,PMGSY Phase-3 Link Road,Section 15 (Hearing),2024-04-14,262,103,0,0,Not Required,1.03,0.0,0,Low,green
KH-329/3,Bhatinda Khurd,NH-44 Expansion,Section 15 (Hearing),2024-06-18,197,168,0,0,Pending,0.75,0.0,111,High,red
KH-333/4,Bhatinda Khurd,NH-44 Expansion,Award Enquiry,2024-02-01,335,30,0,0,Not Required,0.47,51.4,68,Medium,yellow
KH-181/1,Mehrauli Dehat,Delhi-Amritsar Expressway,Section 15 (Hearing),2024-08-08,146,219,0,0,Approved,0.96,0.0,11,Low,green
KH-834/8,Kalyanpur,NH-44 Expansion,Possession Taken,2024-08-03,151,214,1,0,Pending,0.79,100.0,208,Critical,green
KH-333/4,Sultanpur,PMGSY Phase-3 Link Road,Award Enquiry,2024-10-28,65,300,1,0,Not Required,0.78,32.3,138,High,red
KH-589/2,Mehrauli Dehat,NH-44 Expansion,Award Enquiry,2024-09-07,116,249,0,0,Approved,0.47,68.3,82,Medium,yellow
KH-695/7,Shahpur,NH-44 Expansion,Award Enquiry,2023-11-15,413,-48,0,0,Pending,0.85,68.3,105,High,red
KH-100/5,Shahpur,PMGSY Phase-3 Link Road,Possession Taken,2024-08-01,153,212,1,1,Not Required,0.74,100.0,346,Critical,green
KH-760/5,Bhatinda Khurd,Delhi-Amritsar Expressway,Section 19 (Declaration),2024-07-30,155,210,1,0,Not Required,0.87,22.6,192,Critical,red
KH-426/9,Mehrauli Dehat,PMGSY Phase-3 Link Road,Section 15 (Hearing),2024-09-17,106,259,0,0,Not Required,0.45,0.0,76,Medium,yellow
KH-982/8,Bhatinda Khurd,Delhi-Amritsar Expressway,Section 15 (Hearing),2023-11-15,413,-48,1,0,Approved,0.48,0.0,169,High,red
KH-884/9,Mehrauli Dehat,NH-44 Expansion,Section 19 (Declaration),2024-02-09,327,38,0,0,Not Required,0.55,73.7,68,Medium,yellow
KH-628/8,Fatehpur,PMGSY Phase-3 Link Road,Section 19 (Declaration),2024-08-22,132,233,0,0,Not Required,1.05,60.7,13,Low,green
KH-248/5,Bhatinda Khurd,Dedicated Freight Corridor,Section 19 (Declaration),2024-05-01,245,120,0,0,Approved,0.62,66.6,0,Low,green
KH-243/8,Shahpur,Dedicated Freight Corridor,Section 11 (Notice),2023-10-25,434,-69,1,0,Approved,0.89,0.0,221,Critical,red
KH-952/6,Rampur,Dedicated Freight Corridor,Award Enquiry,2023-11-09,419,-54,1,1,Pending,0.67,24.5,419,Critical,red
KH-209/2,Kalyanpur,Delhi-Amritsar Expressway,Section 19 (Declaration),2023-12-13,385,-20,0,0,Pending,0.74,76.9,101,High,red
KH-823/8,Kalyanpur,Dedicated Freight Corridor,Possession Taken,2024-02-21,315,50,0,0,Not Required,0.66,100.0,0,Low,green
KH-382/9,Bhatinda Khurd,PMGSY Phase-3 Link Road,Section 19 (Declaration),2024-10-22,71,294,1,0,Not Required,0.73,35.8,78,Medium,yellow
KH-523/3,Shahpur,Delhi-Amritsar Expressway,Possession Taken,2024-07-17,168,197,0,0,Not Required,0.8,100.0,2,Low,green
KH-435/9,Shahpur,Dedicated Freight Corridor,Possession Taken,2024-03-21,286,79,1,0,Not Required,0.97,100.0,185,Critical,green
KH-973/6,Shahpur,PMGSY Phase-3 Link Road,Section 15 (Hearing),2024-09-14,109,256,0,0,Not Required,0.62,0.0,0,Low,green
KH-303/5,Bhatinda Khurd,NH-44 Expansion,Section 15 (Hearing),2024-10-17,76,289,1,0,Not Required,0.85,0.0,138,High,red
KH-149/9,Rampur,Dedicated Freight Corridor,Section 11 (Notice),2024-03-03,304,61,0,0,Not Required,0.71,0.0,0,Low,green
KH-917/6,Shahpur,PMGSY Phase-3 Link Road,Section 19 (Declaration),2024-02-27,309,56,1,0,Pending,0.63,7.3,171,High,red
KH-215/9,Kalyanpur,NH-44 Expansion,Possession Taken,2024-04-22,254,111,0,1,Not Required,0.83,100.0,225,Critical,green
KH-541/5,Mehrauli Dehat,PMGSY Phase-3 Link Road,Section 15 (Hearing),2024-01-19,348,17,0,0,Not Required,0.63,0.0,0,Low,green
KH-564/9,Shahpur,PMGSY Phase-3 Link Road,Section 11 (Notice),2024-05-26,220,145,1,0,Not Required,0.8,0.0,95,High,red
KH-108/4,Bhatinda Khurd,PMGSY Phase-3 Link Road,Section 15 (Hearing),2024-08-07,147,218,0,0,Approved,1.0,0.0,9,Low,green
KH-645/8,Fatehpur,Delhi-Amritsar Expressway,Possession Taken,2024-06-19,196,169,0,0,Pending,1.03,100.0,116,High,green
KH-891/3,Kalyanpur,Dedicated Freight Corridor,Section 15 (Hearing),2024-10-27,66,299,0,0,Not Required,0.42,0.0,68,Medium,yellow
KH-170/6,Shahpur,Dedicated Freight Corridor,Section 15 (Hearing),2024-01-16,351,14,1,0,Not Required,0.55,0.0,180,Critical,red
KH-322/6,Rampur,Delhi-Amritsar Expressway,Award Enquiry,2024-10-15,78,287,0,0,Not Required,0.98,54.4,0,Low,green
KH-857/4,Mehrauli Dehat,NH-44 Expansion,Award Enquiry,2024-05-07,239,126,1,0,Not Required,0.68,12.2,140,High,red
KH-279/9,Sultanpur,NH-44 Expansion,Section 15 (Hearing),2023-11-26,402,-37,1,0,Not Required,0.55,0.0,232,Critical,red
KH-192/9,Bhatinda Khurd,PMGSY Phase-3 Link Road,Section 19 (Declaration),2024-04-01,275,90,0,0,Pending,0.48,59.7,142,High,red
KH-978/2,Bhatinda Khurd,Dedicated Freight Corridor,Section 19 (Declaration),2023-10-16,443,-78,0,1,Approved,0.45,91.5,291,Critical,red
KH-582/1,Bhatinda Khurd,Dedicated Freight Corridor,Section 11 (Notice),2024-10-06,87,278,0,0,Not Required,0.99,0.0,0,Low,green
KH-581/1,Rampur,Delhi-Amritsar Expressway,Section 19 (Declaration),2024-06-10,205,160,0,0,Approved,0.83,83.5,0,Low,green
KH-631/3,Fatehpur,Delhi-Amritsar Expressway,Section 19 (Declaration),2024-10-22,71,294,1,0,Approved,0.95,6.0,102,High,red
KH-961/5,Sultanpur,Dedicated Freight Corridor,Section 11 (Notice),2023-11-12,416,-51,0,0,Not Required,0.42,0.0,127,High,red
KH-712/9,Kalyanpur,Delhi-Amritsar Expressway,Section 11 (Notice),2024-12-10,22,343,0,1,Approved,0.64,0.0,187,Critical,red
KH-525/9,Mehrauli Dehat,Delhi-Amritsar Expressway,Possession Taken,2023-10-30,429,-64,0,0,Approved,0.85,100.0,0,Low,green
KH-363/3,Bhatinda Khurd,Dedicated Freight Corridor,Possession Taken,2024-01-10,357,8,0,0,Pending,0.9,100.0,88,Medium,green
KH-684/4,Kalyanpur,Delhi-Amritsar Expressway,Possession Taken,2024-10-12,81,284,0,0,Not Required,0.96,100.0,0,Low,green
KH-861/2,Fatehpur,PMGSY Phase-3 Link Road,Section 19 (Declaration),2024-02-07,329,36,0,0,Not Required,0.47,44.7,64,Medium,yellow
KH-827/8,Fatehpur,Dedicated Freight Corridor,Section 15 (Hearing),2024-07-03,182,183,1,0,Not Required,0.7,0.0,139,High,red
KH-971/1,Fatehpur,PMGSY Phase-3 Link Road,Section 11 (Notice),2023-11-07,421,-56,0,0,Not Required,0.54,0.0,167,High,red
KH-506/6,Rampur,PMGSY Phase-3 Link Road,Award Enquiry,2024-06-24,191,174,1,0,Not Required,0.53,35.4,231,Critical,red
KH-736/5,Sultanpur,PMGSY Phase-3 Link Road,Section 11 (Notice),2023-12-02,396,-31,0,0,Approved,0.6,0.0,0,Low,green
KH-361/6,Shahpur,PMGSY Phase-3 Link Road,Possession Taken,2024-04-28,248,117,0,0,Approved,0.86,100.0,6,Low,green
KH-631/5,Rampur,Dedicated Freight Corridor,Award Enquiry,2024-01-24,343,22,1,0,Pending,0.42,24.0,259,Critical,red
KH-829/5,Kalyanpur,Dedicated Freight Corridor,Section 19 (Declaration),2024-04-30,246,119,1,1,Approved,0.71,39.5,399,Critical,red
KH-245/4,Shahpur,NH-44 Expansion,Section 15 (Hearing),2023-12-08,390,-25,0,0,Approved,0.92,0.0,2,Low,green
KH-676/9,Sultanpur,NH-44 Expansion,Possession Taken,2024-06-15,200,165,0,0,Not Required,0.78,100.0,0,Low,green
KH-796/3,Fatehpur,Delhi-Amritsar Expressway,Section 15 (Hearing),2024-03-16,291,74,1,0,Not Required,1.06,0.0,165,High,red
KH-150/7,Bhatinda Khurd,PMGSY Phase-3 Link Road,Possession Taken,2024-05-16,230,135,1,0,Pending,1.03,100.0,231,Critical,green
KH-851/2,Rampur,PMGSY Phase-3 Link Road,Section 15 (Hearing),2024-10-05,88,277,0,0,Pending,0.74,0.0,105,High,red
KH-348/7,Shahpur,Delhi-Amritsar Expressway,Award Enquiry,2024-05-31,215,150,0,0,Not Required,0.81,46.2,0,Low,green
KH-382/3,Mehrauli Dehat,NH-44 Expansion,Possession Taken,2024-01-08,359,6,0,0,Approved,0.51,100.0,60,Medium,green
KH-435/1,Fatehpur,NH-44 Expansion,Possession Taken,2024-07-11,174,191,0,0,Not Required,0.77,100.0,17,Low,green
KH-337/8,Bhatinda Khurd,NH-44 Expansion,Possession Taken,2023-12-03,395,-30,0,1,Pending,0.83,100.0,264,Critical,green
KH-741/8,Mehrauli Dehat,Delhi-Amritsar Expressway,Award Enquiry,2023-11-25,403,-38,0,0,Not Required,0.6,64.0,0,Low,green
KH-542/7,Rampur,NH-44 Expansion,Section 19 (Declaration),2023-10-13,446,-81,1,0,Pending,0.91,14.7,222,Critical,red
KH-956/5,Bhatinda Khurd,NH-44 Expansion,Section 11 (Notice),2024-10-27,66,299,0,0,Not Required,0.9,0.0,0,Low,green
KH-326/7,Fatehpur,Dedicated Freight Corridor,Section 11 (Notice),2023-11-14,414,-49,1,0,Approved,0.98,0.0,261,Critical,red
KH-484/9,Shahpur,PMGSY Phase-3 Link Road,Section 11 (Notice),2024-02-13,323,42,1,0,Not Required,0.48,0.0,325,Critical,red
KH-882/4,Bhatinda Khurd,PMGSY Phase-3 Link Road,Award Enquiry,2023-12-16,382,-17,1,0,Approved,0.92,17.2,167,High,red
KH-635/1,Mehrauli Dehat,PMGSY Phase-3 Link Road,Section 11 (Notice),2024-08-29,125,240,0,0,Approved,0.8,0.0,28,Low,green
KH-969/5,Bhatinda Khurd,Dedicated Freight Corridor,Section 19 (Declaration),2024-08-12,142,223,0,0,Not Required,0.59,80.9,35,Medium,yellow
KH-314/9,Shahpur,Dedicated Freight Corridor,Award Enquiry,2023-11-28,400,-35,0,0,Pending,0.64,83.0,113,High,red
KH-460/9,Fatehpur,Delhi-Amritsar Expressway,Section 19 (Declaration),2023-10-20,439,-74,0,0,Not Required,0.61,89.4,0,Low,green
KH-736/8,Fatehpur,Delhi-Amritsar Expressway,Award Enquiry,2024-09-05,118,247,0,0,Approved,0.59,76.0,59,Medium,yellow
KH-470/3,Kalyanpur,Dedicated Freight Corridor,Section 11 (Notice),2024-10-21,72,293,0,0,Not Required,0.53,0.0,70,Medium,yellow
KH-651/3,Mehrauli Dehat,NH-44 Expansion,Section 15 (Hearing),2024-10-31,62,303,1,1,Not Required,0.46,0.0,466,Critical,red
KH-462/7,Kalyanpur,PMGSY Phase-3 Link Road,Section 11 (Notice),2023-10-12,447,-82,0,0,Pending,1.07,0.0,206,Critical,red
KH-945/1,Kalyanpur,Delhi-Amritsar Expressway,Section 19 (Declaration),2024-12-04,28,337,0,0,Not Required,0.75,84.2,0,Low,green
KH-321/3,Rampur,Dedicated Freight Corridor,Section 15 (Hearing),2024-12-07,25,340,0,0,Not Required,1.0,0.0,0,Low,green
KH-669/9,Sultanpur,Delhi-Amritsar Expressway,Award Enquiry,2024-09-13,110,255,0,0,Approved,0.99,67.8,29,Low,green
KH-496/5,Fatehpur,Dedicated Freight Corridor,Section 19 (Declaration),2024-05-11,235,130,0,0,Approved,0.66,88.5,16,Low,green
KH-465/2,Fatehpur,Delhi-Amritsar Expressway,Section 19 (Declaration),2023-10-21,438,-73,0,1,Approved,1.09,46.0,289,Critical,red
KH-903/9,Fatehpur,PMGSY Phase-3 Link Road,Possession Taken,2024-07-10,175,190,0,0,Not Required,0.47,100.0,72,Medium,green
KH-818/9,Shahpur,Delhi-Amritsar Expressway,Award Enquiry,2024-08-02,152,213,1,0,Approved,0.8,6.9,165,High,red
KH-166/3,Rampur,PMGSY Phase-3 Link Road,Possession Taken,2024-01-20,347,18,0,0,Pending,0.44,100.0,168,High,green
KH-798/6,Rampur,Dedicated Freight Corridor,Possession Taken,2024-08-10,144,221,1,0,Not Required,1.06,100.0,103,High,green
KH-821/3,Mehrauli Dehat,Delhi-Amritsar Expressway,Award Enquiry,2024-07-12,173,192,1,1,Not Required,0.78,28.6,355,Critical,red
KH-516/3,Shahpur,Dedicated Freight Corridor,Section 11 (Notice),2024-02-09,327,38,0,0,Pending,0.44,0.0,284,Critical,red
KH-172/2,Sultanpur,PMGSY Phase-3 Link Road,Section 15 (Hearing),2023-12-08,390,-25,0,0,Approved,0.54,0.0,78,Medium,yellow
KH-513/7,Shahpur,PMGSY Phase-3 Link Road,Award Enquiry,2023-12-27,371,-6,0,0,Not Required,0.73,85.1,0,Low,green
KH-281/7,Bhatinda Khurd,PMGSY Phase-3 Link Road,Section 11 (Notice),2024-09-14,109,256,0,0,Approved,0.58,0.0,62,Medium,yellow
KH-869/2,Sultanpur,Dedicated Freight Corridor,Section 11 (Notice),2024-02-11,325,40,0,0,Pending,0.44,0.0,248,Critical,red
KH-101/9,Rampur,NH-44 Expansion,Section 19 (Declaration),2024-06-04,211,154,1,0,Not Required,0.61,33.0,173,High,red
KH-276/4,Fatehpur,PMGSY Phase-3 Link Road,Section 15 (Hearing),2024-03-18,289,76,0,0,Not Required,0.55,0.0,52,Medium,yellow
KH-281/8,Fatehpur,Delhi-Amritsar Expressway,Possession Taken,2024-10-02,91,274,1,0,Not Required,0.97,100.0,169,High,green
KH-223/5,Bhatinda Khurd,NH-44 Expansion,Section 19 (Declaration),2024-01-03,364,1,0,0,Not Required,0.53,63.7,50,Medium,yellow
KH-727/6,Mehrauli Dehat,PMGSY Phase-3 Link Road,Award Enquiry,2024-10-19,74,291,0,0,Pending,0.87,34.3,70,Medium,yellow
KH-937/8,Kalyanpur,PMGSY Phase-3 Link Road,Section 11 (Notice),2024-06-17,198,167,1,0,Not Required,0.44,0.0,271,Critical,red
KH-201/9,Rampur,Dedicated Freight Corridor,Possession Taken,2024-03-04,303,62,0,0,Approved,0.8,100.0,1,Low,green
KH-659/4,Bhatinda Khurd,Dedicated Freight Corridor,Section 15 (Hearing),2024-05-02,244,121,1,0,Pending,0.93,0.0,252,Critical,red
KH-486/2,Mehrauli Dehat,NH-44 Expansion,Award Enquiry,2024-10-25,68,297,0,0,Approved,0.63,61.5,0,Low,green
KH-905/5,Shahpur,NH-44 Expansion,Possession Taken,2023-10-19,440,-75,0,0,Not Required,0.43,100.0,37,Medium,green
KH-684/9,Kalyanpur,Dedicated Freight Corridor,Section 11 (Notice),2024-03-19,288,77,0,1,Not Required,0.42,0.0,296,Critical,red
KH-479/1,Kalyanpur,NH-44 Expansion,Award Enquiry,2024-09-13,110,255,1,1,Approved,1.02,29.9,300,Critical,red
KH-727/1,Rampur,PMGSY Phase-3 Link Road,Section 15 (Hearing),2023-12-31,367,-2,1,0,Pending,0.48,0.0,241,Critical,red
KH-499/4,Bhatinda Khurd,PMGSY Phase-3 Link Road,Section 11 (Notice),2024-09-29,94,271,0,0,Approved,0.5,0.0,64,Medium,yellow
KH-532/5,Kalyanpur,Dedicated Freight Corridor,Award Enquiry,2023-12-30,368,-3,0,0,Not Required,0.41,83.5,84,Medium,yellow
KH-714/1,Fatehpur,PMGSY Phase-3 Link Road,Section 11 (Notice),2023-12-27,371,-6,0,0,Not Required,0.94,0.0,0,Low,green
KH-172/2,Rampur,Delhi-Amritsar Expressway,Award Enquiry,2024-11-13,49,316,1,0,Pending,0.53,16.5,333,Critical,red
KH-649/5,Bhatinda Khurd,Dedicated Freight Corridor,Section 11 (Notice),2023-11-24,404,-39,0,0,Not Required,0.48,0.0,183,Critical,red
KH-609/4,Kalyanpur,NH-44 Expansion,Award Enquiry,2024-04-16,260,105,1,0,Pending,0.48,13.0,294,Critical,red
KH-347/7,Sultanpur,Dedicated Freight Corridor,Award Enquiry,2023-12-05,393,-28,1,0,Not Required,0.5,25.9,171,High,red
KH-425/1,Sultanpur,NH-44 Expansion,Section 15 (Hearing),2024-06-26,189,176,1,0,Pending,1.0,0.0,224,Critical,red
KH-759/1,Mehrauli Dehat,PMGSY Phase-3 Link Road,Section 15 (Hearing),2024-07-21,164,201,0,0,Pending,0.75,0.0,63,Medium,yellow
KH-773/8,Rampur,PMGSY Phase-3 Link Road,Section 11 (Notice),2023-10-13,446,-81,1,0,Not Required,0.57,0.0,321,Critical,red
KH-425/1,Rampur,NH-44 Expansion,Award Enquiry,2024-03-27,280,85,1,0,Approved,0.77,26.7,119,High,red
KH-139/3,Rampur,Delhi-Amritsar Expressway,Section 11 (Notice),2024-06-05,210,155,1,0,Not Required,0.4,0.0,173,High,red
KH-329/1,Sultanpur,NH-44 Expansion,Section 11 (Notice),2024-01-20,347,18,0,0,Not Required,0.98,0.0,0,Low,green
KH-495/5,Fatehpur,PMGSY Phase-3 Link Road,Award Enquiry,2023-11-30,398,-33,1,0,Approved,0.57,22.2,183,Critical,red
KH-565/9,Bhatinda Khurd,Delhi-Amritsar Expressway,Section 15 (Hearing),2024-07-24,161,204,1,0,Not Required,0.85,0.0,131,High,red
KH-363/3,Bhatinda Khurd,NH-44 Expansion,Award Enquiry,2023-11-01,427,-62,0,0,Pending,0.61,32.8,97,High,red
KH-332/7,Kalyanpur,Dedicated Freight Corridor,Section 15 (Hearing),2024-05-24,222,143,0,0,Not Required,0.69,0.0,0,Low,green
KH-554/7,Mehrauli Dehat,Dedicated Freight Corridor,Section 19 (Declaration),2024-07-04,181,184,0,1,Not Required,0.87,38.7,275,Critical,red
KH-295/4,Shahpur,Dedicated Freight Corridor,Award Enquiry,2024-03-12,295,70,0,0,Not Required,1.0,81.5,0,Low,green
KH-502/3,Mehrauli Dehat,NH-44 Expansion,Possession Taken,2024-01-19,348,17,0,0,Approved,0.72,100.0,16,Low,green
KH-304/4,Bhatinda Khurd,Delhi-Amritsar Expressway,Award Enquiry,2024-03-28,279,86,0,0,Not Required,0.7,91.3,2,Low,green
KH-863/3,Fatehpur,PMGSY Phase-3 Link Road,Possession Taken,2023-11-13,415,-50,0,0,Pending,0.96,100.0,64,Medium,green
KH-988/3,Shahpur,PMGSY Phase-3 Link Road,Section 19 (Declaration),2024-02-09,327,38,0,1,Approved,1.05,69.8,180,Critical,red
KH-187/1,Rampur,NH-44 Expansion,Section 19 (Declaration),2024-11-01,61,304,0,0,Not Required,0.62,88.6,0,Low,green
KH-318/5,Shahpur,NH-44 Expansion,Section 19 (Declaration),2024-02-02,334,31,0,0,Not Required,1.04,67.9,16,Low,green
KH-820/3,Bhatinda Khurd,Dedicated Freight Corridor,Section 11 (Notice),2023-11-03,425,-60,1,0,Not Required,0.79,0.0,199,Critical,red
KH-733/7,Kalyanpur,PMGSY Phase-3 Link Road,Section 19 (Declaration),2023-12-30,368,-3,1,0,Approved,0.99,13.7,108,High,red
KH-555/2,Shahpur,NH-44 Expansion,Section 15 (Hearing),2024-06-05,210,155,1,1,Approved,0.73,0.0,360,Critical,red
KH-937/6,Mehrauli Dehat,Delhi-Amritsar Expressway,Award Enquiry,2024-12-07,25,340,1,0,Pending,1.08,38.1,230,Critical,red
KH-503/3,Rampur,Delhi-Amritsar Expressway,Section 19 (Declaration),2024-07-21,164,201,0,0,Not Required,0.9,91.7,0,Low,green
KH-918/8,Rampur,PMGSY Phase-3 Link Road,Section 15 (Hearing),2024-06-14,201,164,0,0,Approved,1.0,0.0,0,Low,green
KH-632/1,Mehrauli Dehat,Dedicated Freight Corridor,Section 15 (Hearing),2024-11-21,41,324,0,0,Approved,0.85,0.0,7,Low,green
KH-543/6,Rampur,Dedicated Freight Corridor,Award Enquiry,2024-01-15,352,13,0,0,Approved,0.46,65.8,46,Medium,yellow
KH-581/7,Mehrauli Dehat,NH-44 Expansion,Section 19 (Declaration),2023-12-27,371,-6,0,0,Not Required,0.66,53.8,51,Medium,yellow
KH-534/7,Fatehpur,Dedicated Freight Corridor,Section 15 (Hearing),2024-06-23,192,173,1,1,Approved,0.9,0.0,358,Critical,red
KH-560/2,Shahpur,Dedicated Freight Corridor,Possession Taken,2024-10-20,73,292,0,0,Approved,0.42,100.0,61,Medium,green
KH-176/3,Bhatinda Khurd,NH-44 Expansion,Section 15 (Hearing),2024-02-29,307,58,1,0,Not Required,0.96,0.0,125,High,red
KH-259/8,Fatehpur,Dedicated Freight Corridor,Section 11 (Notice),2024-02-08,328,37,1,0,Not Required,0.49,0.0,302,Critical,red
KH-183/3,Rampur,NH-44 Expansion,Section 11 (Notice),2024-05-10,236,129,0,0,Pending,0.95,0.0,47,Medium,yellow
KH-496/6,Fatehpur,Delhi-Amritsar Expressway,Award Enquiry,2023-10-26,433,-68,1,0,Approved,0.54,39.6,245,Critical,red
KH-792/1,Mehrauli Dehat,Delhi-Amritsar Expressway,Possession Taken,2024-12-14,18,347,0,0,Not Required,0.46,100.0,59,Medium,green
KH-226/2,Kalyanpur,Delhi-Amritsar Expressway,Section 19 (Declaration),2023-11-26,402,-37,0,0,Not Required,1.09,40.6,8,Low,green
KH-715/7,Sultanpur,Dedicated Freight Corridor,Section 15 (Hearing),2024-05-13,233,132,0,0,Not Required,0.58,0.0,79,Medium,yellow
KH-770/5,Bhatinda Khurd,Delhi-Amritsar Expressway,Section 11 (Notice),2024-11-16,46,319,0,1,Not Required,0.44,0.0,302,Critical,red
KH-181/8,Rampur,NH-44 Expansion,Section 19 (Declaration),2024-02-20,316,49,0,0,Pending,0.94,89.4,118,High,red
KH-167/5,Fatehpur,Dedicated Freight Corridor,Award Enquiry,2024-06-17,198,167,0,0,Not Required,0.92,61.2,0,Low,green
KH-420/9,Fatehpur,Delhi-Amritsar Expressway,Section 15 (Hearing),2024-02-21,315,50,0,0,Approved,0.52,0.0,81,Medium,yellow
KH-572/6,Shahpur,PMGSY Phase-3 Link Road,Award Enquiry,2024-04-24,252,113,1,0,Not Required,0.72,10.0,136,High,red
KH-242/6,Mehrauli Dehat,Delhi-Amritsar Expressway,Award Enquiry,2024-06-13,202,163,0,0,Approved,0.41,81.4,101,High,red
KH-116/7,Mehrauli Dehat,Delhi-Amritsar Expressway,Section 19 (Declaration),2024-06-28,187,178,1,0,Approved,0.54,22.4,166,High,red
KH-721/8,Mehrauli Dehat,PMGSY Phase-3 Link Road,Section 15 (Hearing),2024-04-12,264,101,1,0,Approved,1.08,0.0,92,High,red
KH-431/8,Sultanpur,Dedicated Freight Corridor,Section 15 (Hearing),2024-08-19,135,230,0,0,Not Required,0.76,0.0,0,Low,green
KH-602/1,Bhatinda Khurd,Delhi-Amritsar Expressway,Section 19 (Declaration),2024-01-30,337,28,0,0,Approved,0.62,70.2,7,Low,green
KH-642/5,Bhatinda Khurd,Dedicated Freight Corridor,Section 15 (Hearing),2024-06-11,204,161,1,0,Not Required,0.8,0.0,129,High,red
KH-527/4,Kalyanpur,Dedicated Freight Corridor,Section 15 (Hearing),2024-07-10,175,190,1,0,Not Required,0.84,0.0,166,High,red
KH-691/6,Fatehpur,Delhi-Amritsar Expressway,Section 15 (Hearing),2024-07-06,179,186,0,0,Not Required,0.95,0.0,20,Low,green
KH-825/4,Shahpur,Delhi-Amritsar Expressway,Award Enquiry,2024-03-04,303,62,0,0,Approved,0.73,31.3,0,Low,green
KH-868/3,Sultanpur,Dedicated Freight Corridor,Section 11 (Notice),2024-03-22,285,80,0,0,Approved,0.74,0.0,24,Low,green
KH-845/5,Rampur,PMGSY Phase-3 Link Road,Award Enquiry,2023-11-15,413,-48,1,0,Not Required,0.54,31.9,158,High,red
KH-435/6,Shahpur,PMGSY Phase-3 Link Road,Possession Taken,2024-10-04,89,276,1,0,Not Required,0.95,100.0,129,High,green
KH-649/4,Shahpur,Delhi-Amritsar Expressway,Possession Taken,2024-02-12,324,41,0,1,Pending,0.48,100.0,330,Critical,green
KH-354/7,Mehrauli Dehat,NH-44 Expansion,Section 19 (Declaration),2024-08-06,148,217,0,0,Not Required,0.54,49.2,62,Medium,yellow
KH-180/6,Mehrauli Dehat,Delhi-Amritsar Expressway,Award Enquiry,2024-02-01,335,30,0,0,Not Required,0.67,40.2,0,Low,green
KH-380/8,Bhatinda Khurd,Delhi-Amritsar Expressway,Possession Taken,2024-04-29,247,118,1,0,Not Required,0.6,100.0,167,High,green
KH-422/7,Sultanpur,NH-44 Expansion,Award Enquiry,2024-01-22,345,20,1,0,Not Required,0.63,11.2,155,High,red
KH-682/1,Sultanpur,NH-44 Expansion,Section 15 (Hearing),2024-04-07,269,96,0,0,Approved,0.44,0.0,18,Low,green
KH-194/6,Bhatinda Khurd,Dedicated Freight Corridor,Section 11 (Notice),2024-05-20,226,139,0,0,Not Required,0.64,0.0,0,Low,green
KH-163/9,Mehrauli Dehat,PMGSY Phase-3 Link Road,Section 15 (Hearing),2024-03-12,295,70,1,0,Not Required,0.98,0.0,114,High,red
KH-989/5,Kalyanpur,Delhi-Amritsar Expressway,Section 11 (Notice),2024-01-22,345,20,1,0,Not Required,0.88,0.0,183,Critical,red
KH-256/3,Sultanpur,Dedicated Freight Corridor,Section 19 (Declaration),2024-06-02,213,152,0,1,Not Required,0.93,73.6,154,High,red
KH-124/7,Sultanpur,NH-44 Expansion,Section 11 (Notice),2024-09-06,117,248,0,0,Approved,0.81,0.0,0,Low,green
KH-107/6,Fatehpur,NH-44 Expansion,Possession Taken,2024-06-12,203,162,0,0,Pending,0.76,100.0,102,High,green
KH-649/1,Fatehpur,Dedicated Freight Corridor,Section 19 (Declaration),2024-03-08,299,66,0,0,Not Required,0.66,55.2,35,Medium,yellow
KH-362/6,Kalyanpur,Dedicated Freight Corridor,Section 19 (Declaration),2024-05-30,216,149,0,1,Not Required,0.48,48.5,237,Critical,red
KH-624/7,Kalyanpur,Delhi-Amritsar Expressway,Section 11 (Notice),2024-11-26,36,329,0,0,Not Required,0.67,0.0,0,Low,green
KH-853/5,Shahpur,Delhi-Amritsar Expressway,Possession Taken,2023-10-26,433,-68,0,0,Pending,0.61,100.0,103,High,green
KH-358/4,Sultanpur,NH-44 Expansion,Section 19 (Declaration),2024-12-11,21,344,1,0,Pending,0.55,11.3,299,Critical,red
KH-435/8,Mehrauli Dehat,Delhi-Amritsar Expressway,Award Enquiry,2024-04-16,260,105,0,0,Approved,0.79,48.5,0,Low,green
KH-100/1,Sultanpur,NH-44 Expansion,Section 11 (Notice),2024-07-30,155,210,0,0,Not Required,1.05,0.0,0,Low,green
KH-681/3,Rampur,NH-44 Expansion,Section 19 (Declaration),2024-08-29,125,240,0,0,Not Required,0.85,93.1,9,Low,green
KH-386/7,Fatehpur,NH-44 Expansion,Section 19 (Declaration),2023-11-19,409,-44,1,0,Not Required,0.42,9.2,152,High,red
KH-919/4,Rampur,NH-44 Expansion,Award Enquiry,2024-09-19,104,261,0,0,Pending,0.41,35.6,171,High,red
KH-670/5,Bhatinda Khurd,NH-44 Expansion,Possession Taken,2024-04-16,260,105,0,0,Pending,0.44,100.0,145,High,green
KH-486/1,Rampur,PMGSY Phase-3 Link Road,Award Enquiry,2023-10-19,440,-75,0,0,Approved,0.73,41.4,7,Low,green
KH-373/1,Fatehpur,Dedicated Freight Corridor,Section 15 (Hearing),2024-08-19,135,230,1,0,Not Required,0.88,0.0,101,High,red
KH-672/8,Shahpur,Delhi-Amritsar Expressway,Section 11 (Notice),2024-07-24,161,204,0,0,Not Required,0.65,0.0,4,Low,green
KH-583/9,Kalyanpur,Dedicated Freight Corridor,Section 19 (Declaration),2023-12-12,386,-21,0,0,Pending,0.79,39.5,113,High,red
KH-694/7,Bhatinda Khurd,PMGSY Phase-3 Link Road,Section 19 (Declaration),2023-11-21,407,-42,1,0,Pending,0.6,33.5,257,Critical,red
KH-542/2,Sultanpur,Dedicated Freight Corridor,Section 15 (Hearing),2024-06-30,185,180,0,0,Approved,1.05,0.0,6,Low,green
KH-652/3,Rampur,Dedicated Freight Corridor,Possession Taken,2024-02-01,335,30,1,0,Not Required,0.5,100.0,225,Critical,green
KH-971/3,Shahpur,Delhi-Amritsar Expressway,Award Enquiry,2024-11-06,56,309,1,0,Pending,0.98,35.8,253,Critical,red
KH-332/6,Mehrauli Dehat,NH-44 Expansion,Section 19 (Declaration),2023-12-09,389,-24,1,0,Approved,0.99,18.1,143,High,red
KH-324/6,Fatehpur,PMGSY Phase-3 Link Road,Section 11 (Notice),2024-08-24,130,235,0,0,Approved,0.85,0.0,0,Low,green
KH-871/4,Fatehpur,NH-44 Expansion,Possession Taken,2023-11-04,424,-59,0,1,Approved,0.48,100.0,242,Critical,green
KH-873/7,Bhatinda Khurd,Delhi-Amritsar Expressway,Possession Taken,2024-01-26,341,24,0,0,Pending,0.47,100.0,157,High,green
KH-894/2,Rampur,Dedicated Freight Corridor,Award Enquiry,2024-10-18,75,290,0,1,Not Required,0.7,53.2,246,Critical,red
KH-411/7,Sultanpur,PMGSY Phase-3 Link Road,Possession Taken,2024-02-18,318,47,1,0,Not Required,0.43,100.0,198,Critical,green
KH-361/8,Shahpur,PMGSY Phase-3 Link Road,Possession Taken,2023-11-19,409,-44,0,0,Not Required,0.47,100.0,107,High,green
KH-801/8,Rampur,PMGSY Phase-3 Link Road,Section 11 (Notice),2024-04-12,264,101,0,0,Pending,0.93,0.0,63,Medium,yellow
KH-184/4,Fatehpur,NH-44 Expansion,Award Enquiry,2024-06-06,209,156,0,0,Not Required,0.92,45.7,0,Low,green
KH-975/8,Kalyanpur,PMGSY Phase-3 Link Road,Section 11 (Notice),2024-12-12,20,345,0,0,Pending,0.88,0.0,117,High,red
KH-614/3,Mehrauli Dehat,Dedicated Freight Corridor,Possession Taken,2024-06-02,213,152,0,0,Approved,0.96,100.0,3,Low,green
KH-359/2,Fatehpur,PMGSY Phase-3 Link Road,Section 15 (Hearing),2024-04-30,246,119,0,0,Approved,0.61,0.0,0,Low,green
KH-439/7,Rampur,Delhi-Amritsar Expressway,Section 11 (Notice),2024-09-07,116,249,1,0,Not Required,0.74,0.0,108,High,red
KH-799/8,Kalyanpur,PMGSY Phase-3 Link Road,Section 11 (Notice),2024-10-27,66,299,1,0,Approved,0.52,0.0,191,Critical,red
KH-475/7,Rampur,Dedicated Freight Corridor,Possession Taken,2024-10-24,69,296,0,0,Approved,0.69,100.0,0,Low,green
KH-818/7,Rampur,NH-44 Expansion,Section 11 (Notice),2024-08-05,149,216,0,0,Approved,1.01,0.0,8,Low,green
KH-619/4,Kalyanpur,NH-44 Expansion,Section 11 (Notice),2024-09-26,97,268,1,0,Not Required,0.46,0.0,177,High,red
KH-659/6,Sultanpur,Dedicated Freight Corridor,Award Enquiry,2024-11-13,49,316,1,0,Not Required,1.08,28.0,158,High,red
KH-337/4,Kalyanpur,Dedicated Freight Corridor,Section 15 (Hearing),2023-12-01,397,-32,0,0,Not Required,0.89,0.0,8,Low,green
KH-781/5,Sultanpur,NH-44 Expansion,Section 19 (Declaration),2023-10-29,430,-65,0,0,Not Required,0.5,89.8,84,Medium,yellow
KH-586/8,Mehrauli Dehat,Delhi-Amritsar Expressway,Section 11 (Notice),2024-09-20,103,262,0,0,Not Required,0.67,0.0,7,Low,green
KH-923/2,Kalyanpur,Delhi-Amritsar Expressway,Possession Taken,2024-10-04,89,276,1,0,Approved,1.0,100.0,41,Medium,green
KH-174/3,Kalyanpur,PMGSY Phase-3 Link Road,Section 19 (Declaration),2024-08-24,130,235,0,0,Approved,0.98,56.4,0,Low,green
KH-297/6,Mehrauli Dehat,PMGSY Phase-3 Link Road,Possession Taken,2023-10-16,443,-78,0,0,Approved,1.01,100.0,7,Low,green
KH-729/9,Mehrauli Dehat,Delhi-Amritsar Expressway,Section 15 (Hearing),2024-02-15,321,44,1,0,Not Required,0.76,0.0,165,High,red
KH-131/7,Rampur,NH-44 Expansion,Section 15 (Hearing),2023-11-18,410,-45,0,0,Approved,0.85,0.0,0,Low,green
KH-575/6,Bhatinda Khurd,Dedicated Freight Corridor,Section 19 (Declaration),2024-04-21,255,110,0,0,Pending,0.76,55.1,136,High,red
KH-673/3,Mehrauli Dehat,Dedicated Freight Corridor,Section 11 (Notice),2023-12-29,369,-4,1,0,Not Required,0.74,0.0,235,Critical,red
KH-164/5,Fatehpur,Dedicated Freight Corridor,Section 19 (Declaration),2024-07-23,162,203,0,0,Not Required,0.82,44.8,16,Low,green
KH-345/4,Bhatinda Khurd,Dedicated Freight Corridor,Section 15 (Hearing),2023-10-22,437,-72,0,0,Not Required,0.63,0.0,6,Low,green
KH-712/7,Fatehpur,Delhi-Amritsar Expressway,Possession Taken,2023-11-11,417,-52,1,0,Pending,0.5,100.0,320,Critical,green
KH-655/9,Bhatinda Khurd,Delhi-Amritsar Expressway,Award Enquiry,2024-02-24,312,53,0,0,Approved,0.76,37.6,8,Low,green
KH-352/4,Sultanpur,Dedicated Freight Corridor,Section 15 (Hearing),2024-01-21,346,19,0,0,Approved,0.97,0.0,0,Low,green
KH-834/5,Sultanpur,PMGSY Phase-3 Link Road,Possession Taken,2024-06-26,189,176,0,0,Not Required,0.5,100.0,75,Medium,green
KH-502/1,Rampur,Delhi-Amritsar Expressway,Section 19 (Declaration),2024-04-08,268,97,0,0,Not Required,0.72,94.4,2,Low,green
KH-681/7,Kalyanpur,Dedicated Freight Corridor,Section 11 (Notice),2024-05-13,233,132,0,0,Pending,0.84,0.0,95,High,red
KH-496/6,Rampur,Delhi-Amritsar Expressway,Section 15 (Hearing),2024-10-16,77,288,0,0,Not Required,0.65,0.0,12,Low,green
KH-661/9,Bhatinda Khurd,Delhi-Amritsar Expressway,Section 11 (Notice),2023-12-03,395,-30,0,0,Not Required,0.88,0.0,1,Low,green
KH-445/5,Bhatinda Khurd,PMGSY Phase-3 Link Road,Section 15 (Hearing),2024-08-21,133,232,0,0,Approved,0.55,0.0,85,Medium,yellow
KH-665/6,Shahpur,Delhi-Amritsar Expressway,Section 15 (Hearing),2024-12-06,26,339,0,0,Pending,0.79,0.0,88,Medium,yellow
KH-944/7,Kalyanpur,NH-44 Expansion,Section 15 (Hearing),2024-11-01,61,304,0,0,Not Required,0.8,0.0,9,Low,green
KH-352/7,Kalyanpur,Delhi-Amritsar Expressway,Award Enquiry,2024-02-09,327,38,1,1,Not Required,0.52,11.1,378,Critical,red
KH-969/7,Mehrauli Dehat,Delhi-Amritsar Expressway,Section 15 (Hearing),2024-10-27,66,299,1,0,Not Required,0.99,0.0,151,High,red
KH-856/7,Shahpur,PMGSY Phase-3 Link Road,Section 11 (Notice),2024-03-15,292,73,0,0,Pending,0.94,0.0,92,High,red
KH-908/9,Bhatinda Khurd,Dedicated Freight Corridor,Section 11 (Notice),2024-04-06,270,95,0,0,Not Required,0.76,0.0,0,Low,green
KH-310/6,Kalyanpur,NH-44 Expansion,Possession Taken,2023-10-16,443,-78,1,0,Approved,0.89,100.0,123,High,green
KH-323/6,Bhatinda Khurd,PMGSY Phase-3 Link Road,Section 19 (Declaration),2024-08-12,142,223,1,0,Pending,0.9,36.4,246,Critical,red
KH-760/2,Mehrauli Dehat,NH-44 Expansion,Award Enquiry,2024-02-29,307,58,0,0,Not Required,0.64,54.8,0,Low,green
KH-534/2,Mehrauli Dehat,Dedicated Freight Corridor,Section 19 (Declaration),2024-08-22,132,233,0,0,Not Required,0.59,89.3,60,Medium,yellow
KH-974/9,Sultanpur,Delhi-Amritsar Expressway,Section 11 (Notice),2024-06-05,210,155,0,1,Not Required,0.66,0.0,228,Critical,red
KH-400/3,Shahpur,PMGSY Phase-3 Link Road,Section 19 (Declaration),2024-09-13,110,255,1,0,Not Required,0.56,15.9,197,Critical,red
KH-153/3,Bhatinda Khurd,PMGSY Phase-3 Link Road,Award Enquiry,2024-09-23,100,265,0,1,Pending,0.57,82.5,360,Critical,red
KH-646/2,Shahpur,PMGSY Phase-3 Link Road,Possession Taken,2023-11-24,404,-39,1,1,Not Required,0.66,100.0,302,Critical,green
KH-905/1,Bhatinda Khurd,Delhi-Amritsar Expressway,Section 19 (Declaration),2024-03-30,277,88,0,0,Not Required,0.97,62.6,16,Low,green
KH-271/1,Mehrauli Dehat,Delhi-Amritsar Expressway,Section 15 (Hearing),2024-08-16,138,227,0,0,Approved,1.0,0.0,20,Low,green
KH-385/8,Kalyanpur,PMGSY Phase-3 Link Road,Section 15 (Hearing),2023-12-20,378,-13,0,0,Not Required,0.48,0.0,37,Medium,yellow
KH-143/2,Mehrauli Dehat,Delhi-Amritsar Expressway,Section 11 (Notice),2024-07-23,162,203,0,0,Not Required,0.72,0.0,23,Low,green
KH-504/9,Sultanpur,PMGSY Phase-3 Link Road,Possession Taken,2024-04-23,253,112,1,0,Not Required,1.07,100.0,146,High,green
KH-835/7,Shahpur,Dedicated Freight Corridor,Possession Taken,2024-05-23,223,142,1,0,Not Required,0.52,100.0,215,Critical,green
KH-714/6,Shahpur,Dedicated Freight Corridor,Section 11 (Notice),2024-02-12,324,41,1,0,Approved,1.03,0.0,232,Critical,red
KH-422/8,Kalyanpur,NH-44 Expansion,Section 15 (Hearing),2024-05-09,237,128,1,0,Not Required,0.94,0.0,104,High,red
KH-876/3,Fatehpur,Dedicated Freight Corridor,Award Enquiry,2024-08-14,140,225,0,0,Not Required,0.5,88.5,62,Medium,yellow
