project_id,project_name,district,state,latitude,longitude,land_area_acres,comp_offered_lakhs,comp_demanded_lakhs,litigation_cases,title_dispute_count,comp_disbursal_delay_months,public_objections_count,slao_officer_vacant,forest_clearance_status,env_clearance_status,delay_risk_label,source_portal
PRJ_MST_1001,Highway Project #1 (Andaman And Nicobar),Central Division,ANDAMAN AND NICOBAR,18.7633,78.7082,68.13,363.36,504.08,0,1,29,29,1,REJECTED,APPROVED,83.81,datafile 1-(a) data.gov.in.csv
PRJ_MST_1002,Freight Corridor Project #2 (Andhra Pradesh),Central Division,ANDHRA PRADESH,23.3507,81.6592,500.0,8000.0,13402.86,4,2,35,94,1,REJECTED,REJECTED,95.0,datafile 1-(a) data.gov.in.csv
PRJ_MST_1003,Power Grid Line Project #3 (Arunachal Pradesh),Central Division,ARUNACHAL PRADESH,22.7304,77.7472,500.0,8000.0,12527.98,6,1,24,16,1,PENDING,PENDING,95.0,datafile 1-(a) data.gov.in.csv
PRJ_MST_1004,Urban Transit Corridor Project #4 (Assam),Central Division,ASSAM,26.847,92.0976,500.0,8000.0,11994.63,4,0,15,74,0,APPROVED,PENDING,65.79,datafile 1-(a) data.gov.in.csv
PRJ_MST_1005,Industrial Zone Project #5 (Bihar),Central Division,BIHAR,27.4151,87.3201,500.0,8000.0,10224.07,0,1,18,19,0,APPROVED,APPROVED,36.67,datafile 1-(a) data.gov.in.csv
PRJ_MST_1006,Bulk Water Pipeline Project #6 (Chhattisgarh),Central Division,CHHATTISGARH,23.7738,77.3598,500.0,8000.0,10223.98,0,3,0,47,0,PENDING,APPROVED,47.24,datafile 1-(a) data.gov.in.csv
PRJ_MST_1007,Highway Project #7 (Goa),Central Division,GOA,20.0485,75.4043,233.0,1242.64,1527.26,6,1,4,72,0,APPROVED,APPROVED,56.02,datafile 1-(a) data.gov.in.csv
PRJ_MST_1008,Freight Corridor Project #8 (Gujarat),Central Division,GUJARAT,23.6853,76.1089,500.0,8000.0,13064.7,0,2,21,1,0,APPROVED,REJECTED,61.83,datafile 1-(a) data.gov.in.csv
PRJ_MST_1009,Power Grid Line Project #9 (Haryana),Central Division,HARYANA,21.5147,77.0172,500.0,8000.0,12004.46,7,1,23,36,0,APPROVED,PENDING,82.59,datafile 1-(a) data.gov.in.csv
PRJ_MST_1010,Urban Transit Corridor Project #10 (Himachal Pradesh),Central Division,HIMACHAL PRADESH,25.1661,79.7537,500.0,8000.0,12432.29,0,5,36,0,1,APPROVED,PENDING,88.54,datafile 1-(a) data.gov.in.csv
PRJ_MST_1011,Industrial Zone Project #11 (Jammu And Kashmir),Central Division,JAMMU AND KASHMIR,22.5062,81.9552,500.0,8000.0,9682.34,3,1,35,3,1,REJECTED,APPROVED,95.0,datafile 1-(a) data.gov.in.csv
PRJ_MST_1012,Bulk Water Pipeline Project #12 (Jharkhand),Central Division,JHARKHAND,19.1147,81.0442,500.0,8000.0,13479.64,7,5,35,99,0,APPROVED,REJECTED,95.0,datafile 1-(a) data.gov.in.csv
PRJ_MST_1013,Highway Project #13 (Karnataka),Central Division,KARNATAKA,22.3187,77.0306,500.0,8000.0,12929.77,7,1,3,53,0,PENDING,PENDING,81.86,datafile 1-(a) data.gov.in.csv
PRJ_MST_1014,Freight Corridor Project #14 (Kerala),Central Division,KERALA,25.5428,80.9887,500.0,8000.0,10449.36,6,0,35,24,1,APPROVED,APPROVED,83.98,datafile 1-(a) data.gov.in.csv
PRJ_MST_1015,Power Grid Line Project #15 (Ladakh),Central Division,LADAKH,23.5583,83.8047,500.0,7454.64,9623.29,2,1,17,2,0,APPROVED,APPROVED,43.94,datafile 1-(a) data.gov.in.csv
PRJ_MST_1016,Urban Transit Corridor Project #16 (Madhya Pradesh),Central Division,MADHYA PRADESH,22.9948,77.9563,500.0,8000.0,10333.62,2,3,15,8,1,APPROVED,APPROVED,60.7,datafile 1-(a) data.gov.in.csv
PRJ_MST_1017,Industrial Zone Project #17 (Maharashtra),Central Division,MAHARASHTRA,18.3215,73.9413,500.0,8000.0,10816.97,0,3,17,85,0,APPROVED,APPROVED,50.31,datafile 1-(a) data.gov.in.csv
PRJ_MST_1018,Bulk Water Pipeline Project #18 (Manipur),Central Division,MANIPUR,19.7475,79.1651,500.0,8000.0,11699.03,7,5,21,86,0,REJECTED,PENDING,95.0,datafile 1-(a) data.gov.in.csv
PRJ_MST_1019,Highway Project #19 (Meghalaya),Central Division,MEGHALAYA,25.0662,78.2435,500.0,8000.0,11327.78,2,2,1,75,0,PENDING,APPROVED,53.53,datafile 1-(a) data.gov.in.csv
PRJ_MST_1020,Freight Corridor Project #20 (Mizoram),Central Division,MIZORAM,18.9767,78.563,500.0,8000.0,10764.92,2,0,20,73,1,REJECTED,APPROVED,84.28,datafile 1-(a) data.gov.in.csv
PRJ_MST_1021,Power Grid Line Project #21 (Nagaland),Central Division,NAGALAND,25.2546,77.7213,500.0,8000.0,12047.41,0,3,35,33,0,PENDING,PENDING,82.13,datafile 1-(a) data.gov.in.csv
PRJ_MST_1022,Urban Transit Corridor Project #22 (Odisha),Central Division,ODISHA,23.1815,75.0052,500.0,8000.0,10157.98,2,3,28,42,0,PENDING,APPROVED,75.25,datafile 1-(a) data.gov.in.csv
PRJ_MST_1023,Industrial Zone Project #23 (Pondicherry),Central Division,PONDICHERRY,20.8206,78.0478,15.0,50.0,67.3,4,1,25,73,0,REJECTED,APPROVED,85.08,datafile 1-(a) data.gov.in.csv
PRJ_MST_1024,Bulk Water Pipeline Project #24 (Punjab),Central Division,PUNJAB,19.3172,80.3409,500.0,8000.0,11065.45,1,4,20,93,0,APPROVED,APPROVED,63.8,datafile 1-(a) data.gov.in.csv
PRJ_MST_1025,Highway Project #25 (Rajasthan),Central Division,RAJASTHAN,21.8786,81.9244,500.0,8000.0,11424.28,6,4,16,21,1,APPROVED,APPROVED,73.3,datafile 1-(a) data.gov.in.csv
PRJ_MST_1026,Freight Corridor Project #26 (Sikkim),Central Division,SIKKIM,20.1553,77.4413,500.0,8000.0,12740.7,1,3,15,69,1,APPROVED,PENDING,75.13,datafile 1-(a) data.gov.in.csv
PRJ_MST_1027,Power Grid Line Project #27 (Tamilnadu),Central Division,TAMILNADU,19.3463,77.1876,500.0,8000.0,10398.7,0,2,30,113,0,APPROVED,APPROVED,62.01,datafile 1-(a) data.gov.in.csv
PRJ_MST_1028,Urban Transit Corridor Project #28 (Telangana),Central Division,TELANGANA,22.4648,79.0384,500.0,8000.0,11656.94,3,2,8,1,0,APPROVED,PENDING,53.38,datafile 1-(a) data.gov.in.csv
PRJ_MST_1029,Industrial Zone Project #29 (Tripura),Central Division,TRIPURA,18.5191,77.5392,500.0,8000.0,11969.66,6,3,30,93,0,APPROVED,PENDING,91.2,datafile 1-(a) data.gov.in.csv
PRJ_MST_1030,Bulk Water Pipeline Project #30 (Uttar Pradesh),Central Division,UTTAR PRADESH,26.1147,81.2386,500.0,8000.0,9785.8,0,3,13,65,0,PENDING,APPROVED,55.56,datafile 1-(a) data.gov.in.csv
PRJ_MST_1031,Highway Project #31 (Uttarakhand),Central Division,UTTARAKHAND,23.6982,76.4809,500.0,8000.0,12030.18,7,2,36,31,1,APPROVED,PENDING,95.0,datafile 1-(a) data.gov.in.csv
PRJ_MST_1032,Freight Corridor Project #32 (West Bengal),Central Division,WEST BENGAL,25.9819,77.6678,500.0,8000.0,10282.1,3,3,1,105,0,APPROVED,APPROVED,48.35,datafile 1-(a) data.gov.in.csv
PRJ_MST_1033,Power Grid Line Project #33 (Total),Central Division,TOTAL,25.8129,79.1104,500.0,8000.0,9860.21,1,2,13,15,0,APPROVED,APPROVED,38.8,datafile 1-(a) data.gov.in.csv
PRJ_MST_1034,Urban Transit Corridor Project #34 (Maharashtra),Central Division,MAHARASHTRA,18.5694,73.2949,57.97,665.32,1057.23,7,3,32,75,0,REJECTED,REJECTED,95.0,dataset nhidcl.csv
PRJ_MST_1035,Industrial Zone Project #35 (Maharashtra),Central Division,MAHARASHTRA,20.0553,75.1398,220.99,2540.19,4079.93,4,2,34,0,1,REJECTED,REJECTED,95.0,dataset nhidcl.csv
PRJ_MST_1036,Bulk Water Pipeline Project #36 (Maharashtra),Central Division,MAHARASHTRA,19.4,74.426,64.02,711.49,1187.07,5,3,19,116,1,PENDING,PENDING,95.0,dataset nhidcl.csv
PRJ_MST_1037,Highway Project #37 (Maharashtra),Central Division,MAHARASHTRA,19.4819,73.3671,99.39,692.09,909.06,2,2,1,71,1,PENDING,APPROVED,66.19,dataset nhidcl.csv
PRJ_MST_1038,Freight Corridor Project #38 (Maharashtra),Central Division,MAHARASHTRA,19.81,75.1191,127.96,1020.17,1476.6,7,0,18,47,0,APPROVED,APPROVED,66.58,dataset nhidcl.csv
PRJ_MST_1039,Power Grid Line Project #39 (Maharashtra),Central Division,MAHARASHTRA,19.2244,74.104,303.52,2711.53,3857.83,0,6,36,49,0,PENDING,PENDING,89.36,dataset nhidcl.csv
PRJ_MST_1040,Urban Transit Corridor Project #40 (Maharashtra),Central Division,MAHARASHTRA,18.6975,73.3012,239.81,2007.1,2662.88,1,1,17,12,1,PENDING,APPROVED,66.07,dataset nhidcl.csv
PRJ_MST_1041,Industrial Zone Project #41 (Maharashtra),Central Division,MAHARASHTRA,18.9636,74.4333,198.58,1311.43,1927.96,3,1,15,14,0,APPROVED,APPROVED,50.16,dataset nhidcl.csv
PRJ_MST_1042,Bulk Water Pipeline Project #42 (Maharashtra),Central Division,MAHARASHTRA,18.615,75.1959,29.57,327.87,462.98,6,2,3,52,0,PENDING,APPROVED,68.6,dataset nhidcl.csv
PRJ_MST_1043,Highway Project #43 (Maharashtra),Central Division,MAHARASHTRA,18.244,73.4287,262.14,2030.95,3222.57,1,1,11,43,0,PENDING,APPROVED,52.83,dataset nhidcl.csv
PRJ_MST_1044,Freight Corridor Project #44 (Maharashtra),Central Division,MAHARASHTRA,18.5387,73.3959,150.33,1188.2,1609.94,3,3,28,7,1,APPROVED,REJECTED,92.99,dataset nhidcl.csv
PRJ_MST_1045,Power Grid Line Project #45 (Maharashtra),Central Division,MAHARASHTRA,18.9255,73.0966,284.68,3034.98,4694.91,3,3,6,73,0,PENDING,APPROVED,63.8,dataset nhidcl.csv
PRJ_MST_1046,Urban Transit Corridor Project #46 (Maharashtra),Central Division,MAHARASHTRA,18.4133,73.478,103.96,836.03,1296.56,6,5,13,45,0,APPROVED,PENDING,86.3,dataset nhidcl.csv
PRJ_MST_1047,Industrial Zone Project #47 (Maharashtra),Central Division,MAHARASHTRA,19.3546,73.8346,38.77,421.94,515.78,6,2,11,68,0,PENDING,APPROVED,72.07,dataset nhidcl.csv
PRJ_MST_1048,Bulk Water Pipeline Project #48 (Maharashtra),Central Division,MAHARASHTRA,19.6284,75.0197,305.99,2051.31,2633.84,4,2,34,113,0,PENDING,PENDING,95.0,dataset nhidcl.csv
PRJ_MST_1049,Highway Project #49 (Maharashtra),Central Division,MAHARASHTRA,18.688,74.615,92.94,988.21,1327.47,6,2,4,18,0,APPROVED,PENDING,60.77,dataset nhidcl.csv
PRJ_MST_1050,Freight Corridor Project #50 (Maharashtra),Central Division,MAHARASHTRA,19.7298,74.0722,153.65,1257.82,1967.92,4,3,16,110,1,APPROVED,APPROVED,84.44,dataset nhidcl.csv
PRJ_MST_1051,Power Grid Line Project #51 (Maharashtra),Central Division,MAHARASHTRA,19.0623,74.7607,124.31,945.81,1564.29,3,7,31,37,1,PENDING,REJECTED,95.0,dataset nhidcl.csv
PRJ_MST_1052,Urban Transit Corridor Project #52 (Maharashtra),Central Division,MAHARASHTRA,19.1146,75.075,45.3,432.74,703.86,1,0,9,10,0,PENDING,PENDING,53.88,dataset nhidcl.csv
PRJ_MST_1053,Industrial Zone Project #53 (Maharashtra),Central Division,MAHARASHTRA,19.4425,75.138,298.26,2339.97,3262.11,0,4,16,116,1,APPROVED,REJECTED,87.46,dataset nhidcl.csv
PRJ_MST_1054,Bulk Water Pipeline Project #54 (Maharashtra),Central Division,MAHARASHTRA,18.584,75.2395,300.15,2960.51,3870.17,4,2,4,42,1,APPROVED,REJECTED,73.28,dataset nhidcl.csv
PRJ_MST_1055,Highway Project #55 (Maharashtra),Central Division,MAHARASHTRA,19.2217,73.9316,340.58,3506.7,5711.97,4,2,8,19,0,APPROVED,PENDING,62.85,dataset nhidcl.csv
PRJ_MST_1056,Freight Corridor Project #56 (Maharashtra),Central Division,MAHARASHTRA,18.4273,73.1382,147.17,1671.52,2528.87,7,7,32,19,0,PENDING,REJECTED,95.0,dataset nhidcl.csv
PRJ_MST_1057,Power Grid Line Project #57 (Maharashtra),Central Division,MAHARASHTRA,18.2447,73.2347,334.98,2652.43,3596.51,6,5,35,20,1,PENDING,APPROVED,95.0,dataset nhidcl.csv
PRJ_MST_1058,Urban Transit Corridor Project #58 (Maharashtra),Central Division,MAHARASHTRA,18.5553,74.7377,167.1,1936.9,2414.92,7,2,35,81,0,REJECTED,APPROVED,95.0,dataset nhidcl.csv
PRJ_MST_1059,Industrial Zone Project #59 (Maharashtra),Central Division,MAHARASHTRA,19.6153,75.2711,241.01,2871.62,4208.24,2,0,17,56,0,PENDING,APPROVED,57.55,dataset nhidcl.csv
PRJ_MST_1060,Bulk Water Pipeline Project #60 (Maharashtra),Central Division,MAHARASHTRA,18.8897,72.8574,47.23,444.38,699.29,4,2,8,49,1,PENDING,APPROVED,81.38,dataset nhidcl.csv
PRJ_MST_1061,Highway Project #61 (Maharashtra),Central Division,MAHARASHTRA,19.6146,74.4726,316.04,2596.73,4362.28,2,3,28,73,0,PENDING,APPROVED,82.8,dataset nhidcl.csv
PRJ_MST_1062,Freight Corridor Project #62 (Maharashtra),Central Division,MAHARASHTRA,19.525,74.6527,118.34,1391.58,2078.18,5,2,13,97,0,APPROVED,APPROVED,65.68,dataset nhidcl.csv
PRJ_MST_1063,Power Grid Line Project #63 (Maharashtra),Central Division,MAHARASHTRA,19.5386,73.3899,106.56,1154.76,1621.11,6,4,24,25,0,REJECTED,PENDING,95.0,dataset nhidcl.csv
PRJ_MST_1064,Urban Transit Corridor Project #64 (Maharashtra),Central Division,MAHARASHTRA,18.9427,75.2031,21.69,203.58,253.46,1,3,14,29,0,PENDING,APPROVED,60.15,dataset nhidcl.csv
PRJ_MST_1065,Industrial Zone Project #65 (Maharashtra),Central Division,MAHARASHTRA,19.6589,75.2102,199.26,2007.53,3001.37,5,2,5,72,1,APPROVED,APPROVED,71.74,dataset nhidcl.csv
PRJ_MST_1066,Bulk Water Pipeline Project #66 (Maharashtra),Central Division,MAHARASHTRA,20.0345,74.747,176.95,1948.96,2633.53,7,6,28,109,0,APPROVED,PENDING,95.0,dataset nhidcl.csv
PRJ_MST_1067,Highway Project #67 (Maharashtra),Central Division,MAHARASHTRA,19.9878,73.9569,230.0,1785.68,2564.79,4,0,14,114,0,APPROVED,APPROVED,59.82,dataset nhidcl.csv
PRJ_MST_1068,Freight Corridor Project #68 (Maharashtra),Central Division,MAHARASHTRA,18.2732,74.766,342.81,2303.54,3424.66,6,1,28,30,0,PENDING,PENDING,94.46,dataset nhidcl.csv
PRJ_MST_1069,Power Grid Line Project #69 (Maharashtra),Central Division,MAHARASHTRA,18.3685,72.8388,319.86,2916.83,4788.92,1,4,3,41,0,PENDING,APPROVED,56.07,dataset nhidcl.csv
PRJ_MST_1070,Urban Transit Corridor Project #70 (Maharashtra),Central Division,MAHARASHTRA,19.1738,75.1118,320.35,2782.18,4702.12,6,2,17,118,0,APPROVED,REJECTED,95.0,dataset nhidcl.csv
PRJ_MST_1071,Industrial Zone Project #71 (Maharashtra),Central Division,MAHARASHTRA,18.1105,75.2631,193.33,1385.04,2119.74,5,2,15,67,0,PENDING,PENDING,85.93,dataset nhidcl.csv
PRJ_MST_1072,Bulk Water Pipeline Project #72 (Maharashtra),Central Division,MAHARASHTRA,18.1494,73.1865,54.33,458.15,733.34,0,3,10,60,1,APPROVED,APPROVED,57.05,dataset nhidcl.csv
PRJ_MST_1073,Highway Project #73 (Maharashtra),Central Division,MAHARASHTRA,19.0141,73.8701,79.7,717.67,866.74,7,3,13,60,0,PENDING,APPROVED,82.05,dataset nhidcl.csv
PRJ_MST_1074,Freight Corridor Project #74 (Maharashtra),Central Division,MAHARASHTRA,19.1372,73.3238,334.5,2993.09,4073.78,3,1,2,69,0,APPROVED,PENDING,62.1,dataset nhidcl.csv
PRJ_MST_1075,Power Grid Line Project #75 (Maharashtra),Central Division,MAHARASHTRA,19.8967,74.5867,155.94,1456.47,2173.51,1,2,17,77,0,APPROVED,PENDING,62.29,dataset nhidcl.csv
PRJ_MST_1076,Urban Transit Corridor Project #76 (Maharashtra),Central Division,MAHARASHTRA,19.3257,74.696,305.46,2760.55,3513.66,6,1,19,67,0,PENDING,PENDING,89.68,dataset nhidcl.csv
PRJ_MST_1077,Industrial Zone Project #77 (Maharashtra),Central Division,MAHARASHTRA,19.3794,73.7555,241.82,2653.02,4255.47,6,3,24,89,0,REJECTED,PENDING,95.0,dataset nhidcl.csv
PRJ_MST_1078,Bulk Water Pipeline Project #78 (Maharashtra),Central Division,MAHARASHTRA,18.4965,75.2039,227.5,1437.95,2137.95,3,2,12,110,0,PENDING,APPROVED,67.83,dataset nhidcl.csv
PRJ_MST_1079,Highway Project #79 (Maharashtra),Central Division,MAHARASHTRA,19.2558,74.2953,110.93,1301.49,2185.25,4,5,3,111,1,PENDING,APPROVED,89.0,dataset nhidcl.csv
PRJ_MST_1080,Freight Corridor Project #80 (Maharashtra),Central Division,MAHARASHTRA,19.571,74.2596,315.93,2114.96,3555.82,7,2,13,102,0,PENDING,APPROVED,86.52,dataset nhidcl.csv
PRJ_MST_1081,Power Grid Line Project #81 (Maharashtra),Central Division,MAHARASHTRA,19.8316,73.6391,88.27,548.78,871.77,7,3,32,16,0,APPROVED,REJECTED,95.0,dataset nhidcl.csv
PRJ_MST_1082,Urban Transit Corridor Project #82 (Maharashtra),Central Division,MAHARASHTRA,18.7309,75.1604,153.45,1805.01,2259.62,0,3,27,18,0,APPROVED,PENDING,59.3,dataset nhidcl.csv
PRJ_MST_1083,Industrial Zone Project #83 (Maharashtra),Central Division,MAHARASHTRA,19.0893,73.8954,347.88,3884.7,4905.68,3,1,36,50,1,PENDING,APPROVED,93.48,dataset nhidcl.csv
PRJ_MST_1084,Bulk Water Pipeline Project #84 (Maharashtra),Central Division,MAHARASHTRA,19.8441,74.498,262.79,3089.4,3715.98,1,3,7,112,0,PENDING,APPROVED,60.79,dataset nhidcl.csv
PRJ_MST_1085,Highway Project #85 (Maharashtra),Central Division,MAHARASHTRA,19.9342,72.8747,166.87,1997.29,3163.48,3,3,33,69,0,APPROVED,APPROVED,77.71,dataset nhidcl.csv
PRJ_MST_1086,Freight Corridor Project #86 (Maharashtra),Central Division,MAHARASHTRA,20.0403,73.7098,205.02,1949.91,2459.38,0,0,4,62,0,REJECTED,APPROVED,52.93,dataset nhidcl.csv
PRJ_MST_1087,Power Grid Line Project #87 (Maharashtra),Central Division,MAHARASHTRA,20.0066,74.8154,155.71,1446.87,1992.42,1,3,4,92,0,APPROVED,PENDING,54.04,dataset nhidcl.csv
PRJ_MST_1088,Urban Transit Corridor Project #88 (Maharashtra),Central Division,MAHARASHTRA,18.5868,73.039,259.91,1965.43,2578.69,7,4,30,74,0,PENDING,PENDING,95.0,dataset nhidcl.csv
PRJ_MST_1089,Industrial Zone Project #89 (Maharashtra),Central Division,MAHARASHTRA,19.0567,72.9435,151.73,1018.61,1424.72,3,4,8,79,1,PENDING,REJECTED,95.0,dataset nhidcl.csv
PRJ_MST_1090,Bulk Water Pipeline Project #90 (Maharashtra),Central Division,MAHARASHTRA,19.7919,74.6955,241.15,2616.25,4324.18,1,2,31,29,0,PENDING,APPROVED,75.27,dataset nhidcl.csv
PRJ_MST_1091,Highway Project #91 (Maharashtra),Central Division,MAHARASHTRA,18.3399,75.1091,252.56,2556.36,4188.62,1,3,32,24,0,APPROVED,APPROVED,60.58,dataset nhidcl.csv
PRJ_MST_1092,Freight Corridor Project #92 (Maharashtra),Central Division,MAHARASHTRA,18.5726,74.8905,221.15,1594.69,2464.35,2,1,2,103,0,APPROVED,PENDING,56.38,dataset nhidcl.csv
PRJ_MST_1093,Power Grid Line Project #93 (Maharashtra),Central Division,MAHARASHTRA,19.0648,72.8641,198.21,2247.62,3240.76,3,1,29,74,0,PENDING,PENDING,84.93,dataset nhidcl.csv
PRJ_MST_1094,Urban Transit Corridor Project #94 (Maharashtra),Central Division,MAHARASHTRA,18.5997,73.248,88.01,802.14,1260.87,4,1,11,70,0,APPROVED,PENDING,67.17,dataset nhidcl.csv
PRJ_MST_1095,Industrial Zone Project #95 (Maharashtra),Central Division,MAHARASHTRA,18.2888,74.5668,85.72,614.67,959.19,3,0,28,25,0,PENDING,PENDING,81.69,dataset nhidcl.csv
PRJ_MST_1096,Bulk Water Pipeline Project #96 (Maharashtra),Central Division,MAHARASHTRA,18.3213,73.8851,282.59,2544.47,4184.51,3,1,2,55,0,APPROVED,APPROVED,44.01,dataset nhidcl.csv
PRJ_MST_1097,Highway Project #97 (Maharashtra),Central Division,MAHARASHTRA,19.5514,75.1052,115.81,775.81,1202.79,4,4,25,21,0,APPROVED,PENDING,80.52,dataset nhidcl.csv
PRJ_MST_1098,Freight Corridor Project #98 (Maharashtra),Central Division,MAHARASHTRA,18.403,74.7132,236.47,2271.23,2856.13,0,2,29,88,0,APPROVED,APPROVED,59.31,dataset nhidcl.csv
PRJ_MST_1099,Power Grid Line Project #99 (Maharashtra),Central Division,MAHARASHTRA,19.3417,74.8829,118.87,1296.82,1869.22,6,6,8,18,0,PENDING,APPROVED,80.18,dataset nhidcl.csv
PRJ_MST_1100,Urban Transit Corridor Project #100 (Maharashtra),Central Division,MAHARASHTRA,19.9643,74.4409,67.68,503.85,848.29,3,3,25,30,1,APPROVED,APPROVED,76.62,dataset nhidcl.csv
PRJ_MST_1101,Industrial Zone Project #101 (Maharashtra),Central Division,MAHARASHTRA,19.0643,74.1608,153.31,1433.34,1857.26,6,2,1,25,0,APPROVED,APPROVED,49.75,dataset nhidcl.csv
PRJ_MST_1102,Bulk Water Pipeline Project #102 (Maharashtra),Central Division,MAHARASHTRA,18.5717,72.9759,122.39,860.9,1350.56,7,3,2,41,0,APPROVED,PENDING,72.56,dataset nhidcl.csv
PRJ_MST_1103,Highway Project #103 (Maharashtra),Central Division,MAHARASHTRA,18.3198,74.7117,100.32,1079.02,1460.58,7,3,3,40,1,APPROVED,APPROVED,71.97,dataset nhidcl.csv
PRJ_MST_1104,Freight Corridor Project #104 (Maharashtra),Central Division,MAHARASHTRA,18.7544,73.7965,214.07,1666.7,2125.8,5,3,24,99,0,APPROVED,PENDING,85.5,dataset nhidcl.csv
PRJ_MST_1105,Power Grid Line Project #105 (Maharashtra),Central Division,MAHARASHTRA,19.1587,74.4439,100.96,1193.21,1997.62,5,3,12,22,1,PENDING,REJECTED,95.0,dataset nhidcl.csv
PRJ_MST_1106,Urban Transit Corridor Project #106 (Maharashtra),Central Division,MAHARASHTRA,19.4172,74.5912,266.76,2513.53,3596.79,6,2,34,46,1,APPROVED,APPROVED,95.0,dataset nhidcl.csv
PRJ_MST_1107,Industrial Zone Project #107 (Maharashtra),Central Division,MAHARASHTRA,19.3885,73.1088,257.65,2158.7,2639.97,2,2,22,12,1,APPROVED,APPROVED,63.88,dataset nhidcl.csv
PRJ_MST_1108,Bulk Water Pipeline Project #108 (Maharashtra),Central Division,MAHARASHTRA,18.6886,72.8381,249.44,2357.61,3205.97,2,1,8,88,1,APPROVED,PENDING,74.63,dataset nhidcl.csv
PRJ_MST_1109,Highway Project #109 (Maharashtra),Central Division,MAHARASHTRA,19.8039,74.8697,53.91,328.01,535.03,0,1,1,65,0,REJECTED,APPROVED,50.13,dataset nhidcl.csv
PRJ_MST_1110,Freight Corridor Project #110 (Maharashtra),Central Division,MAHARASHTRA,18.6617,74.3666,331.4,3575.21,4638.94,6,3,30,65,0,PENDING,APPROVED,94.81,dataset nhidcl.csv
PRJ_MST_1111,Power Grid Line Project #111 (Maharashtra),Central Division,MAHARASHTRA,19.5157,74.7627,186.1,1799.69,2204.13,6,4,1,15,0,PENDING,APPROVED,66.58,dataset nhidcl.csv
PRJ_MST_1112,Urban Transit Corridor Project #112 (Maharashtra),Central Division,MAHARASHTRA,19.8804,75.1403,316.89,3632.62,4667.73,0,4,31,72,0,PENDING,APPROVED,71.53,dataset nhidcl.csv
PRJ_MST_1113,Industrial Zone Project #113 (Maharashtra),Central Division,MAHARASHTRA,18.2746,75.0336,85.53,999.94,1522.17,1,6,17,27,0,PENDING,REJECTED,87.16,dataset nhidcl.csv
PRJ_MST_1114,Bulk Water Pipeline Project #114 (Maharashtra),Central Division,MAHARASHTRA,19.8059,73.9747,216.17,2348.83,3981.65,5,0,12,76,1,APPROVED,PENDING,82.35,dataset nhidcl.csv
PRJ_MST_1115,Highway Project #115 (Maharashtra),Central Division,MAHARASHTRA,19.2694,75.0977,338.58,2193.02,2783.5,5,1,4,34,0,PENDING,PENDING,73.08,dataset nhidcl.csv
PRJ_MST_1116,Freight Corridor Project #116 (Maharashtra),Central Division,MAHARASHTRA,19.9005,73.0075,349.57,4153.58,5228.01,4,5,9,40,1,PENDING,REJECTED,95.0,dataset nhidcl.csv
PRJ_MST_1117,Power Grid Line Project #117 (Maharashtra),Central Division,MAHARASHTRA,19.2274,74.8928,27.98,292.32,389.43,3,5,24,76,1,APPROVED,PENDING,91.89,dataset nhidcl.csv
PRJ_MST_1118,Urban Transit Corridor Project #118 (Maharashtra),Central Division,MAHARASHTRA,19.5926,74.6284,178.83,1852.29,2349.64,7,2,33,30,1,APPROVED,APPROVED,95.0,dataset nhidcl.csv
PRJ_MST_1119,Industrial Zone Project #119 (Maharashtra),Central Division,MAHARASHTRA,19.2996,73.8817,116.17,963.86,1569.11,5,1,36,84,1,REJECTED,REJECTED,95.0,dataset nhidcl.csv
PRJ_MST_1120,Bulk Water Pipeline Project #120 (Maharashtra),Central Division,MAHARASHTRA,19.6025,74.7001,41.03,264.79,420.03,4,0,29,31,1,APPROVED,PENDING,83.97,dataset nhidcl.csv
PRJ_MST_1121,Highway Project #121 (Maharashtra),Central Division,MAHARASHTRA,19.8575,73.7158,207.98,1842.22,2964.06,4,2,6,53,1,APPROVED,PENDING,75.15,dataset nhidcl.csv
PRJ_MST_1122,Freight Corridor Project #122 (Maharashtra),Central Division,MAHARASHTRA,19.1315,73.6785,21.68,137.38,195.66,4,3,5,97,0,PENDING,REJECTED,88.88,dataset nhidcl.csv
PRJ_MST_1123,Power Grid Line Project #123 (Maharashtra),Central Division,MAHARASHTRA,18.5417,72.9183,221.72,2096.96,3528.97,4,1,2,71,0,APPROVED,APPROVED,51.19,dataset nhidcl.csv
PRJ_MST_1124,Urban Transit Corridor Project #124 (Maharashtra),Central Division,MAHARASHTRA,20.1621,73.5949,307.16,3284.94,5238.68,5,3,12,58,1,REJECTED,APPROVED,95.0,dataset nhidcl.csv
PRJ_MST_1125,Industrial Zone Project #125 (Maharashtra),Central Division,MAHARASHTRA,20.0092,73.8515,311.59,2768.17,4634.46,0,1,2,40,1,APPROVED,APPROVED,42.51,dataset nhidcl.csv
PRJ_MST_1126,Bulk Water Pipeline Project #126 (Maharashtra),Central Division,MAHARASHTRA,19.1902,73.1747,334.93,3028.59,3881.56,1,2,25,111,0,APPROVED,APPROVED,61.29,dataset nhidcl.csv
PRJ_MST_1127,Highway Project #127 (Maharashtra),Central Division,MAHARASHTRA,18.1302,74.0588,264.16,2053.89,3242.34,3,1,23,65,0,APPROVED,PENDING,72.12,dataset nhidcl.csv
PRJ_MST_1128,Freight Corridor Project #128 (Maharashtra),Central Division,MAHARASHTRA,19.3625,73.0479,80.96,492.09,802.54,0,3,5,101,0,PENDING,REJECTED,74.78,dataset nhidcl.csv
PRJ_MST_1129,Power Grid Line Project #129 (Maharashtra),Central Division,MAHARASHTRA,18.2892,74.7985,163.44,1445.2,1935.8,2,1,11,95,0,APPROVED,APPROVED,49.77,dataset nhidcl.csv
PRJ_MST_1130,Urban Transit Corridor Project #130 (Maharashtra),Central Division,MAHARASHTRA,18.9634,73.161,312.35,3256.63,4050.7,4,1,35,53,1,PENDING,PENDING,95.0,dataset nhidcl.csv
PRJ_MST_1131,Industrial Zone Project #131 (Maharashtra),Central Division,MAHARASHTRA,20.1263,73.1787,104.17,661.22,939.59,2,0,1,39,1,APPROVED,APPROVED,49.05,dataset nhidcl.csv
PRJ_MST_1132,Bulk Water Pipeline Project #132 (Maharashtra),Central Division,MAHARASHTRA,18.9923,73.7407,166.29,1843.8,2954.49,2,4,10,27,0,APPROVED,APPROVED,52.56,dataset nhidcl.csv
PRJ_MST_1133,Highway Project #133 (Maharashtra),Central Division,MAHARASHTRA,19.7413,73.3916,223.59,1692.49,2453.3,7,3,33,36,0,APPROVED,APPROVED,85.32,dataset nhidcl.csv
PRJ_MST_1134,Freight Corridor Project #134 (Maharashtra),Central Division,MAHARASHTRA,18.5791,73.5322,54.11,469.15,765.92,3,2,25,104,0,APPROVED,APPROVED,70.05,dataset nhidcl.csv
PRJ_MST_1135,Power Grid Line Project #135 (Maharashtra),Central Division,MAHARASHTRA,19.9232,73.6834,181.74,1623.11,2683.26,0,4,17,64,0,PENDING,REJECTED,87.09,dataset nhidcl.csv
PRJ_MST_1136,Urban Transit Corridor Project #136 (Maharashtra),Central Division,MAHARASHTRA,19.2256,74.6432,34.75,248.41,364.05,3,0,20,104,0,PENDING,APPROVED,70.45,dataset nhidcl.csv
PRJ_MST_1137,Industrial Zone Project #137 (Maharashtra),Central Division,MAHARASHTRA,18.8494,73.7102,122.84,764.96,921.42,5,2,35,73,0,REJECTED,PENDING,95.0,dataset nhidcl.csv
PRJ_MST_1138,Bulk Water Pipeline Project #138 (Maharashtra),Central Division,MAHARASHTRA,18.7601,73.9879,268.17,2324.19,3673.11,7,2,21,54,0,PENDING,PENDING,95.0,dataset nhidcl.csv
PRJ_MST_1139,Highway Project #139 (Maharashtra),Central Division,MAHARASHTRA,20.0505,74.4015,256.11,1889.36,2905.03,6,2,29,3,0,APPROVED,APPROVED,75.99,dataset nhidcl.csv
PRJ_MST_1140,Freight Corridor Project #140 (Maharashtra),Central Division,MAHARASHTRA,19.0591,73.5888,330.71,3948.68,5096.1,4,5,29,98,0,APPROVED,REJECTED,95.0,dataset nhidcl.csv
PRJ_MST_1141,Power Grid Line Project #141 (Maharashtra),Central Division,MAHARASHTRA,20.0153,73.9899,276.38,1799.26,2914.04,2,3,7,9,0,PENDING,REJECTED,75.21,dataset nhidcl.csv
PRJ_MST_1142,Urban Transit Corridor Project #142 (Maharashtra),Central Division,MAHARASHTRA,18.4887,74.4963,91.03,926.84,1240.03,7,1,33,46,0,APPROVED,APPROVED,81.34,dataset nhidcl.csv
PRJ_MST_1143,Industrial Zone Project #143 (Maharashtra),Central Division,MAHARASHTRA,18.9201,74.4851,318.64,3482.89,5572.64,0,3,8,74,0,APPROVED,APPROVED,47.69,dataset nhidcl.csv
PRJ_MST_1144,Bulk Water Pipeline Project #144 (Maharashtra),Central Division,MAHARASHTRA,19.312,75.2461,202.25,1863.8,2655.4,4,6,19,13,0,REJECTED,APPROVED,89.39,dataset nhidcl.csv
PRJ_MST_1145,Highway Project #145 (Maharashtra),Central Division,MAHARASHTRA,19.5991,75.0382,298.82,2438.49,3699.09,1,2,24,37,1,PENDING,APPROVED,80.24,dataset nhidcl.csv
PRJ_MST_1146,Freight Corridor Project #146 (Maharashtra),Central Division,MAHARASHTRA,18.9634,74.7238,324.42,2032.86,2475.86,7,1,18,11,1,REJECTED,APPROVED,95.0,dataset nhidcl.csv
PRJ_MST_1147,Power Grid Line Project #147 (Maharashtra),Central Division,MAHARASHTRA,19.4539,73.8331,293.56,2805.58,3544.69,6,6,4,44,1,APPROVED,PENDING,86.2,dataset nhidcl.csv
PRJ_MST_1148,Urban Transit Corridor Project #148 (Maharashtra),Central Division,MAHARASHTRA,18.5761,74.4387,150.09,1642.81,2170.13,5,0,10,16,1,PENDING,PENDING,81.58,dataset nhidcl.csv
PRJ_MST_1149,Industrial Zone Project #149 (Maharashtra),Central Division,MAHARASHTRA,19.2763,73.6889,217.4,1588.24,2491.65,0,1,14,79,0,APPROVED,APPROVED,40.16,dataset nhidcl.csv
PRJ_MST_1150,Bulk Water Pipeline Project #150 (Maharashtra),Central Division,MAHARASHTRA,20.1768,72.9775,162.79,1109.24,1570.92,2,3,7,34,0,PENDING,APPROVED,58.63,dataset nhidcl.csv
PRJ_MST_1151,Highway Project #151 (Maharashtra),Central Division,MAHARASHTRA,19.3982,73.9731,249.07,2398.66,3522.18,3,1,18,65,0,APPROVED,REJECTED,72.47,dataset nhidcl.csv
PRJ_MST_1152,Freight Corridor Project #152 (Maharashtra),Central Division,MAHARASHTRA,19.4797,75.0826,179.95,1659.96,2259.67,6,0,22,74,1,REJECTED,APPROVED,95.0,dataset nhidcl.csv
PRJ_MST_1153,Power Grid Line Project #153 (Maharashtra),Central Division,MAHARASHTRA,19.4885,74.2907,62.33,423.09,598.2,6,0,26,40,1,REJECTED,APPROVED,95.0,dataset nhidcl.csv
PRJ_MST_1154,Urban Transit Corridor Project #154 (Maharashtra),Central Division,MAHARASHTRA,18.7967,73.5656,232.64,2204.55,3343.58,0,0,31,66,0,APPROVED,APPROVED,55.62,dataset nhidcl.csv
PRJ_MST_1155,Industrial Zone Project #155 (Maharashtra),Central Division,MAHARASHTRA,19.8298,73.3963,87.55,861.49,1113.1,1,3,25,28,0,APPROVED,REJECTED,69.2,dataset nhidcl.csv
PRJ_MST_1156,Bulk Water Pipeline Project #156 (Maharashtra),Central Division,MAHARASHTRA,20.1672,75.1993,265.84,1912.74,2696.51,2,3,26,17,0,APPROVED,APPROVED,60.26,dataset nhidcl.csv
PRJ_MST_1157,Highway Project #157 (Maharashtra),Central Division,MAHARASHTRA,19.172,73.1722,54.85,548.76,844.35,0,1,18,19,1,APPROVED,PENDING,65.73,dataset nhidcl.csv
PRJ_MST_1158,Freight Corridor Project #158 (Maharashtra),Central Division,MAHARASHTRA,19.1943,73.5734,22.41,233.86,379.85,7,3,28,110,0,REJECTED,PENDING,95.0,dataset nhidcl.csv
PRJ_MST_1159,Power Grid Line Project #159 (Maharashtra),Central Division,MAHARASHTRA,19.8697,73.0028,130.38,942.75,1327.73,7,1,32,13,0,PENDING,APPROVED,91.65,dataset nhidcl.csv
PRJ_MST_1160,Urban Transit Corridor Project #160 (Maharashtra),Central Division,MAHARASHTRA,18.3843,74.4793,339.85,2534.0,3977.33,7,3,18,33,0,APPROVED,PENDING,82.68,dataset nhidcl.csv
PRJ_MST_1161,Industrial Zone Project #161 (Maharashtra),Central Division,MAHARASHTRA,20.0728,74.0089,251.32,2645.43,3272.27,5,1,36,48,0,APPROVED,APPROVED,77.08,dataset nhidcl.csv
PRJ_MST_1162,Bulk Water Pipeline Project #162 (Maharashtra),Central Division,MAHARASHTRA,19.5704,73.2651,156.52,1025.19,1508.95,4,4,18,53,1,PENDING,PENDING,95.0,dataset nhidcl.csv
PRJ_MST_1163,Highway Project #163 (Maharashtra),Central Division,MAHARASHTRA,19.9341,72.8654,59.85,509.26,697.46,3,5,32,30,0,PENDING,PENDING,95.0,dataset nhidcl.csv
PRJ_MST_1164,Freight Corridor Project #164 (Maharashtra),Central Division,MAHARASHTRA,19.4219,74.3836,39.92,433.35,616.89,6,3,15,57,1,APPROVED,PENDING,93.8,dataset nhidcl.csv
PRJ_MST_1165,Power Grid Line Project #165 (Maharashtra),Central Division,MAHARASHTRA,19.1912,73.1275,259.65,2058.94,2633.35,7,2,22,103,0,APPROVED,APPROVED,77.89,dataset nhidcl.csv
PRJ_MST_1166,Urban Transit Corridor Project #166 (Maharashtra),Central Division,MAHARASHTRA,18.9539,72.8811,318.8,2146.79,2741.04,7,2,6,41,1,PENDING,PENDING,95.0,dataset nhidcl.csv
PRJ_MST_1167,Industrial Zone Project #167 (Maharashtra),Central Division,MAHARASHTRA,18.2687,75.2364,25.29,210.14,303.46,1,3,25,57,1,PENDING,APPROVED,86.11,dataset nhidcl.csv
PRJ_MST_1168,Bulk Water Pipeline Project #168 (Maharashtra),Central Division,MAHARASHTRA,19.0846,74.0728,212.77,1878.9,2855.18,3,3,31,81,0,APPROVED,APPROVED,69.35,dataset nhidcl.csv
PRJ_MST_1169,Highway Project #169 (Maharashtra),Central Division,MAHARASHTRA,18.6544,73.2569,260.44,1898.38,3088.19,5,6,11,29,0,REJECTED,APPROVED,94.44,dataset nhidcl.csv
PRJ_MST_1170,Freight Corridor Project #170 (Maharashtra),Central Division,MAHARASHTRA,19.4434,74.1713,116.43,705.17,1171.9,0,4,7,24,0,PENDING,PENDING,66.63,dataset nhidcl.csv
PRJ_MST_1171,Power Grid Line Project #171 (Maharashtra),Central Division,MAHARASHTRA,19.7911,74.4218,192.52,1576.12,2462.95,7,3,4,62,0,APPROVED,PENDING,73.47,dataset nhidcl.csv
PRJ_MST_1172,Urban Transit Corridor Project #172 (Maharashtra),Central Division,MAHARASHTRA,19.7484,74.4026,288.9,1958.16,2681.45,4,1,27,18,1,APPROVED,APPROVED,73.36,dataset nhidcl.csv
PRJ_MST_1173,Industrial Zone Project #173 (Maharashtra),Central Division,MAHARASHTRA,20.1572,73.8071,216.79,1510.37,2122.92,4,3,4,71,0,APPROVED,PENDING,66.04,dataset nhidcl.csv
PRJ_MST_1174,Bulk Water Pipeline Project #174 (Maharashtra),Central Division,MAHARASHTRA,19.3729,74.3585,144.92,1550.58,2337.13,0,5,25,91,1,APPROVED,APPROVED,73.7,dataset nhidcl.csv
PRJ_MST_1175,Highway Project #175 (Maharashtra),Central Division,MAHARASHTRA,18.2579,73.3392,45.59,393.69,619.37,0,5,4,7,0,APPROVED,PENDING,52.18,dataset nhidcl.csv
PRJ_MST_1176,Freight Corridor Project #176 (Maharashtra),Central Division,MAHARASHTRA,19.0952,74.6241,180.68,1357.77,1959.31,2,1,21,94,0,PENDING,APPROVED,72.61,dataset nhidcl.csv
PRJ_MST_1177,Power Grid Line Project #177 (Maharashtra),Central Division,MAHARASHTRA,19.5764,73.0551,174.5,1339.73,2058.67,1,3,14,2,0,REJECTED,PENDING,73.5,dataset nhidcl.csv
PRJ_MST_1178,Urban Transit Corridor Project #178 (Maharashtra),Central Division,MAHARASHTRA,19.0099,73.9299,79.91,789.73,1068.16,5,2,12,66,0,REJECTED,APPROVED,82.34,dataset nhidcl.csv
PRJ_MST_1179,Industrial Zone Project #179 (Maharashtra),Central Division,MAHARASHTRA,18.3934,75.2061,43.14,497.76,635.21,4,3,27,107,0,PENDING,REJECTED,95.0,dataset nhidcl.csv
PRJ_MST_1180,Bulk Water Pipeline Project #180 (Maharashtra),Central Division,MAHARASHTRA,19.8499,74.6094,187.77,2249.22,3165.42,0,3,32,85,1,APPROVED,APPROVED,76.89,dataset nhidcl.csv
PRJ_MST_1181,Highway Project #181 (Maharashtra),Central Division,MAHARASHTRA,18.669,73.9779,129.51,1151.36,1409.39,6,1,22,80,0,APPROVED,APPROVED,77.55,dataset nhidcl.csv
PRJ_MST_1182,Freight Corridor Project #182 (Maharashtra),Central Division,MAHARASHTRA,18.9675,74.3781,90.78,858.95,1185.22,3,3,32,99,1,REJECTED,APPROVED,95.0,dataset nhidcl.csv
PRJ_MST_1183,Power Grid Line Project #183 (Maharashtra),Central Division,MAHARASHTRA,20.0518,73.0736,51.24,317.58,440.31,5,1,17,16,0,PENDING,REJECTED,92.13,dataset nhidcl.csv
PRJ_MST_1184,Urban Transit Corridor Project #184 (Maharashtra),Central Division,MAHARASHTRA,19.2104,74.9806,296.52,3531.04,5899.84,4,4,29,13,0,APPROVED,REJECTED,89.92,dataset nhidcl.csv
PRJ_MST_1185,Industrial Zone Project #185 (Maharashtra),Central Division,MAHARASHTRA,19.8204,73.9891,137.19,1639.23,2228.64,4,4,25,114,1,APPROVED,APPROVED,91.71,dataset nhidcl.csv
PRJ_MST_1186,Bulk Water Pipeline Project #186 (Maharashtra),Central Division,MAHARASHTRA,19.5456,74.1193,292.84,2177.13,3542.31,0,1,15,8,1,APPROVED,PENDING,62.36,dataset nhidcl.csv
PRJ_MST_1187,Highway Project #187 (Maharashtra),Central Division,MAHARASHTRA,19.1383,73.6699,28.57,287.56,403.73,5,3,12,61,0,APPROVED,PENDING,66.65,dataset nhidcl.csv
PRJ_MST_1188,Freight Corridor Project #188 (Maharashtra),Central Division,MAHARASHTRA,19.0781,75.2688,20.74,216.22,354.76,3,3,32,93,1,REJECTED,PENDING,95.0,dataset nhidcl.csv
PRJ_MST_1189,Power Grid Line Project #189 (Maharashtra),Central Division,MAHARASHTRA,19.3881,74.4337,325.06,3310.27,5492.85,0,4,25,20,0,PENDING,PENDING,80.07,dataset nhidcl.csv
PRJ_MST_1190,Urban Transit Corridor Project #190 (Maharashtra),Central Division,MAHARASHTRA,18.3862,74.2177,242.4,2263.7,2751.49,5,4,0,75,0,APPROVED,APPROVED,60.07,dataset nhidcl.csv
PRJ_MST_1191,Industrial Zone Project #191 (Maharashtra),Central Division,MAHARASHTRA,19.1495,75.1773,348.29,3113.44,4619.4,4,0,1,36,0,APPROVED,APPROVED,47.64,dataset nhidcl.csv
PRJ_MST_1192,Bulk Water Pipeline Project #192 (Maharashtra),Central Division,MAHARASHTRA,20.1864,73.2012,178.24,1532.92,2517.85,4,4,5,95,1,APPROVED,REJECTED,95.0,dataset nhidcl.csv
PRJ_MST_1193,Highway Project #193 (Maharashtra),Central Division,MAHARASHTRA,18.8152,73.6568,72.52,684.79,1093.96,4,1,23,10,0,APPROVED,REJECTED,77.64,dataset nhidcl.csv
PRJ_MST_1194,Freight Corridor Project #194 (Maharashtra),Central Division,MAHARASHTRA,18.6299,74.6656,334.25,3406.71,4766.47,7,2,17,19,0,PENDING,PENDING,93.99,dataset nhidcl.csv
PRJ_MST_1195,Power Grid Line Project #195 (Maharashtra),Central Division,MAHARASHTRA,19.3427,74.8978,74.8,794.09,1200.07,1,5,26,34,0,APPROVED,APPROVED,61.56,dataset nhidcl.csv
PRJ_MST_1196,Urban Transit Corridor Project #196 (Maharashtra),Central Division,MAHARASHTRA,18.7094,73.1054,141.86,1404.42,1900.08,1,3,7,52,0,PENDING,APPROVED,55.01,dataset nhidcl.csv
PRJ_MST_1197,Industrial Zone Project #197 (Maharashtra),Central Division,MAHARASHTRA,19.0503,74.1185,328.4,2334.39,3495.22,0,3,27,46,0,PENDING,PENDING,79.01,dataset nhidcl.csv
PRJ_MST_1198,Bulk Water Pipeline Project #198 (Maharashtra),Central Division,MAHARASHTRA,20.0251,75.1466,46.94,518.97,740.7,6,2,9,109,0,APPROVED,REJECTED,87.85,dataset nhidcl.csv
PRJ_MST_1199,Highway Project #199 (Maharashtra),Central Division,MAHARASHTRA,19.9551,74.7972,169.81,1344.9,1908.42,4,1,16,74,0,PENDING,REJECTED,93.14,dataset nhidcl.csv
PRJ_MST_1200,Freight Corridor Project #200 (Maharashtra),Central Division,MAHARASHTRA,18.9936,74.409,312.81,2401.11,3889.91,0,0,28,51,0,APPROVED,PENDING,66.49,dataset nhidcl.csv
PRJ_MST_1201,Power Grid Line Project #201 (Maharashtra),Central Division,MAHARASHTRA,19.8465,74.7186,125.4,965.65,1531.34,3,3,5,7,0,REJECTED,PENDING,75.84,dataset nhidcl.csv
PRJ_MST_1202,Urban Transit Corridor Project #202 (Maharashtra),Central Division,MAHARASHTRA,18.6716,73.547,337.68,3047.67,5086.68,6,4,13,3,0,APPROVED,APPROVED,67.57,dataset nhidcl.csv
PRJ_MST_1203,Industrial Zone Project #203 (Maharashtra),Central Division,MAHARASHTRA,19.8922,73.6385,349.13,3571.59,4339.62,4,2,21,26,0,PENDING,APPROVED,72.52,dataset nhidcl.csv
PRJ_MST_1204,Bulk Water Pipeline Project #204 (Maharashtra),Central Division,MAHARASHTRA,18.249,74.6572,180.39,1910.33,2642.18,1,1,5,43,0,APPROVED,REJECTED,52.9,dataset nhidcl.csv
PRJ_MST_1205,Highway Project #205 (Maharashtra),Central Division,MAHARASHTRA,19.944,74.5301,126.03,1291.63,1921.84,4,0,25,39,1,PENDING,PENDING,94.86,dataset nhidcl.csv
PRJ_MST_1206,Freight Corridor Project #206 (Maharashtra),Central Division,MAHARASHTRA,18.8569,74.7717,341.23,2140.58,2857.67,7,5,11,101,0,APPROVED,APPROVED,82.19,dataset nhidcl.csv
PRJ_MST_1207,Power Grid Line Project #207 (Maharashtra),Central Division,MAHARASHTRA,20.1134,73.4123,349.58,2845.13,3847.82,6,2,34,46,0,APPROVED,APPROVED,83.4,dataset nhidcl.csv
PRJ_MST_1208,Urban Transit Corridor Project #208 (Maharashtra),Central Division,MAHARASHTRA,20.0797,73.8105,166.92,1704.96,2298.42,4,2,13,93,0,APPROVED,PENDING,71.78,dataset nhidcl.csv
PRJ_MST_1209,Industrial Zone Project #209 (Maharashtra),Central Division,MAHARASHTRA,19.4011,74.3549,34.77,325.0,427.88,3,0,21,43,1,REJECTED,APPROVED,88.16,dataset nhidcl.csv
PRJ_MST_1210,Bulk Water Pipeline Project #210 (Maharashtra),Central Division,MAHARASHTRA,19.1063,74.1815,167.53,1955.13,3057.89,1,1,22,47,1,APPROVED,APPROVED,63.03,dataset nhidcl.csv
PRJ_MST_1211,Highway Project #211 (Maharashtra),Central Division,MAHARASHTRA,18.6271,75.2185,254.36,2540.69,3310.03,7,2,6,111,0,PENDING,PENDING,93.99,dataset nhidcl.csv
PRJ_MST_1212,Freight Corridor Project #212 (Maharashtra),Central Division,MAHARASHTRA,19.9476,72.9093,226.6,2618.94,3323.7,7,3,24,90,0,APPROVED,PENDING,95.0,dataset nhidcl.csv
PRJ_MST_1213,Power Grid Line Project #213 (Maharashtra),Central Division,MAHARASHTRA,18.1819,73.0978,241.31,1848.92,2394.24,4,0,12,84,0,APPROVED,PENDING,66.55,dataset nhidcl.csv
PRJ_MST_1214,Urban Transit Corridor Project #214 (Maharashtra),Central Division,MAHARASHTRA,19.8747,72.8543,340.73,3621.37,5868.82,2,1,20,51,0,APPROVED,APPROVED,52.0,dataset nhidcl.csv
PRJ_MST_1215,Industrial Zone Project #215 (Maharashtra),Central Division,MAHARASHTRA,18.772,74.2493,238.45,1625.02,2111.06,1,0,9,83,0,APPROVED,PENDING,48.89,dataset nhidcl.csv
PRJ_MST_1216,Bulk Water Pipeline Project #216 (Maharashtra),Central Division,MAHARASHTRA,20.019,73.7968,50.18,509.27,821.69,1,2,8,67,0,PENDING,APPROVED,57.31,dataset nhidcl.csv
PRJ_MST_1217,Highway Project #217 (Maharashtra),Central Division,MAHARASHTRA,18.625,74.6985,214.61,2101.16,3231.85,3,3,14,10,1,APPROVED,APPROVED,63.92,dataset nhidcl.csv
PRJ_MST_1218,Freight Corridor Project #218 (Maharashtra),Central Division,MAHARASHTRA,18.7376,72.9627,89.82,898.47,1459.18,2,4,1,76,0,PENDING,PENDING,70.9,dataset nhidcl.csv
PRJ_MST_1219,Power Grid Line Project #219 (Maharashtra),Central Division,MAHARASHTRA,18.5006,74.3371,282.37,3116.46,5264.48,5,2,24,72,0,APPROVED,PENDING,84.81,dataset nhidcl.csv
PRJ_MST_1220,Urban Transit Corridor Project #220 (Maharashtra),Central Division,MAHARASHTRA,18.8459,74.3582,135.6,1216.24,1989.8,5,3,12,3,0,PENDING,PENDING,84.52,dataset nhidcl.csv
PRJ_MST_1221,Industrial Zone Project #221 (Maharashtra),Central Division,MAHARASHTRA,19.7332,73.2001,185.8,1880.5,2858.07,3,4,33,75,0,PENDING,PENDING,95.0,dataset nhidcl.csv
PRJ_MST_1222,Bulk Water Pipeline Project #222 (Maharashtra),Central Division,MAHARASHTRA,18.4788,74.1372,252.17,1943.17,2827.85,0,1,33,72,0,APPROVED,PENDING,70.38,dataset nhidcl.csv
PRJ_MST_1223,Highway Project #223 (Maharashtra),Central Division,MAHARASHTRA,20.0952,74.8667,76.64,680.5,1060.14,1,1,34,76,0,PENDING,APPROVED,73.15,dataset nhidcl.csv
PRJ_MST_1224,Freight Corridor Project #224 (Maharashtra),Central Division,MAHARASHTRA,19.4489,74.207,218.35,2475.06,3368.18,5,3,2,47,0,APPROVED,APPROVED,52.82,dataset nhidcl.csv
PRJ_MST_1225,Power Grid Line Project #225 (Maharashtra),Central Division,MAHARASHTRA,19.1323,74.1496,72.81,738.21,1027.63,7,2,5,25,0,PENDING,APPROVED,71.38,dataset nhidcl.csv
PRJ_MST_1226,Urban Transit Corridor Project #226 (Maharashtra),Central Division,MAHARASHTRA,19.8532,75.0677,292.77,1925.83,2811.68,2,2,18,101,0,PENDING,APPROVED,71.03,dataset nhidcl.csv
PRJ_MST_1227,Industrial Zone Project #227 (Maharashtra),Central Division,MAHARASHTRA,19.9384,74.2586,129.79,857.64,1078.75,5,2,2,105,0,PENDING,REJECTED,80.75,dataset nhidcl.csv
PRJ_MST_1228,Bulk Water Pipeline Project #228 (Maharashtra),Central Division,MAHARASHTRA,19.1208,73.2705,200.41,1764.11,2868.25,4,5,17,76,0,PENDING,APPROVED,85.67,dataset nhidcl.csv
PRJ_MST_1229,Highway Project #229 (Maharashtra),Central Division,MAHARASHTRA,20.1189,73.5642,294.13,3285.21,3999.96,1,1,8,38,0,APPROVED,REJECTED,58.82,dataset nhidcl.csv
PRJ_MST_1230,Freight Corridor Project #230 (Maharashtra),Central Division,MAHARASHTRA,18.9801,74.4865,339.79,3134.71,4462.14,4,3,11,91,0,APPROVED,PENDING,74.13,dataset nhidcl.csv
PRJ_MST_1231,Power Grid Line Project #231 (Maharashtra),Central Division,MAHARASHTRA,19.4293,73.2602,128.09,1228.12,1908.21,7,2,4,57,0,APPROVED,PENDING,73.58,dataset nhidcl.csv
PRJ_MST_1232,Urban Transit Corridor Project #232 (Maharashtra),Central Division,MAHARASHTRA,20.1035,74.7113,49.16,480.64,699.16,5,1,2,18,0,APPROVED,PENDING,54.55,dataset nhidcl.csv
PRJ_MST_1233,Industrial Zone Project #233 (Maharashtra),Central Division,MAHARASHTRA,18.3047,73.9347,337.95,2353.28,3657.01,5,2,10,87,0,APPROVED,PENDING,69.38,dataset nhidcl.csv
PRJ_MST_1234,Bulk Water Pipeline Project #234 (Maharashtra),Central Division,MAHARASHTRA,18.4293,73.1002,346.47,3779.29,6253.24,7,4,29,82,0,APPROVED,APPROVED,88.86,dataset nhidcl.csv
PRJ_MST_1235,Highway Project #235 (Maharashtra),Central Division,MAHARASHTRA,18.1612,74.3045,323.3,2907.45,4678.28,4,2,3,112,0,APPROVED,APPROVED,57.45,dataset nhidcl.csv
PRJ_MST_1236,Freight Corridor Project #236 (Maharashtra),Central Division,MAHARASHTRA,19.026,73.821,300.66,1947.32,2640.43,5,0,4,76,0,REJECTED,PENDING,88.59,dataset nhidcl.csv
PRJ_MST_1237,Power Grid Line Project #237 (Maharashtra),Central Division,MAHARASHTRA,19.6455,73.4648,182.92,1677.69,2223.98,3,4,0,76,1,APPROVED,APPROVED,55.58,dataset nhidcl.csv
PRJ_MST_1238,Urban Transit Corridor Project #238 (Maharashtra),Central Division,MAHARASHTRA,19.8847,73.6812,174.64,1166.3,1713.49,1,5,26,57,0,APPROVED,APPROVED,66.74,dataset nhidcl.csv
PRJ_MST_1239,Industrial Zone Project #239 (Maharashtra),Central Division,MAHARASHTRA,18.2172,73.9065,204.45,2130.04,2575.05,2,3,27,27,0,PENDING,PENDING,78.88,dataset nhidcl.csv
PRJ_MST_1240,Bulk Water Pipeline Project #240 (Maharashtra),Central Division,MAHARASHTRA,20.0228,74.0645,55.28,469.34,684.2,5,5,28,116,0,PENDING,APPROVED,95.0,dataset nhidcl.csv
PRJ_MST_1241,Highway Project #241 (Maharashtra),Central Division,MAHARASHTRA,18.9735,72.8452,316.58,2512.89,3036.59,4,5,17,65,0,PENDING,REJECTED,95.0,dataset nhidcl.csv
PRJ_MST_1242,Freight Corridor Project #242 (Maharashtra),Central Division,MAHARASHTRA,18.7318,73.3133,223.0,1528.38,2302.22,2,2,11,9,1,PENDING,REJECTED,83.09,dataset nhidcl.csv
PRJ_MST_1243,Power Grid Line Project #243 (Maharashtra),Central Division,MAHARASHTRA,20.0306,75.27,347.38,3900.29,5974.57,2,3,12,85,0,PENDING,REJECTED,85.93,dataset nhidcl.csv
PRJ_MST_1244,Urban Transit Corridor Project #244 (Maharashtra),Central Division,MAHARASHTRA,19.544,73.4853,248.55,1576.17,2147.65,3,2,1,76,1,PENDING,APPROVED,70.64,dataset nhidcl.csv
PRJ_MST_1245,Industrial Zone Project #245 (Maharashtra),Central Division,MAHARASHTRA,18.9656,75.2518,137.06,1341.57,1936.71,3,7,36,57,0,REJECTED,APPROVED,95.0,dataset nhidcl.csv
PRJ_MST_1246,Bulk Water Pipeline Project #246 (Maharashtra),Central Division,MAHARASHTRA,19.638,73.6192,77.24,782.36,1262.61,4,2,15,72,0,APPROVED,REJECTED,77.2,dataset nhidcl.csv
PRJ_MST_1247,Highway Project #247 (Maharashtra),Central Division,MAHARASHTRA,19.7264,74.5501,35.24,415.99,677.21,3,1,23,96,1,APPROVED,APPROVED,80.02,dataset nhidcl.csv
PRJ_MST_1248,Freight Corridor Project #248 (Maharashtra),Central Division,MAHARASHTRA,19.8499,73.0742,127.84,1035.86,1501.83,5,4,34,13,0,APPROVED,REJECTED,95.0,dataset nhidcl.csv
PRJ_MST_1249,Power Grid Line Project #249 (Maharashtra),Central Division,MAHARASHTRA,18.8245,74.5825,137.41,1359.6,2239.32,0,4,21,111,0,PENDING,REJECTED,91.96,dataset nhidcl.csv
PRJ_MST_1250,Urban Transit Corridor Project #250 (Maharashtra),Central Division,MAHARASHTRA,18.1237,74.1467,178.2,1318.57,1898.82,1,4,35,83,0,APPROVED,REJECTED,88.99,dataset nhidcl.csv
PRJ_MST_1251,Industrial Zone Project #251 (Maharashtra),Central Division,MAHARASHTRA,19.0237,74.6127,237.46,1843.9,2373.09,3,3,10,14,0,REJECTED,APPROVED,72.11,dataset nhidcl.csv
PRJ_MST_1252,Bulk Water Pipeline Project #252 (Maharashtra),Central Division,MAHARASHTRA,19.7002,75.0838,48.36,523.62,664.66,6,3,28,95,0,APPROVED,APPROVED,83.29,dataset nhidcl.csv
PRJ_MST_1253,Highway Project #253 (Maharashtra),Central Division,MAHARASHTRA,18.8648,73.6515,117.83,1087.09,1802.7,0,1,34,32,0,REJECTED,REJECTED,95.0,dataset nhidcl.csv
PRJ_MST_1254,Freight Corridor Project #254 (Maharashtra),Central Division,MAHARASHTRA,18.3789,73.1395,87.13,527.05,680.34,1,3,14,16,0,PENDING,APPROVED,55.36,dataset nhidcl.csv
PRJ_MST_1255,Power Grid Line Project #255 (Maharashtra),Central Division,MAHARASHTRA,18.5345,73.4813,235.21,2199.82,3264.37,2,5,30,23,1,REJECTED,APPROVED,95.0,dataset nhidcl.csv
PRJ_MST_1256,Urban Transit Corridor Project #256 (Maharashtra),Central Division,MAHARASHTRA,18.6963,74.4764,210.46,1991.62,2590.16,4,2,15,29,1,PENDING,PENDING,85.11,dataset nhidcl.csv
PRJ_MST_1257,Industrial Zone Project #257 (Maharashtra),Central Division,MAHARASHTRA,19.8013,74.4088,244.99,2266.4,3112.42,6,1,9,61,0,APPROVED,REJECTED,79.74,dataset nhidcl.csv
PRJ_MST_1258,Bulk Water Pipeline Project #258 (Maharashtra),Central Division,MAHARASHTRA,18.975,72.9403,91.59,673.37,843.4,0,2,31,12,0,APPROVED,PENDING,58.77,dataset nhidcl.csv
PRJ_MST_1259,Highway Project #259 (Maharashtra),Central Division,MAHARASHTRA,19.2549,74.5193,27.35,174.72,210.27,7,4,1,61,0,APPROVED,PENDING,75.41,dataset nhidcl.csv
PRJ_MST_1260,Freight Corridor Project #260 (Maharashtra),Central Division,MAHARASHTRA,18.8244,74.775,32.86,259.23,365.07,5,1,23,46,0,PENDING,APPROVED,80.44,dataset nhidcl.csv
PRJ_MST_1261,Power Grid Line Project #261 (Maharashtra),Central Division,MAHARASHTRA,19.4054,75.2145,170.72,1575.73,2399.0,5,0,22,111,1,APPROVED,PENDING,91.12,dataset nhidcl.csv
PRJ_MST_1262,Urban Transit Corridor Project #262 (Maharashtra),Central Division,MAHARASHTRA,20.1318,73.3901,309.61,3019.98,4602.55,1,6,1,15,0,APPROVED,REJECTED,61.83,dataset nhidcl.csv
PRJ_MST_1263,Industrial Zone Project #263 (Maharashtra),Central Division,MAHARASHTRA,18.4199,73.8322,197.92,1440.92,1781.88,7,4,30,65,0,APPROVED,APPROVED,88.95,dataset nhidcl.csv
PRJ_MST_1264,Bulk Water Pipeline Project #264 (Maharashtra),Central Division,MAHARASHTRA,19.7014,73.0889,193.41,1986.2,2964.48,2,4,25,80,1,PENDING,PENDING,95.0,dataset nhidcl.csv
PRJ_MST_1265,Highway Project #265 (Maharashtra),Central Division,MAHARASHTRA,20.1632,73.4845,199.59,1252.5,1525.7,7,2,28,95,1,APPROVED,REJECTED,95.0,dataset nhidcl.csv
PRJ_MST_1266,Freight Corridor Project #266 (Maharashtra),Central Division,MAHARASHTRA,19.4199,75.0614,190.42,1539.24,2438.98,2,0,2,42,0,APPROVED,PENDING,47.92,dataset nhidcl.csv
PRJ_MST_1267,Power Grid Line Project #267 (Maharashtra),Central Division,MAHARASHTRA,19.7766,73.4259,312.5,2863.61,3567.33,0,4,13,7,0,PENDING,PENDING,61.24,dataset nhidcl.csv
PRJ_MST_1268,Urban Transit Corridor Project #268 (Maharashtra),Central Division,MAHARASHTRA,19.8474,73.8146,155.36,1704.12,2606.32,5,3,24,115,0,PENDING,PENDING,95.0,dataset nhidcl.csv
PRJ_MST_1269,Industrial Zone Project #269 (Maharashtra),Central Division,MAHARASHTRA,19.4373,75.0891,290.44,3074.24,5043.25,0,4,0,2,1,APPROVED,APPROVED,47.52,dataset nhidcl.csv
PRJ_MST_1270,Bulk Water Pipeline Project #270 (Maharashtra),Central Division,MAHARASHTRA,19.6639,75.1731,294.63,2874.45,4139.56,6,2,2,11,0,APPROVED,APPROVED,56.95,dataset nhidcl.csv
PRJ_MST_1271,Highway Project #271 (Maharashtra),Central Division,MAHARASHTRA,20.1366,74.4241,216.08,1811.02,3012.79,3,1,25,83,0,PENDING,PENDING,88.31,dataset nhidcl.csv
PRJ_MST_1272,Freight Corridor Project #272 (Maharashtra),Central Division,MAHARASHTRA,20.1593,74.8132,85.48,998.71,1217.65,7,1,17,15,0,REJECTED,PENDING,95.0,dataset nhidcl.csv
PRJ_MST_1273,Power Grid Line Project #273 (Maharashtra),Central Division,MAHARASHTRA,19.7734,74.9608,275.85,1856.57,2706.82,2,3,8,77,0,APPROVED,REJECTED,69.2,dataset nhidcl.csv
PRJ_MST_1274,Urban Transit Corridor Project #274 (Maharashtra),Central Division,MAHARASHTRA,19.6888,73.4508,21.79,253.24,326.47,7,2,22,79,0,REJECTED,REJECTED,95.0,dataset nhidcl.csv
PRJ_MST_1275,Industrial Zone Project #275 (Maharashtra),Central Division,MAHARASHTRA,19.1836,75.2512,37.41,367.6,484.87,3,5,20,58,1,APPROVED,PENDING,90.95,dataset nhidcl.csv
PRJ_MST_1276,Bulk Water Pipeline Project #276 (Maharashtra),Central Division,MAHARASHTRA,18.5769,73.4881,211.78,2175.87,3514.2,2,0,0,116,1,APPROVED,PENDING,64.99,dataset nhidcl.csv
PRJ_MST_1277,Highway Project #277 (Maharashtra),Central Division,MAHARASHTRA,18.9892,75.2583,103.15,886.83,1364.69,1,2,20,48,1,APPROVED,PENDING,73.55,dataset nhidcl.csv
PRJ_MST_1278,Freight Corridor Project #278 (Maharashtra),Central Division,MAHARASHTRA,18.551,75.2335,107.18,971.4,1557.46,7,4,26,62,0,APPROVED,PENDING,95.0,dataset nhidcl.csv
PRJ_MST_1279,Power Grid Line Project #279 (Maharashtra),Central Division,MAHARASHTRA,19.4774,73.1439,34.52,336.1,530.11,2,2,5,61,1,APPROVED,PENDING,71.39,dataset nhidcl.csv
PRJ_MST_1280,Urban Transit Corridor Project #280 (Maharashtra),Central Division,MAHARASHTRA,19.9227,74.2376,315.95,2616.73,3192.61,2,2,35,106,1,PENDING,PENDING,95.0,dataset nhidcl.csv
PRJ_MST_1281,Industrial Zone Project #281 (Maharashtra),Central Division,MAHARASHTRA,19.6206,73.3282,203.96,2040.65,3042.54,5,5,27,48,0,APPROVED,REJECTED,95.0,dataset nhidcl.csv
PRJ_MST_1282,Bulk Water Pipeline Project #282 (Maharashtra),Central Division,MAHARASHTRA,20.0608,73.1721,27.79,182.85,233.67,6,4,16,50,0,REJECTED,APPROVED,94.37,dataset nhidcl.csv
PRJ_MST_1283,Highway Project #283 (Maharashtra),Central Division,MAHARASHTRA,19.6128,73.7982,208.98,1923.14,3175.37,5,4,2,117,0,PENDING,APPROVED,77.83,dataset nhidcl.csv
PRJ_MST_1284,Freight Corridor Project #284 (Maharashtra),Central Division,MAHARASHTRA,18.9436,75.0148,251.99,1660.38,2448.12,6,1,11,32,1,APPROVED,APPROVED,71.93,dataset nhidcl.csv
PRJ_MST_1285,Power Grid Line Project #285 (Maharashtra),Central Division,MAHARASHTRA,18.327,73.6998,255.87,2200.68,3556.63,2,4,11,29,0,APPROVED,PENDING,63.88,dataset nhidcl.csv
PRJ_MST_1286,Urban Transit Corridor Project #286 (Maharashtra),Central Division,MAHARASHTRA,19.3174,74.2196,167.19,1972.88,2846.04,1,3,1,58,1,REJECTED,APPROVED,73.36,dataset nhidcl.csv
PRJ_MST_1287,Industrial Zone Project #287 (Maharashtra),Central Division,MAHARASHTRA,19.2198,73.8699,160.27,1088.44,1487.81,1,2,21,75,0,PENDING,APPROVED,65.16,dataset nhidcl.csv
PRJ_MST_1288,Bulk Water Pipeline Project #288 (Maharashtra),Central Division,MAHARASHTRA,19.6344,73.2955,111.31,1273.05,1764.32,6,0,22,14,0,REJECTED,PENDING,95.0,dataset nhidcl.csv
PRJ_MST_1289,Highway Project #289 (Maharashtra),Central Division,MAHARASHTRA,18.2016,74.0354,331.66,2664.44,3257.61,3,1,29,81,0,PENDING,APPROVED,72.84,dataset nhidcl.csv
PRJ_MST_1290,Freight Corridor Project #290 (Maharashtra),Central Division,MAHARASHTRA,20.1082,73.9244,280.52,2342.44,3459.48,5,3,4,91,0,APPROVED,PENDING,71.22,dataset nhidcl.csv
PRJ_MST_1291,Power Grid Line Project #291 (Maharashtra),Central Division,MAHARASHTRA,18.2095,75.2986,347.33,2830.17,3778.72,3,2,8,22,0,APPROVED,APPROVED,48.77,dataset nhidcl.csv
PRJ_MST_1292,Urban Transit Corridor Project #292 (Maharashtra),Central Division,MAHARASHTRA,18.3044,74.9674,319.61,3591.39,5750.62,1,1,20,77,1,PENDING,APPROVED,78.38,dataset nhidcl.csv
PRJ_MST_1293,Industrial Zone Project #293 (Maharashtra),Central Division,MAHARASHTRA,19.9711,74.9033,154.45,1181.47,1643.32,1,0,10,93,0,APPROVED,PENDING,54.67,dataset nhidcl.csv
PRJ_MST_1294,Bulk Water Pipeline Project #294 (Maharashtra),Central Division,MAHARASHTRA,19.8271,74.787,164.13,1434.03,2136.85,3,1,4,96,0,PENDING,APPROVED,66.02,dataset nhidcl.csv
PRJ_MST_1295,Highway Project #295 (Maharashtra),Central Division,MAHARASHTRA,19.3227,73.8113,225.78,2324.65,3222.97,1,1,34,44,0,APPROVED,APPROVED,63.63,dataset nhidcl.csv
PRJ_MST_1296,Freight Corridor Project #296 (Maharashtra),Central Division,MAHARASHTRA,20.0181,74.7702,127.01,782.17,1273.23,2,3,26,61,0,APPROVED,PENDING,72.35,dataset nhidcl.csv
PRJ_MST_1297,Power Grid Line Project #297 (Maharashtra),Central Division,MAHARASHTRA,20.1076,73.0478,30.75,268.97,351.24,7,2,1,78,0,APPROVED,PENDING,67.67,dataset nhidcl.csv
PRJ_MST_1298,Urban Transit Corridor Project #298 (Maharashtra),Central Division,MAHARASHTRA,19.199,75.1242,74.26,720.27,1103.16,0,1,23,70,0,REJECTED,APPROVED,73.24,dataset nhidcl.csv
PRJ_MST_1299,Industrial Zone Project #299 (Maharashtra),Central Division,MAHARASHTRA,18.1214,74.487,203.58,1294.28,1642.18,0,3,30,14,1,PENDING,PENDING,82.8,dataset nhidcl.csv
PRJ_MST_1300,Bulk Water Pipeline Project #300 (Maharashtra),Central Division,MAHARASHTRA,19.5676,74.0073,197.22,2189.75,3289.62,7,3,32,115,0,APPROVED,APPROVED,90.05,dataset nhidcl.csv
PRJ_MST_1301,Highway Project #301 (Maharashtra),Central Division,MAHARASHTRA,19.7723,73.2976,340.7,2656.74,3474.15,6,2,29,105,0,APPROVED,APPROVED,84.11,dataset nhidcl.csv
PRJ_MST_1302,Freight Corridor Project #302 (Maharashtra),Central Division,MAHARASHTRA,19.5104,73.3398,195.43,2262.7,3053.82,7,6,36,45,0,PENDING,PENDING,95.0,dataset nhidcl.csv
PRJ_MST_1303,Power Grid Line Project #303 (Maharashtra),Central Division,MAHARASHTRA,20.1995,74.1842,240.27,1971.53,2753.57,1,0,27,63,0,PENDING,PENDING,78.55,dataset nhidcl.csv
PRJ_MST_1304,Urban Transit Corridor Project #304 (Maharashtra),Central Division,MAHARASHTRA,18.2814,74.9104,109.52,1106.24,1821.42,1,1,30,101,1,PENDING,PENDING,95.0,dataset nhidcl.csv
PRJ_MST_1305,Industrial Zone Project #305 (Maharashtra),Central Division,MAHARASHTRA,19.003,73.647,149.68,1584.7,2473.63,1,1,10,45,0,APPROVED,PENDING,56.07,dataset nhidcl.csv
PRJ_MST_1306,Bulk Water Pipeline Project #306 (Maharashtra),Central Division,MAHARASHTRA,19.6289,74.8953,43.18,445.64,738.08,0,2,22,55,1,APPROVED,REJECTED,82.57,dataset nhidcl.csv
PRJ_MST_1307,Highway Project #307 (Maharashtra),Central Division,MAHARASHTRA,19.7399,74.6152,166.47,1146.75,1584.57,6,2,1,117,0,APPROVED,PENDING,69.4,dataset nhidcl.csv
PRJ_MST_1308,Freight Corridor Project #308 (Maharashtra),Central Division,MAHARASHTRA,19.5494,73.2784,85.61,714.92,1074.94,3,1,26,43,0,APPROVED,APPROVED,63.94,dataset nhidcl.csv
PRJ_MST_1309,Power Grid Line Project #309 (Maharashtra),Central Division,MAHARASHTRA,19.4763,74.6193,40.66,468.92,718.65,2,1,34,74,1,PENDING,PENDING,95.0,dataset nhidcl.csv
PRJ_MST_1310,Urban Transit Corridor Project #310 (Maharashtra),Central Division,MAHARASHTRA,19.5171,72.8293,281.79,2191.11,3056.65,2,0,1,28,0,PENDING,APPROVED,45.44,dataset nhidcl.csv
PRJ_MST_1311,Industrial Zone Project #311 (Maharashtra),Central Division,MAHARASHTRA,18.3479,74.3081,66.36,794.84,1129.9,7,4,36,94,0,APPROVED,APPROVED,95.0,dataset nhidcl.csv
PRJ_MST_1312,Bulk Water Pipeline Project #312 (Maharashtra),Central Division,MAHARASHTRA,20.0473,74.7533,314.74,3419.25,4483.93,4,1,20,61,0,APPROVED,APPROVED,60.94,dataset nhidcl.csv
PRJ_MST_1313,Highway Project #313 (Maharashtra),Central Division,MAHARASHTRA,18.393,74.4538,80.24,916.56,1262.55,7,5,4,88,1,APPROVED,APPROVED,87.07,dataset nhidcl.csv
PRJ_MST_1314,Freight Corridor Project #314 (Maharashtra),Central Division,MAHARASHTRA,18.5937,74.451,287.6,2544.08,3528.58,7,1,20,51,0,PENDING,REJECTED,95.0,dataset nhidcl.csv
PRJ_MST_1315,Power Grid Line Project #315 (Maharashtra),Central Division,MAHARASHTRA,18.7433,73.1641,309.35,3307.84,5312.17,4,1,28,53,0,PENDING,PENDING,95.0,dataset nhidcl.csv
PRJ_MST_1316,Urban Transit Corridor Project #316 (Maharashtra),Central Division,MAHARASHTRA,18.8037,74.3929,22.93,161.32,257.07,1,0,19,87,0,REJECTED,PENDING,84.55,dataset nhidcl.csv
PRJ_MST_1317,Industrial Zone Project #317 (Maharashtra),Central Division,MAHARASHTRA,18.9946,73.1861,223.76,1645.39,2031.8,3,2,19,56,0,REJECTED,APPROVED,77.0,dataset nhidcl.csv
PRJ_MST_1318,Bulk Water Pipeline Project #318 (Maharashtra),Central Division,MAHARASHTRA,19.3168,74.106,287.24,3267.75,5058.54,1,1,24,82,1,REJECTED,APPROVED,95.0,dataset nhidcl.csv
PRJ_MST_1319,Highway Project #319 (Maharashtra),Central Division,MAHARASHTRA,19.8001,73.3404,326.23,3246.85,4383.35,3,1,1,65,0,APPROVED,APPROVED,40.94,dataset nhidcl.csv
PRJ_MST_1320,Freight Corridor Project #320 (Maharashtra),Central Division,MAHARASHTRA,18.9146,73.9443,212.41,2231.86,2805.65,1,5,31,21,0,PENDING,APPROVED,75.12,dataset nhidcl.csv
PRJ_MST_1321,Power Grid Line Project #321 (Maharashtra),Central Division,MAHARASHTRA,18.615,74.0396,278.56,3341.24,5275.54,0,2,25,19,1,APPROVED,PENDING,72.49,dataset nhidcl.csv
PRJ_MST_1322,Urban Transit Corridor Project #322 (Maharashtra),Central Division,MAHARASHTRA,19.6789,74.7261,186.54,2092.33,3072.17,4,6,5,32,0,PENDING,PENDING,82.56,dataset nhidcl.csv
PRJ_MST_1323,Industrial Zone Project #323 (Maharashtra),Central Division,MAHARASHTRA,19.6158,73.8928,210.97,1813.8,2786.38,6,2,2,71,0,PENDING,PENDING,82.47,dataset nhidcl.csv
PRJ_MST_1324,Bulk Water Pipeline Project #324 (Maharashtra),Central Division,MAHARASHTRA,18.9608,73.1821,97.77,843.77,1169.51,1,4,32,24,0,APPROVED,APPROVED,60.45,dataset nhidcl.csv
PRJ_MST_1325,Highway Project #325 (Maharashtra),Central Division,MAHARASHTRA,18.1503,73.5206,161.29,1597.66,2221.48,0,1,0,45,0,PENDING,REJECTED,59.04,dataset nhidcl.csv
PRJ_MST_1326,Freight Corridor Project #326 (Maharashtra),Central Division,MAHARASHTRA,18.102,73.4196,234.53,2445.16,3848.87,6,2,4,72,0,APPROVED,PENDING,74.53,dataset nhidcl.csv
PRJ_MST_1327,Power Grid Line Project #327 (Maharashtra),Central Division,MAHARASHTRA,19.0907,73.3386,113.21,1098.04,1485.58,3,0,12,97,0,PENDING,PENDING,75.98,dataset nhidcl.csv
PRJ_MST_1328,Urban Transit Corridor Project #328 (Maharashtra),Central Division,MAHARASHTRA,19.3158,72.8495,164.71,1193.25,1725.12,6,3,18,56,0,PENDING,PENDING,91.03,dataset nhidcl.csv
PRJ_MST_1329,Industrial Zone Project #329 (Maharashtra),Central Division,MAHARASHTRA,18.1217,73.3588,331.82,2729.98,4302.66,2,3,11,86,0,APPROVED,APPROVED,54.16,dataset nhidcl.csv
PRJ_MST_1330,Bulk Water Pipeline Project #330 (Maharashtra),Central Division,MAHARASHTRA,19.3744,73.7498,55.27,630.8,826.11,2,1,24,4,0,APPROVED,APPROVED,48.12,dataset nhidcl.csv
PRJ_MST_1331,Highway Project #331 (Maharashtra),Central Division,MAHARASHTRA,19.2821,74.9126,152.21,1089.4,1813.74,0,3,34,54,0,PENDING,APPROVED,76.1,dataset nhidcl.csv
PRJ_MST_1332,Freight Corridor Project #332 (Maharashtra),Central Division,MAHARASHTRA,19.6107,73.195,282.29,2963.91,4768.45,5,1,11,60,0,APPROVED,PENDING,66.1,dataset nhidcl.csv
PRJ_MST_1333,Power Grid Line Project #333 (Maharashtra),Central Division,MAHARASHTRA,19.7318,73.4815,53.92,600.68,794.42,4,3,29,88,1,APPROVED,APPROVED,85.43,dataset nhidcl.csv
PRJ_MST_1334,Urban Transit Corridor Project #334 (Maharashtra),Central Division,MAHARASHTRA,19.161,73.5765,202.68,2149.53,2988.41,0,0,4,7,0,APPROVED,APPROVED,23.55,dataset nhidcl.csv
PRJ_MST_1335,Industrial Zone Project #335 (Maharashtra),Central Division,MAHARASHTRA,19.9805,73.4398,135.8,961.66,1441.26,5,1,33,15,0,APPROVED,APPROVED,68.15,dataset nhidcl.csv
PRJ_MST_1336,Bulk Water Pipeline Project #336 (Maharashtra),Central Division,MAHARASHTRA,18.6188,73.8594,194.41,1536.49,2516.69,3,0,21,117,0,APPROVED,APPROVED,63.85,dataset nhidcl.csv
PRJ_MST_1337,Highway Project #337 (Maharashtra),Central Division,MAHARASHTRA,18.1046,73.6169,128.37,1498.09,2009.24,3,4,12,47,1,APPROVED,REJECTED,81.93,dataset nhidcl.csv
PRJ_MST_1338,Freight Corridor Project #338 (Maharashtra),Central Division,MAHARASHTRA,19.2323,73.4143,45.28,358.61,491.65,2,6,2,108,1,APPROVED,PENDING,79.27,dataset nhidcl.csv
PRJ_MST_1339,Power Grid Line Project #339 (Maharashtra),Central Division,MAHARASHTRA,18.1883,72.9116,315.26,3613.99,5873.52,1,3,19,115,0,PENDING,APPROVED,72.02,dataset nhidcl.csv
PRJ_MST_1340,Urban Transit Corridor Project #340 (Maharashtra),Central Division,MAHARASHTRA,18.5555,75.1895,344.58,3650.99,6185.28,5,2,30,60,0,PENDING,APPROVED,88.84,dataset nhidcl.csv
PRJ_MST_1341,Industrial Zone Project #341 (Maharashtra),Central Division,MAHARASHTRA,19.9764,73.5518,160.58,1877.75,2389.45,1,4,4,14,0,APPROVED,APPROVED,37.76,dataset nhidcl.csv
PRJ_MST_1342,Bulk Water Pipeline Project #342 (Maharashtra),Central Division,MAHARASHTRA,19.6819,74.253,252.72,2131.3,3387.8,5,1,23,64,0,APPROVED,APPROVED,70.16,dataset nhidcl.csv
PRJ_MST_1343,Highway Project #343 (Maharashtra),Central Division,MAHARASHTRA,19.2179,74.882,159.07,1452.61,2158.34,3,0,32,21,0,APPROVED,APPROVED,63.31,dataset nhidcl.csv
PRJ_MST_1344,Freight Corridor Project #344 (Maharashtra),Central Division,MAHARASHTRA,18.9342,73.6339,271.89,1683.79,2465.65,6,3,7,2,1,APPROVED,APPROVED,74.54,dataset nhidcl.csv
PRJ_MST_1345,Power Grid Line Project #345 (Maharashtra),Central Division,MAHARASHTRA,18.8794,74.877,283.19,1951.6,2727.35,3,2,23,101,0,APPROVED,APPROVED,69.41,dataset nhidcl.csv
PRJ_MST_1346,Urban Transit Corridor Project #346 (Maharashtra),Central Division,MAHARASHTRA,18.8075,73.339,121.63,1151.97,1613.6,6,3,19,53,0,APPROVED,PENDING,88.49,dataset nhidcl.csv
PRJ_MST_1347,Industrial Zone Project #347 (Maharashtra),Central Division,MAHARASHTRA,18.5653,72.8521,34.33,212.34,332.34,6,5,15,13,0,APPROVED,PENDING,83.79,dataset nhidcl.csv
PRJ_MST_1348,Bulk Water Pipeline Project #348 (Maharashtra),Central Division,MAHARASHTRA,19.8193,73.7425,348.47,2166.92,2849.01,3,1,11,35,0,PENDING,APPROVED,59.33,dataset nhidcl.csv
PRJ_MST_1349,Highway Project #349 (Maharashtra),Central Division,MAHARASHTRA,18.5205,74.2752,252.25,1814.92,2469.86,0,2,12,81,1,APPROVED,APPROVED,54.62,dataset nhidcl.csv
PRJ_MST_1350,Freight Corridor Project #350 (Maharashtra),Central Division,MAHARASHTRA,18.8351,74.5613,258.39,2208.87,3702.56,1,5,24,110,1,REJECTED,PENDING,95.0,dataset nhidcl.csv
PRJ_MST_1351,Power Grid Line Project #351 (Maharashtra),Central Division,MAHARASHTRA,19.0224,75.1998,234.91,1622.45,2323.37,7,2,31,104,0,PENDING,PENDING,95.0,dataset nhidcl.csv
PRJ_MST_1352,Urban Transit Corridor Project #352 (Maharashtra),Central Division,MAHARASHTRA,18.5132,74.3651,41.61,383.89,632.56,5,3,23,81,0,PENDING,REJECTED,95.0,dataset nhidcl.csv
PRJ_MST_1353,Industrial Zone Project #353 (Maharashtra),Central Division,MAHARASHTRA,18.3125,73.3227,37.17,233.12,390.07,6,5,8,66,0,PENDING,PENDING,94.8,dataset nhidcl.csv
PRJ_MST_1354,Bulk Water Pipeline Project #354 (Maharashtra),Central Division,MAHARASHTRA,19.9139,74.5993,181.66,1469.54,2283.49,4,1,22,9,0,PENDING,APPROVED,71.16,dataset nhidcl.csv
PRJ_MST_1355,Highway Project #355 (Maharashtra),Central Division,MAHARASHTRA,19.0384,73.553,285.96,2315.97,3008.7,6,3,12,48,0,APPROVED,APPROVED,64.62,dataset nhidcl.csv
PRJ_MST_1356,Freight Corridor Project #356 (Maharashtra),Central Division,MAHARASHTRA,18.5566,74.2583,343.11,2697.41,4091.78,7,6,31,102,0,APPROVED,PENDING,95.0,dataset nhidcl.csv
PRJ_MST_1357,Power Grid Line Project #357 (Maharashtra),Central Division,MAHARASHTRA,19.5114,73.1588,212.08,1640.08,2504.02,7,2,14,110,1,PENDING,APPROVED,95.0,dataset nhidcl.csv
PRJ_MST_1358,Urban Transit Corridor Project #358 (Maharashtra),Central Division,MAHARASHTRA,19.2845,75.2059,50.82,449.37,545.77,0,4,35,64,0,REJECTED,PENDING,92.23,dataset nhidcl.csv
PRJ_MST_1359,Industrial Zone Project #359 (Maharashtra),Central Division,MAHARASHTRA,20.1344,74.3869,135.48,926.67,1434.67,0,5,4,90,1,APPROVED,REJECTED,77.19,dataset nhidcl.csv
PRJ_MST_1360,Bulk Water Pipeline Project #360 (Maharashtra),Central Division,MAHARASHTRA,19.717,73.0018,331.16,3124.01,4585.67,0,4,21,56,0,APPROVED,PENDING,66.93,dataset nhidcl.csv
PRJ_MST_1361,Highway Project #361 (Maharashtra),Central Division,MAHARASHTRA,18.5256,75.1933,236.4,2351.33,3597.83,1,3,15,26,1,APPROVED,APPROVED,61.93,dataset nhidcl.csv
PRJ_MST_1362,Freight Corridor Project #362 (Maharashtra),Central Division,MAHARASHTRA,18.5003,74.9474,163.04,1573.68,2562.86,2,2,9,74,0,PENDING,PENDING,70.76,dataset nhidcl.csv
PRJ_MST_1363,Power Grid Line Project #363 (Maharashtra),Central Division,MAHARASHTRA,19.9634,75.1426,337.27,2754.96,4076.89,5,4,23,112,0,APPROVED,APPROVED,78.7,dataset nhidcl.csv
PRJ_MST_1364,Urban Transit Corridor Project #364 (Maharashtra),Central Division,MAHARASHTRA,20.1977,74.1815,269.09,2298.74,3112.77,4,3,17,4,0,APPROVED,PENDING,68.33,dataset nhidcl.csv
PRJ_MST_1365,Industrial Zone Project #365 (Maharashtra),Central Division,MAHARASHTRA,19.7606,74.1682,74.17,863.22,1166.26,4,6,17,70,1,REJECTED,REJECTED,95.0,dataset nhidcl.csv
PRJ_MST_1366,Bulk Water Pipeline Project #366 (Maharashtra),Central Division,MAHARASHTRA,19.4936,72.8627,67.38,670.06,872.81,6,1,6,82,0,APPROVED,APPROVED,60.5,dataset nhidcl.csv
PRJ_MST_1367,Highway Project #367 (Maharashtra),Central Division,MAHARASHTRA,19.2554,73.7144,236.32,1972.84,2721.46,6,2,3,56,0,PENDING,REJECTED,87.81,dataset nhidcl.csv
PRJ_MST_1368,Freight Corridor Project #368 (Maharashtra),Central Division,MAHARASHTRA,20.1819,72.9468,343.31,2832.73,4239.7,1,1,25,119,0,PENDING,REJECTED,92.8,dataset nhidcl.csv
PRJ_MST_1369,Power Grid Line Project #369 (Maharashtra),Central Division,MAHARASHTRA,18.9596,73.7009,287.47,1960.22,3250.94,2,2,4,92,0,APPROVED,APPROVED,46.14,dataset nhidcl.csv
PRJ_MST_1370,Urban Transit Corridor Project #370 (Maharashtra),Central Division,MAHARASHTRA,18.9965,74.6135,256.28,2860.36,3483.71,5,3,15,14,0,PENDING,APPROVED,71.44,dataset nhidcl.csv
PRJ_MST_1371,Industrial Zone Project #371 (Maharashtra),Central Division,MAHARASHTRA,20.0112,73.3081,274.01,3128.01,4096.99,5,3,34,98,1,PENDING,APPROVED,95.0,dataset nhidcl.csv
PRJ_MST_1372,Bulk Water Pipeline Project #372 (Maharashtra),Central Division,MAHARASHTRA,20.0542,74.5229,73.76,683.71,878.45,7,0,25,110,0,APPROVED,APPROVED,79.93,dataset nhidcl.csv
PRJ_MST_1373,Highway Project #373 (Maharashtra),Central Division,MAHARASHTRA,18.6413,74.3059,181.29,1888.86,2371.88,2,2,17,100,0,APPROVED,APPROVED,53.42,dataset nhidcl.csv
PRJ_MST_1374,Freight Corridor Project #374 (Maharashtra),Central Division,MAHARASHTRA,18.2183,73.9052,221.68,2395.26,3273.19,2,4,28,118,0,REJECTED,PENDING,95.0,dataset nhidcl.csv
PRJ_MST_1375,Power Grid Line Project #375 (Maharashtra),Central Division,MAHARASHTRA,19.455,75.1761,82.49,947.44,1353.16,5,2,22,75,0,APPROVED,APPROVED,75.24,dataset nhidcl.csv
PRJ_MST_1376,Urban Transit Corridor Project #376 (Maharashtra),Central Division,MAHARASHTRA,18.9,74.7604,37.81,340.5,525.0,7,5,13,29,0,APPROVED,APPROVED,77.05,dataset nhidcl.csv
PRJ_MST_1377,Industrial Zone Project #377 (Maharashtra),Central Division,MAHARASHTRA,18.4325,75.2373,106.31,1236.15,1712.55,2,4,14,19,0,PENDING,PENDING,69.22,dataset nhidcl.csv
PRJ_MST_1378,Bulk Water Pipeline Project #378 (Maharashtra),Central Division,MAHARASHTRA,18.3133,74.4487,312.91,3415.7,5052.55,6,0,32,36,0,APPROVED,APPROVED,77.48,dataset nhidcl.csv
PRJ_MST_1379,Highway Project #379 (Maharashtra),Central Division,MAHARASHTRA,19.8322,74.4439,33.62,226.28,335.46,5,4,24,2,0,APPROVED,PENDING,77.0,dataset nhidcl.csv
PRJ_MST_1380,Freight Corridor Project #380 (Maharashtra),Central Division,MAHARASHTRA,18.4623,75.0813,115.1,1042.77,1337.18,2,2,20,72,1,PENDING,APPROVED,79.33,dataset nhidcl.csv
PRJ_MST_1381,Power Grid Line Project #381 (Maharashtra),Central Division,MAHARASHTRA,18.7525,73.9574,51.01,556.59,827.47,4,3,16,40,0,PENDING,APPROVED,75.34,dataset nhidcl.csv
PRJ_MST_1382,Urban Transit Corridor Project #382 (Maharashtra),Central Division,MAHARASHTRA,20.0739,74.895,244.68,2934.17,4676.16,3,2,22,38,0,APPROVED,PENDING,73.98,dataset nhidcl.csv
PRJ_MST_1383,Industrial Zone Project #383 (Maharashtra),Central Division,MAHARASHTRA,19.9862,75.1572,103.17,829.31,1095.49,1,2,16,25,1,PENDING,PENDING,72.18,dataset nhidcl.csv
PRJ_MST_1384,Bulk Water Pipeline Project #384 (Maharashtra),Central Division,MAHARASHTRA,18.7744,74.1041,183.3,1359.42,1995.41,7,1,13,1,0,APPROVED,REJECTED,82.76,dataset nhidcl.csv
PRJ_MST_1385,Highway Project #385 (Maharashtra),Central Division,MAHARASHTRA,18.2646,74.59,117.62,1155.69,1736.01,1,2,28,22,0,APPROVED,PENDING,67.52,dataset nhidcl.csv
PRJ_MST_1386,Freight Corridor Project #386 (Maharashtra),Central Division,MAHARASHTRA,19.9198,74.3255,310.91,1913.95,3251.23,3,1,19,22,0,PENDING,PENDING,75.45,dataset nhidcl.csv
PRJ_MST_1387,Power Grid Line Project #387 (Maharashtra),Central Division,MAHARASHTRA,18.8047,73.8285,258.09,1664.15,2406.93,6,2,29,84,1,REJECTED,APPROVED,95.0,dataset nhidcl.csv
PRJ_MST_1388,Urban Transit Corridor Project #388 (Maharashtra),Central Division,MAHARASHTRA,19.5787,74.0793,85.18,897.39,1231.17,1,1,18,15,0,APPROVED,APPROVED,35.93,dataset nhidcl.csv
PRJ_MST_1389,Industrial Zone Project #389 (Maharashtra),Central Division,MAHARASHTRA,18.4412,72.9824,224.47,2519.52,3482.71,5,2,12,8,0,PENDING,PENDING,70.78,dataset nhidcl.csv
PRJ_MST_1390,Bulk Water Pipeline Project #390 (Maharashtra),Central Division,MAHARASHTRA,18.2168,75.2403,64.58,714.37,1005.64,7,6,17,12,0,APPROVED,PENDING,91.54,dataset nhidcl.csv
PRJ_MST_1391,Highway Project #391 (Maharashtra),Central Division,MAHARASHTRA,18.7809,73.6868,118.28,1092.01,1345.63,2,4,22,27,0,APPROVED,REJECTED,74.93,dataset nhidcl.csv
PRJ_MST_1392,Freight Corridor Project #392 (Maharashtra),Central Division,MAHARASHTRA,18.4018,73.6253,140.1,1601.79,2447.29,5,0,32,26,0,APPROVED,APPROVED,69.82,dataset nhidcl.csv
PRJ_MST_1393,Power Grid Line Project #393 (Maharashtra),Central Division,MAHARASHTRA,19.5206,75.2066,155.11,1827.66,2563.09,1,2,17,50,0,APPROVED,APPROVED,49.61,dataset nhidcl.csv
PRJ_MST_1394,Urban Transit Corridor Project #394 (Maharashtra),Central Division,MAHARASHTRA,19.3743,73.8784,328.63,3198.2,4477.07,4,5,8,63,0,PENDING,PENDING,82.68,dataset nhidcl.csv
PRJ_MST_1395,Industrial Zone Project #395 (Maharashtra),Central Division,MAHARASHTRA,19.0579,73.1245,36.65,367.97,459.16,0,2,32,51,0,APPROVED,APPROVED,54.66,dataset nhidcl.csv
PRJ_MST_1396,Bulk Water Pipeline Project #396 (Maharashtra),Central Division,MAHARASHTRA,20.1253,74.1093,286.97,3277.68,4362.99,6,3,31,80,0,APPROVED,REJECTED,95.0,dataset nhidcl.csv
PRJ_MST_1397,Highway Project #397 (Maharashtra),Central Division,MAHARASHTRA,18.548,73.2739,226.37,2411.36,3281.96,6,2,16,37,0,PENDING,REJECTED,92.33,dataset nhidcl.csv
PRJ_MST_1398,Freight Corridor Project #398 (Maharashtra),Central Division,MAHARASHTRA,19.7783,73.9839,290.26,3274.55,5508.77,0,1,18,99,0,PENDING,APPROVED,65.0,dataset nhidcl.csv
PRJ_MST_1399,Power Grid Line Project #399 (Maharashtra),Central Division,MAHARASHTRA,19.9709,73.9412,106.54,1022.25,1331.3,7,4,26,64,0,PENDING,PENDING,95.0,dataset nhidcl.csv
PRJ_MST_1400,Urban Transit Corridor Project #400 (Maharashtra),Central Division,MAHARASHTRA,19.4402,73.1543,25.91,206.01,318.93,6,3,5,17,1,APPROVED,PENDING,78.84,dataset nhidcl.csv
PRJ_MST_1401,Industrial Zone Project #401 (Maharashtra),Central Division,MAHARASHTRA,20.0961,75.2258,46.24,386.4,542.01,3,3,34,62,0,PENDING,APPROVED,82.97,dataset nhidcl.csv
PRJ_MST_1402,Bulk Water Pipeline Project #402 (Maharashtra),Central Division,MAHARASHTRA,20.0775,75.2576,46.52,342.37,435.44,3,4,36,50,0,APPROVED,REJECTED,94.22,dataset nhidcl.csv
PRJ_MST_1403,Highway Project #403 (Maharashtra),Central Division,MAHARASHTRA,19.9705,74.7598,75.87,460.2,561.55,7,3,33,8,1,APPROVED,PENDING,95.0,dataset nhidcl.csv
PRJ_MST_1404,Freight Corridor Project #404 (Maharashtra),Central Division,MAHARASHTRA,19.2327,74.366,77.37,470.98,682.58,7,1,19,12,0,PENDING,PENDING,85.85,dataset nhidcl.csv
PRJ_MST_1405,Power Grid Line Project #405 (Maharashtra),Central Division,MAHARASHTRA,20.1454,73.331,248.87,2732.29,4590.01,3,1,24,39,0,APPROVED,APPROVED,59.87,dataset nhidcl.csv
PRJ_MST_1406,Urban Transit Corridor Project #406 (Maharashtra),Central Division,MAHARASHTRA,18.5435,73.8797,241.09,1932.86,2343.69,2,2,3,54,0,APPROVED,REJECTED,56.58,dataset nhidcl.csv
PRJ_MST_1407,Industrial Zone Project #407 (Maharashtra),Central Division,MAHARASHTRA,19.6681,74.5926,30.48,297.17,392.94,7,2,9,108,0,PENDING,APPROVED,86.39,dataset nhidcl.csv
PRJ_MST_1408,Bulk Water Pipeline Project #408 (Maharashtra),Central Division,MAHARASHTRA,18.7951,73.9372,206.07,1926.86,3114.7,2,1,9,78,1,APPROVED,APPROVED,61.07,dataset nhidcl.csv
PRJ_MST_1409,Highway Project #409 (Maharashtra),Central Division,MAHARASHTRA,19.1495,74.9944,326.95,2784.32,3946.74,0,3,23,42,1,PENDING,REJECTED,95.0,dataset nhidcl.csv
PRJ_MST_1410,Freight Corridor Project #410 (Maharashtra),Central Division,MAHARASHTRA,20.0843,74.9081,209.19,1619.19,2067.39,6,0,20,43,0,REJECTED,APPROVED,84.88,dataset nhidcl.csv
PRJ_MST_1411,Power Grid Line Project #411 (Maharashtra),Central Division,MAHARASHTRA,18.4741,74.2566,161.97,1385.18,2239.21,5,4,10,109,0,APPROVED,APPROVED,71.41,dataset nhidcl.csv
PRJ_MST_1412,Urban Transit Corridor Project #412 (Maharashtra),Central Division,MAHARASHTRA,19.604,72.8997,69.44,616.61,787.79,2,4,26,67,0,PENDING,REJECTED,95.0,dataset nhidcl.csv
PRJ_MST_1413,Industrial Zone Project #413 (Maharashtra),Central Division,MAHARASHTRA,19.2991,75.2808,230.21,2582.1,3944.03,7,0,15,32,0,APPROVED,REJECTED,85.19,dataset nhidcl.csv
PRJ_MST_1414,Bulk Water Pipeline Project #414 (Maharashtra),Central Division,MAHARASHTRA,19.7002,75.124,147.73,1107.61,1350.04,4,2,25,23,1,APPROVED,PENDING,86.46,dataset nhidcl.csv
PRJ_MST_1415,Highway Project #415 (Maharashtra),Central Division,MAHARASHTRA,18.4561,74.5072,119.25,778.32,982.53,4,1,29,35,1,APPROVED,PENDING,84.71,dataset nhidcl.csv
PRJ_MST_1416,Freight Corridor Project #416 (Maharashtra),Central Division,MAHARASHTRA,18.8673,74.5871,58.3,693.62,1107.01,7,3,15,114,0,REJECTED,APPROVED,95.0,dataset nhidcl.csv
PRJ_MST_1417,Power Grid Line Project #417 (Maharashtra),Central Division,MAHARASHTRA,18.2862,73.215,119.6,1047.01,1470.75,6,1,6,104,0,PENDING,APPROVED,73.75,dataset nhidcl.csv
PRJ_MST_1418,Urban Transit Corridor Project #418 (Maharashtra),Central Division,MAHARASHTRA,18.3003,74.5158,76.01,793.37,1122.65,7,4,15,9,0,PENDING,APPROVED,87.63,dataset nhidcl.csv
PRJ_MST_1419,Industrial Zone Project #419 (Maharashtra),Central Division,MAHARASHTRA,18.4828,73.6536,134.19,825.5,1250.56,4,5,34,99,0,APPROVED,PENDING,94.98,dataset nhidcl.csv
PRJ_MST_1420,Bulk Water Pipeline Project #420 (Maharashtra),Central Division,MAHARASHTRA,18.4526,72.9799,82.45,821.2,1335.97,5,0,15,19,1,PENDING,PENDING,88.91,dataset nhidcl.csv
PRJ_MST_1421,Highway Project #421 (Maharashtra),Central Division,MAHARASHTRA,19.8743,74.7991,239.33,1539.25,1970.39,4,1,11,104,0,PENDING,PENDING,80.91,dataset nhidcl.csv
PRJ_MST_1422,Freight Corridor Project #422 (Maharashtra),Central Division,MAHARASHTRA,18.1311,74.5611,292.1,2423.09,3973.49,1,3,34,108,1,APPROVED,PENDING,95.0,dataset nhidcl.csv
PRJ_MST_1423,Power Grid Line Project #423 (Maharashtra),Central Division,MAHARASHTRA,20.0497,74.1116,270.02,2429.74,3457.62,5,6,20,107,0,APPROVED,APPROVED,84.68,dataset nhidcl.csv
PRJ_MST_1424,Urban Transit Corridor Project #424 (Maharashtra),Central Division,MAHARASHTRA,18.8907,75.1625,158.43,1302.14,1960.71,4,2,35,74,0,PENDING,APPROVED,90.4,dataset nhidcl.csv
PRJ_MST_1425,Industrial Zone Project #425 (Maharashtra),Central Division,MAHARASHTRA,19.0834,74.9503,100.41,792.24,1013.24,7,2,16,11,0,APPROVED,APPROVED,64.61,dataset nhidcl.csv
PRJ_MST_1426,Bulk Water Pipeline Project #426 (Maharashtra),Central Division,MAHARASHTRA,18.9002,75.0288,207.81,2386.68,3199.95,4,2,31,61,0,APPROVED,PENDING,80.57,dataset nhidcl.csv
PRJ_MST_1427,Highway Project #427 (Maharashtra),Central Division,MAHARASHTRA,19.8232,73.8791,316.39,2416.31,4070.93,7,3,5,17,0,PENDING,APPROVED,79.34,dataset nhidcl.csv
PRJ_MST_1428,Freight Corridor Project #428 (Maharashtra),Central Division,MAHARASHTRA,18.772,73.246,264.65,1932.81,2963.34,0,3,23,93,1,PENDING,REJECTED,95.0,dataset nhidcl.csv
PRJ_MST_1429,Power Grid Line Project #429 (Maharashtra),Central Division,MAHARASHTRA,19.0163,73.6732,248.67,2953.12,4398.65,1,2,26,107,0,APPROVED,APPROVED,59.32,dataset nhidcl.csv
PRJ_MST_1430,Urban Transit Corridor Project #430 (Maharashtra),Central Division,MAHARASHTRA,18.7118,73.4107,143.65,1221.29,1554.42,3,1,19,111,0,APPROVED,APPROVED,63.29,dataset nhidcl.csv
PRJ_MST_1431,Industrial Zone Project #431 (Maharashtra),Central Division,MAHARASHTRA,18.2265,73.6739,78.19,761.4,1277.4,4,2,24,100,0,APPROVED,APPROVED,77.23,dataset nhidcl.csv
PRJ_MST_1432,Bulk Water Pipeline Project #432 (Maharashtra),Central Division,MAHARASHTRA,19.3839,74.1665,76.33,874.23,1254.36,3,3,1,62,0,REJECTED,PENDING,79.83,dataset nhidcl.csv
PRJ_MST_1433,Highway Project #433 (Maharashtra),Central Division,MAHARASHTRA,19.7405,73.5339,347.77,3566.08,4587.71,4,1,8,83,0,APPROVED,PENDING,64.2,dataset nhidcl.csv
PRJ_MST_1434,Freight Corridor Project #434 (Maharashtra),Central Division,MAHARASHTRA,18.2521,74.3537,74.13,631.73,831.48,3,3,27,24,1,APPROVED,APPROVED,78.72,dataset nhidcl.csv
PRJ_MST_1435,Power Grid Line Project #435 (Maharashtra),Central Division,MAHARASHTRA,19.8949,73.0216,298.08,3354.33,5539.09,4,1,2,11,0,APPROVED,APPROVED,43.0,dataset nhidcl.csv
PRJ_MST_1436,Urban Transit Corridor Project #436 (Maharashtra),Central Division,MAHARASHTRA,18.2423,74.7435,276.77,2973.52,4016.55,5,1,19,20,0,PENDING,PENDING,87.51,dataset nhidcl.csv
PRJ_MST_1437,Industrial Zone Project #437 (Maharashtra),Central Division,MAHARASHTRA,18.296,73.7522,205.72,2323.7,3209.11,7,1,5,24,0,PENDING,APPROVED,72.7,dataset nhidcl.csv
PRJ_MST_1438,Bulk Water Pipeline Project #438 (Rajasthan),GORDHAN RAM,RAJASTHAN,20.3412,77.1296,295.5,2701.25,4090.09,2,6,32,10,0,APPROVED,PENDING,82.78,datafile parivesh.nic.in.csv
PRJ_MST_1439,Highway Project #439 (Nan),,NAN,22.892,80.5561,54.58,537.58,883.18,1,6,0,63,0,PENDING,PENDING,69.68,datafile parivesh.nic.in.csv
PRJ_MST_1440,Freight Corridor Project #440 (Rajasthan),rajendra,RAJASTHAN,24.6495,78.9502,265.73,3057.14,5032.41,1,1,36,72,0,REJECTED,APPROVED,89.23,datafile parivesh.nic.in.csv
PRJ_MST_1441,Power Grid Line Project #441 (Nan),,NAN,22.0368,77.0428,138.97,1356.54,2293.73,2,5,5,49,0,PENDING,APPROVED,60.87,datafile parivesh.nic.in.csv
PRJ_MST_1442,Urban Transit Corridor Project #442 (Rajasthan),KIRAN DEVI,RAJASTHAN,20.0607,77.4458,138.57,1606.94,2247.77,0,4,33,61,0,APPROVED,REJECTED,87.09,datafile parivesh.nic.in.csv
PRJ_MST_1443,Industrial Zone Project #443 (Nan),,NAN,20.5671,81.5346,221.05,1546.02,2575.57,2,3,14,88,0,PENDING,APPROVED,73.48,datafile parivesh.nic.in.csv
PRJ_MST_1444,Bulk Water Pipeline Project #444 (Bihar),AJAY KUMAR,BIHAR,25.5355,85.1777,149.95,1399.02,1722.57,2,2,25,98,0,APPROVED,APPROVED,66.43,datafile parivesh.nic.in.csv
PRJ_MST_1445,Highway Project #445 (Nan),,NAN,21.7093,77.5473,154.99,1378.38,2249.73,4,2,13,115,1,PENDING,PENDING,95.0,datafile parivesh.nic.in.csv
PRJ_MST_1446,Freight Corridor Project #446 (Tamil Nadu),ARULMIGU SUBRAMANIYA SWAMY THIRUKOIL,TAMIL NADU,10.7462,78.5405,188.27,1591.19,2645.01,2,0,6,95,0,APPROVED,REJECTED,63.03,datafile parivesh.nic.in.csv
PRJ_MST_1447,Power Grid Line Project #447 (Nan),,NAN,18.4628,75.5639,254.35,2659.4,3674.98,1,2,30,48,0,PENDING,REJECTED,86.86,datafile parivesh.nic.in.csv
PRJ_MST_1448,Urban Transit Corridor Project #448 (Maharashtra),SURAJ INFRA,MAHARASHTRA,19.3311,74.1824,336.97,2732.39,3399.6,2,2,23,13,0,PENDING,PENDING,75.81,datafile parivesh.nic.in.csv
PRJ_MST_1449,Industrial Zone Project #449 (Nan),,NAN,22.0075,78.1273,170.68,1576.65,2161.75,4,2,30,0,0,PENDING,APPROVED,76.37,datafile parivesh.nic.in.csv
PRJ_MST_1450,Bulk Water Pipeline Project #450 (Maharashtra),DIVYADRISHTI BUILDCON PRIVATE LIMITED,MAHARASHTRA,18.9511,72.9018,161.13,1453.19,2447.21,7,1,28,80,1,PENDING,APPROVED,95.0,datafile parivesh.nic.in.csv
PRJ_MST_1451,Highway Project #451 (Nan),,NAN,18.9814,78.5574,57.44,684.75,960.51,0,2,31,24,1,PENDING,PENDING,87.99,datafile parivesh.nic.in.csv
PRJ_MST_1452,Freight Corridor Project #452 (Maharashtra),SAICON CONSTRUCTIONS & INFRA LLP,MAHARASHTRA,19.8847,73.464,91.91,621.07,969.96,6,4,16,58,0,APPROVED,PENDING,83.23,datafile parivesh.nic.in.csv
PRJ_MST_1453,Power Grid Line Project #453 (Nan),,NAN,20.7906,75.3886,335.97,3466.11,4915.63,6,4,13,71,0,PENDING,APPROVED,87.16,datafile parivesh.nic.in.csv
PRJ_MST_1454,Urban Transit Corridor Project #454 (Karnataka),RANJITPURA INFRASTRUCTURE PRIVATE LIMITED,KARNATAKA,19.0763,78.2196,331.31,2593.3,3236.46,3,4,35,68,0,APPROVED,REJECTED,94.86,datafile parivesh.nic.in.csv
PRJ_MST_1455,Industrial Zone Project #455 (Nan),,NAN,23.6017,80.6557,311.0,3218.66,4655.3,4,3,23,4,0,PENDING,APPROVED,71.82,datafile parivesh.nic.in.csv
PRJ_MST_1456,Bulk Water Pipeline Project #456 (Rajasthan),rishabh jain,RAJASTHAN,22.616,75.0309,233.32,1946.05,2813.87,7,2,26,104,0,APPROVED,APPROVED,84.32,datafile parivesh.nic.in.csv
PRJ_MST_1457,Highway Project #457 (Nan),,NAN,24.3848,78.6219,90.56,986.94,1467.94,3,2,24,98,1,PENDING,APPROVED,94.91,datafile parivesh.nic.in.csv
PRJ_MST_1458,Freight Corridor Project #458 (Maharashtra),PLATINUM BUILDCON PRIVATE LIMITED,MAHARASHTRA,19.8742,73.3317,230.15,2000.05,2964.37,2,0,31,18,1,APPROVED,APPROVED,66.36,datafile parivesh.nic.in.csv
PRJ_MST_1459,Power Grid Line Project #459 (Nan),,NAN,25.5868,79.8393,65.92,517.5,794.2,4,2,17,22,1,PENDING,APPROVED,85.08,datafile parivesh.nic.in.csv
PRJ_MST_1460,Urban Transit Corridor Project #460 (Madhya Pradesh),SHRI ORCHA DHEESH SARKAR sTONES,MADHYA PRADESH,22.2941,84.8938,171.37,1462.24,2348.62,0,4,17,8,1,APPROVED,APPROVED,59.86,datafile parivesh.nic.in.csv
PRJ_MST_1461,Industrial Zone Project #461 (Nan),,NAN,19.7123,76.3451,308.37,2932.52,4952.2,5,2,36,117,0,PENDING,APPROVED,95.0,datafile parivesh.nic.in.csv
PRJ_MST_1462,Bulk Water Pipeline Project #462 (Rajasthan),kanheya lal dhaker,RAJASTHAN,21.9954,83.4671,105.29,1012.97,1297.2,1,6,25,93,0,PENDING,PENDING,95.0,datafile parivesh.nic.in.csv
PRJ_MST_1463,Highway Project #463 (Nan),,NAN,24.6556,78.9565,239.4,1652.78,2604.55,5,2,8,49,0,PENDING,PENDING,76.98,datafile parivesh.nic.in.csv
PRJ_MST_1464,Freight Corridor Project #464 (Uttarakhand),CONSTRUCTION DIVISION PWD ALMORA,UTTARAKHAND,25.2524,78.1176,304.68,2462.27,3056.07,4,2,34,15,0,PENDING,PENDING,88.9,datafile parivesh.nic.in.csv
PRJ_MST_1465,Power Grid Line Project #465 (Nan),,NAN,25.1405,76.0654,69.12,482.69,725.19,1,0,7,32,0,PENDING,REJECTED,64.51,datafile parivesh.nic.in.csv
PRJ_MST_1466,Urban Transit Corridor Project #466 (Nan),,NAN,23.1196,82.2533,205.77,2143.82,3051.12,7,0,19,1,1,PENDING,APPROVED,94.44,datafile parivesh.nic.in.csv
PRJ_MST_1467,Industrial Zone Project #467 (Karnataka),SHIVAPUTRA B SANKRATTI,KARNATAKA,25.9236,82.4178,72.52,521.17,866.67,4,5,21,13,1,APPROVED,APPROVED,82.18,datafile parivesh.nic.in.csv
PRJ_MST_1468,Bulk Water Pipeline Project #468 (Nan),,NAN,24.373,80.4031,77.06,848.78,1289.97,6,3,18,109,1,PENDING,REJECTED,95.0,datafile parivesh.nic.in.csv
PRJ_MST_1469,Highway Project #469 (Punjab),harkinder singh grewal,PUNJAB,18.2664,81.79,54.33,465.2,675.46,6,3,29,0,1,PENDING,APPROVED,95.0,datafile parivesh.nic.in.csv
PRJ_MST_1470,Freight Corridor Project #470 (Nan),,NAN,21.201,80.227,86.97,835.36,1121.61,4,0,27,89,1,PENDING,REJECTED,95.0,datafile parivesh.nic.in.csv
PRJ_MST_1471,Power Grid Line Project #471 (Madhya Pradesh),JIO DIGITAL FIBRE PRIVATE LTD,MADHYA PRADESH,23.0693,80.7984,170.21,1413.79,1928.91,2,2,34,57,0,PENDING,APPROVED,77.81,datafile parivesh.nic.in.csv
PRJ_MST_1472,Urban Transit Corridor Project #472 (Nan),,NAN,23.7108,76.0418,282.21,2698.75,4393.96,4,2,10,88,1,PENDING,REJECTED,95.0,datafile parivesh.nic.in.csv
PRJ_MST_1473,Industrial Zone Project #473 (Nan),,NAN,22.3684,77.01,346.97,3992.41,5291.79,4,2,30,15,0,PENDING,APPROVED,80.7,datafile parivesh.nic.in.csv
PRJ_MST_1474,Bulk Water Pipeline Project #474 (Rajasthan),ANKIT MITTAL,RAJASTHAN,23.3924,84.5686,285.66,1951.95,2779.35,2,1,35,78,0,REJECTED,REJECTED,95.0,datafile parivesh.nic.in.csv
PRJ_MST_1475,Highway Project #475 (Nan),,NAN,21.8395,77.0989,144.55,1536.56,2400.17,7,0,29,89,1,PENDING,PENDING,95.0,datafile parivesh.nic.in.csv
PRJ_MST_1476,Freight Corridor Project #476 (Andhra Pradesh),KRISHNAVENI,ANDHRA PRADESH,20.6082,82.5197,190.19,1900.24,2557.87,5,4,22,46,1,APPROVED,REJECTED,95.0,datafile parivesh.nic.in.csv
PRJ_MST_1477,Power Grid Line Project #477 (Nan),,NAN,19.3019,84.1787,39.44,332.67,531.17,3,3,18,43,0,PENDING,APPROVED,76.28,datafile parivesh.nic.in.csv
PRJ_MST_1478,Urban Transit Corridor Project #478 (Tamil Nadu),DANBLOCK BRAKES INDIA PRIVATE LIMITED,TAMIL NADU,11.3106,78.8241,254.66,3011.76,4037.04,3,3,11,79,0,PENDING,PENDING,76.03,datafile parivesh.nic.in.csv
PRJ_MST_1479,Industrial Zone Project #479 (Nan),,NAN,23.4229,81.0873,43.93,472.41,685.37,2,7,14,13,0,PENDING,REJECTED,90.17,datafile parivesh.nic.in.csv
PRJ_MST_1480,Bulk Water Pipeline Project #480 (Rajasthan),bajrang sharma,RAJASTHAN,24.8729,76.6021,311.26,2154.82,3275.94,3,2,30,92,0,PENDING,PENDING,90.61,datafile parivesh.nic.in.csv
PRJ_MST_1481,Highway Project #481 (Nan),,NAN,19.7473,79.9798,259.6,2271.85,3060.33,5,3,36,23,1,PENDING,PENDING,95.0,datafile parivesh.nic.in.csv
PRJ_MST_1482,Freight Corridor Project #482 (Chhattisgarh),durgacharan barik,CHHATTISGARH,19.0047,79.367,295.01,3030.11,4684.24,6,2,36,110,0,REJECTED,PENDING,95.0,datafile parivesh.nic.in.csv
PRJ_MST_1483,Power Grid Line Project #483 (Nan),,NAN,21.6306,80.0398,254.38,2935.07,4567.23,7,2,14,54,0,PENDING,APPROVED,85.56,datafile parivesh.nic.in.csv
PRJ_MST_1484,Urban Transit Corridor Project #484 (Madhya Pradesh),BHARTI AIRTEL LIMITED,MADHYA PRADESH,18.7816,76.5521,250.15,2766.21,3905.59,0,4,28,14,0,PENDING,PENDING,77.17,datafile parivesh.nic.in.csv
PRJ_MST_1485,Industrial Zone Project #485 (Nan),,NAN,20.3654,83.6091,326.93,3837.87,5590.25,1,7,25,82,0,PENDING,PENDING,86.78,datafile parivesh.nic.in.csv
PRJ_MST_1486,Bulk Water Pipeline Project #486 (Nan),,NAN,20.4741,80.2679,310.95,2402.1,3033.03,5,2,1,71,0,PENDING,REJECTED,81.25,datafile parivesh.nic.in.csv
PRJ_MST_1487,Highway Project #487 (Rajasthan),gumna ram,RAJASTHAN,19.0002,76.6224,51.34,567.12,721.07,0,5,19,33,1,REJECTED,APPROVED,86.82,datafile parivesh.nic.in.csv
PRJ_MST_1488,Freight Corridor Project #488 (Nan),,NAN,22.027,77.7096,170.64,1302.92,2067.96,2,3,14,1,0,PENDING,APPROVED,57.67,datafile parivesh.nic.in.csv
PRJ_MST_1489,Power Grid Line Project #489 (Rajasthan),ANIL PODDAR,RAJASTHAN,24.5157,79.5799,182.6,1438.78,1781.1,3,3,3,26,0,APPROVED,REJECTED,61.64,datafile parivesh.nic.in.csv
PRJ_MST_1490,Urban Transit Corridor Project #490 (Nan),,NAN,23.1275,81.5866,55.96,560.94,746.53,3,1,21,73,0,PENDING,REJECTED,90.83,datafile parivesh.nic.in.csv
PRJ_MST_1491,Industrial Zone Project #491 (Uttarakhand),UTTARAKHAND PAYJAL SANSADHAN VIKAS AVAM NIRMAN NIGAM,UTTARAKHAND,21.9272,79.4953,70.73,515.75,718.5,0,3,22,98,0,PENDING,APPROVED,63.96,datafile parivesh.nic.in.csv
PRJ_MST_1492,Bulk Water Pipeline Project #492 (Nan),,NAN,25.0588,80.4137,344.81,2864.09,3559.32,2,4,25,86,1,PENDING,PENDING,95.0,datafile parivesh.nic.in.csv
PRJ_MST_1493,Highway Project #493 (Rajasthan),taruna,RAJASTHAN,21.3813,81.1368,109.61,1313.33,1600.75,3,3,10,112,0,APPROVED,APPROVED,54.83,datafile parivesh.nic.in.csv
PRJ_MST_1494,Freight Corridor Project #494 (Nan),,NAN,19.6961,84.9478,316.06,3511.66,4234.51,6,3,27,71,1,PENDING,APPROVED,95.0,datafile parivesh.nic.in.csv
PRJ_MST_1495,Power Grid Line Project #495 (Uttar Pradesh),DIVYANSH RAJ,UTTAR PRADESH,26.8286,77.6096,74.2,751.78,1119.31,1,2,1,91,0,APPROVED,APPROVED,39.66,datafile parivesh.nic.in.csv
PRJ_MST_1496,Urban Transit Corridor Project #496 (Nan),,NAN,20.5344,78.9538,63.68,441.13,749.19,4,4,7,22,0,PENDING,APPROVED,71.43,datafile parivesh.nic.in.csv
PRJ_MST_1497,Industrial Zone Project #497 (Odisha),STEEL AUTHORITY OF INDIA LTD,ODISHA,18.2918,78.257,124.73,1328.82,1694.23,4,4,28,67,0,REJECTED,PENDING,95.0,datafile parivesh.nic.in.csv
PRJ_MST_1498,Bulk Water Pipeline Project #498 (Nan),,NAN,19.3565,78.0381,121.45,1085.27,1669.35,5,1,10,13,0,PENDING,APPROVED,70.58,datafile parivesh.nic.in.csv
PRJ_MST_1499,Highway Project #499 (Nan),,NAN,22.9448,81.8288,159.28,1555.27,2337.51,7,2,36,62,1,PENDING,REJECTED,95.0,datafile parivesh.nic.in.csv
PRJ_MST_1500,Freight Corridor Project #500 (West Bengal),MALAY PANJA,WEST BENGAL,24.2213,80.1501,129.23,1226.03,1848.38,0,2,17,116,0,APPROVED,REJECTED,71.34,datafile parivesh.nic.in.csv
PRJ_MST_1501,Power Grid Line Project #501 (Nan),,NAN,22.4444,84.0806,207.46,1648.29,2657.57,7,2,13,105,0,PENDING,PENDING,95.0,datafile parivesh.nic.in.csv
PRJ_MST_1502,Urban Transit Corridor Project #502 (Maharashtra),mahadev vitthal suryavanshi,MAHARASHTRA,20.1103,75.1702,51.44,375.85,536.87,7,3,9,92,0,APPROVED,PENDING,84.54,datafile parivesh.nic.in.csv
PRJ_MST_1503,Industrial Zone Project #503 (Nan),,NAN,22.8971,80.6123,283.33,1910.28,2995.32,6,1,34,64,0,PENDING,APPROVED,94.73,datafile parivesh.nic.in.csv
PRJ_MST_1504,Bulk Water Pipeline Project #504 (Rajasthan),keshu singh,RAJASTHAN,20.5843,82.0906,108.66,1229.4,1675.56,0,5,8,67,1,REJECTED,PENDING,87.7,datafile parivesh.nic.in.csv
PRJ_MST_1505,Highway Project #505 (Nan),,NAN,21.1451,83.1198,320.77,2339.18,3746.69,4,2,34,62,0,PENDING,PENDING,95.0,datafile parivesh.nic.in.csv
PRJ_MST_1506,Freight Corridor Project #506 (Telangana),LAKSHMA REDDY bANDARI,TELANGANA,19.0335,78.5966,317.58,2636.36,4279.15,6,1,10,95,0,APPROVED,APPROVED,67.48,datafile parivesh.nic.in.csv
PRJ_MST_1507,Power Grid Line Project #507 (Nan),,NAN,19.2499,83.9224,25.23,179.64,271.2,2,2,11,96,1,PENDING,REJECTED,93.73,datafile parivesh.nic.in.csv
PRJ_MST_1508,Urban Transit Corridor Project #508 (Rajasthan),anwar ahmed gajdhar,RAJASTHAN,20.2518,78.4027,301.72,3310.36,4208.4,1,3,2,112,0,APPROVED,PENDING,55.92,datafile parivesh.nic.in.csv
PRJ_MST_1509,Industrial Zone Project #509 (Nan),,NAN,24.6092,79.0325,242.95,2185.49,3411.42,5,4,13,89,0,PENDING,REJECTED,95.0,datafile parivesh.nic.in.csv
PRJ_MST_1510,Bulk Water Pipeline Project #510 (Kerala),ADISH GRANITES PRIVATE LIMITED,KERALA,21.1976,82.0349,32.43,249.71,408.79,3,2,27,80,0,PENDING,PENDING,95.0,datafile parivesh.nic.in.csv
PRJ_MST_1511,Highway Project #511 (Nan),,NAN,24.4235,79.3503,121.95,870.06,1296.49,3,2,10,102,0,PENDING,PENDING,80.75,datafile parivesh.nic.in.csv
PRJ_MST_1512,Freight Corridor Project #512 (Kerala),YESEMM STEEL Products kanjikkodu private limited,KERALA,25.9259,75.5771,206.2,2037.62,3019.08,2,3,24,86,0,APPROVED,APPROVED,66.27,datafile parivesh.nic.in.csv
PRJ_MST_1513,Power Grid Line Project #513 (Nan),,NAN,23.7803,79.9751,216.05,2320.67,3391.66,5,0,20,63,0,PENDING,REJECTED,95.0,datafile parivesh.nic.in.csv
PRJ_MST_1514,Urban Transit Corridor Project #514 (Rajasthan),shree kumar lakhotia,RAJASTHAN,25.0288,77.9559,244.67,2704.24,4225.11,2,2,9,31,0,APPROVED,REJECTED,63.31,datafile parivesh.nic.in.csv
PRJ_MST_1515,Industrial Zone Project #515 (Nan),,NAN,19.5454,80.7673,228.7,2592.26,4204.72,4,3,14,115,1,PENDING,APPROVED,94.52,datafile parivesh.nic.in.csv
PRJ_MST_1516,Bulk Water Pipeline Project #516 (Andhra Pradesh),NEW & RENEWABLE ENERGY DEVELOPMENT CORPORATION OF ANDHRA PRADESH LIMITED,ANDHRA PRADESH,20.5494,78.3298,329.77,2132.17,3030.45,2,0,18,78,0,REJECTED,APPROVED,74.34,datafile parivesh.nic.in.csv
PRJ_MST_1517,Highway Project #517 (Nan),,NAN,18.8084,78.3483,263.25,2512.57,3320.29,4,4,21,12,0,PENDING,APPROVED,78.23,datafile parivesh.nic.in.csv
PRJ_MST_1518,Freight Corridor Project #518 (Madhya Pradesh),SHARMI PACHAYA,MADHYA PRADESH,19.5974,80.4897,265.8,1806.31,2895.61,0,2,20,65,0,REJECTED,PENDING,85.87,datafile parivesh.nic.in.csv
PRJ_MST_1519,Power Grid Line Project #519 (Nan),,NAN,25.5303,83.4465,55.93,348.1,577.06,6,3,31,18,1,PENDING,REJECTED,95.0,datafile parivesh.nic.in.csv
PRJ_MST_1520,Urban Transit Corridor Project #520 (Odisha),INOX SOLAR LIMITED,ODISHA,22.5133,76.2771,182.9,1628.69,2223.84,7,4,22,23,0,APPROVED,APPROVED,81.61,datafile parivesh.nic.in.csv
PRJ_MST_1521,Industrial Zone Project #521 (Nan),,NAN,23.737,77.1567,306.03,3453.85,4176.89,6,3,12,108,0,PENDING,PENDING,91.3,datafile parivesh.nic.in.csv
PRJ_MST_1522,Bulk Water Pipeline Project #522 (Rajasthan),PUSHPA KANWAR,RAJASTHAN,23.2936,80.7157,26.02,283.16,351.83,6,2,4,87,0,APPROVED,APPROVED,60.45,datafile parivesh.nic.in.csv
PRJ_MST_1523,Highway Project #523 (Nan),,NAN,25.2275,81.6999,80.36,951.1,1581.88,4,3,3,10,0,PENDING,REJECTED,84.13,datafile parivesh.nic.in.csv
PRJ_MST_1524,Freight Corridor Project #524 (Punjab),Rural Development,PUNJAB,25.4974,77.103,57.18,670.74,1021.38,6,2,27,58,1,PENDING,PENDING,95.0,datafile parivesh.nic.in.csv
PRJ_MST_1525,Power Grid Line Project #525 (Nan),,NAN,21.5813,79.0179,301.59,3472.61,4864.7,3,0,13,85,0,PENDING,PENDING,73.93,datafile parivesh.nic.in.csv
PRJ_MST_1526,Urban Transit Corridor Project #526 (Nan),,NAN,23.796,77.5722,35.99,403.12,516.08,6,1,7,14,0,PENDING,APPROVED,63.5,datafile parivesh.nic.in.csv
PRJ_MST_1527,Industrial Zone Project #527 (Haryana),HINDUSTAN PETROLEUM COORPERATION LIMITED,HARYANA,18.4996,84.3132,184.81,2037.78,2913.18,5,3,8,9,0,PENDING,APPROVED,70.37,datafile parivesh.nic.in.csv
PRJ_MST_1528,Bulk Water Pipeline Project #528 (Nan),,NAN,25.5089,80.9423,186.02,1260.79,1962.22,4,2,34,40,0,PENDING,APPROVED,84.48,datafile parivesh.nic.in.csv
PRJ_MST_1529,Highway Project #529 (Nan),,NAN,18.8539,75.5155,272.36,1873.64,3137.66,6,3,36,26,1,PENDING,APPROVED,95.0,datafile parivesh.nic.in.csv
PRJ_MST_1530,Freight Corridor Project #530 (Maharashtra),JWR Logistics private limited,MAHARASHTRA,19.4121,74.7373,134.67,1549.23,2431.38,1,1,20,59,0,PENDING,REJECTED,81.03,datafile parivesh.nic.in.csv
PRJ_MST_1531,Power Grid Line Project #531 (Nan),,NAN,19.5023,79.7909,327.37,3035.12,4923.18,2,3,17,72,0,PENDING,PENDING,74.58,datafile parivesh.nic.in.csv
PRJ_MST_1532,Urban Transit Corridor Project #532 (Punjab),PUNJAB WATER SUPPLY & SEWERAGE BOARD,PUNJAB,24.2726,75.6109,118.74,980.33,1415.35,1,1,32,51,0,REJECTED,REJECTED,95.0,datafile parivesh.nic.in.csv
PRJ_MST_1533,Industrial Zone Project #533 (Nan),,NAN,24.3697,84.0938,201.87,1796.97,3011.68,2,1,7,27,0,PENDING,REJECTED,72.99,datafile parivesh.nic.in.csv
PRJ_MST_1534,Bulk Water Pipeline Project #534 (Nan),,NAN,21.5072,77.4102,38.99,330.77,442.14,4,0,16,64,0,PENDING,PENDING,76.18,datafile parivesh.nic.in.csv
PRJ_MST_1535,Highway Project #535 (Uttar Pradesh),Executive engineer ken betwa link canal construction division -1 mahoba,UTTAR PRADESH,26.5886,79.4869,216.45,1330.37,1960.65,0,4,30,16,0,PENDING,PENDING,77.97,datafile parivesh.nic.in.csv
PRJ_MST_1536,Freight Corridor Project #536 (Nan),,NAN,19.6749,78.2116,232.2,1485.95,2124.18,2,6,33,94,0,PENDING,REJECTED,95.0,datafile parivesh.nic.in.csv
PRJ_MST_1537,Power Grid Line Project #537 (Gujarat),KIRANKUMAR MOHANLAL DESAI,GUJARAT,21.755,83.9203,264.59,2479.27,3267.73,6,4,5,43,0,APPROVED,PENDING,70.53,datafile parivesh.nic.in.csv
PRJ_MST_1538,Urban Transit Corridor Project #538 (Nan),,NAN,24.4058,80.225,52.64,506.7,661.25,3,4,21,9,0,PENDING,APPROVED,72.25,datafile parivesh.nic.in.csv
PRJ_MST_1539,Industrial Zone Project #539 (Tamil Nadu),MOLCLONE LABS PRIVATE LIMITED,TAMIL NADU,10.3611,78.9706,133.78,982.4,1397.28,3,4,13,62,0,APPROVED,APPROVED,59.57,datafile parivesh.nic.in.csv
PRJ_MST_1540,Bulk Water Pipeline Project #540 (Nan),,NAN,22.5865,78.7774,247.45,1935.44,2403.7,5,3,2,100,1,PENDING,APPROVED,82.94,datafile parivesh.nic.in.csv
PRJ_MST_1541,Highway Project #541 (Uttar Pradesh),HARI MANDIR MINERAL TRADERS,UTTAR PRADESH,26.324,78.745,80.11,762.41,921.84,4,3,11,92,1,APPROVED,REJECTED,90.89,datafile parivesh.nic.in.csv
PRJ_MST_1542,Freight Corridor Project #542 (Nan),,NAN,20.0205,84.183,20.84,236.72,347.41,7,3,35,81,0,PENDING,PENDING,95.0,datafile parivesh.nic.in.csv
PRJ_MST_1543,Power Grid Line Project #543 (Tamil Nadu),M G RAJENDRAN,TAMIL NADU,12.5773,80.0781,108.29,1294.3,2101.61,3,2,11,46,0,APPROVED,APPROVED,54.4,datafile parivesh.nic.in.csv
PRJ_MST_1544,Urban Transit Corridor Project #544 (Nan),,NAN,25.1564,75.511,250.71,1674.68,2681.02,3,2,1,37,0,PENDING,PENDING,67.56,datafile parivesh.nic.in.csv
PRJ_MST_1545,Industrial Zone Project #545 (Maharashtra),MILIND VASANTRAO NIMJE,MAHARASHTRA,18.5372,73.6893,158.25,1278.93,1627.03,0,3,1,102,1,PENDING,PENDING,70.5,datafile parivesh.nic.in.csv
PRJ_MST_1546,Bulk Water Pipeline Project #546 (Nan),,NAN,18.6932,84.2491,125.29,840.37,1042.86,4,1,14,112,1,PENDING,APPROVED,85.44,datafile parivesh.nic.in.csv
PRJ_MST_1547,Highway Project #547 (Nan),,NAN,18.2869,75.6548,90.02,959.64,1177.41,3,0,22,69,1,PENDING,APPROVED,81.23,datafile parivesh.nic.in.csv
PRJ_MST_1548,Freight Corridor Project #548 (Ladakh),Ministry of Defense,LADAKH,19.6109,80.779,123.3,1199.19,1625.3,6,4,28,103,1,PENDING,PENDING,95.0,datafile parivesh.nic.in.csv
PRJ_MST_1549,Power Grid Line Project #549 (Nan),,NAN,19.215,83.3802,142.25,1142.39,1708.94,5,1,16,75,0,PENDING,PENDING,88.46,datafile parivesh.nic.in.csv
PRJ_MST_1550,Urban Transit Corridor Project #550 (Jharkhand),BHARTI AIRTEL LIMITED,JHARKHAND,19.1244,80.7326,63.59,398.66,601.74,4,1,31,52,1,REJECTED,PENDING,95.0,datafile parivesh.nic.in.csv
PRJ_MST_1551,Industrial Zone Project #551 (Nan),,NAN,21.0086,80.0085,243.51,1848.58,3049.57,0,3,6,77,0,PENDING,PENDING,64.3,datafile parivesh.nic.in.csv
PRJ_MST_1552,Bulk Water Pipeline Project #552 (Nan),,NAN,23.5023,76.7246,188.24,1137.93,1807.96,6,5,29,43,0,PENDING,REJECTED,95.0,datafile parivesh.nic.in.csv
PRJ_MST_1553,Highway Project #553 (Bihar),ANKIT KUMAR,BIHAR,24.9168,85.3217,302.95,3433.99,5446.47,7,4,27,118,0,PENDING,PENDING,95.0,datafile parivesh.nic.in.csv
PRJ_MST_1554,Freight Corridor Project #554 (Nan),,NAN,22.5734,78.5435,20.12,141.03,218.28,2,3,13,73,1,PENDING,PENDING,90.41,datafile parivesh.nic.in.csv
PRJ_MST_1555,Power Grid Line Project #555 (Nan),,NAN,23.3642,80.6621,277.12,3012.82,4121.2,4,7,29,53,1,PENDING,REJECTED,95.0,datafile parivesh.nic.in.csv
PRJ_MST_1556,Urban Transit Corridor Project #556 (Uttar Pradesh),KARYAN BUILDCON PRIVATE LIMITED,UTTAR PRADESH,27.6929,77.921,281.46,2193.51,3623.89,7,3,16,19,0,PENDING,APPROVED,81.27,datafile parivesh.nic.in.csv
PRJ_MST_1557,Industrial Zone Project #557 (Nan),,NAN,22.0785,79.6238,41.17,327.32,540.16,2,1,31,78,0,PENDING,APPROVED,75.96,datafile parivesh.nic.in.csv
PRJ_MST_1558,Bulk Water Pipeline Project #558 (Tamil Nadu),TAMILNADU MINERALS LIMITED,TAMIL NADU,11.4192,79.6436,161.91,1270.63,2042.51,4,0,5,30,1,APPROVED,APPROVED,59.43,datafile parivesh.nic.in.csv
PRJ_MST_1559,Highway Project #559 (Nan),,NAN,20.6735,84.3323,134.35,1187.98,1997.44,7,3,23,6,0,PENDING,PENDING,95.0,datafile parivesh.nic.in.csv
PRJ_MST_1560,Freight Corridor Project #560 (Rajasthan),RATTIRAM,RAJASTHAN,19.7473,78.6325,297.75,2532.91,3916.04,5,1,5,57,0,REJECTED,PENDING,83.43,datafile parivesh.nic.in.csv
PRJ_MST_1561,Power Grid Line Project #561 (Nan),,NAN,21.5961,76.119,179.76,1829.17,2770.36,3,2,26,104,0,PENDING,PENDING,95.0,datafile parivesh.nic.in.csv
PRJ_MST_1562,Urban Transit Corridor Project #562 (Madhya Pradesh),RAGHUVEER SINGH,MADHYA PRADESH,20.6061,75.6539,105.4,650.76,1007.51,3,1,17,9,0,PENDING,APPROVED,61.16,datafile parivesh.nic.in.csv
PRJ_MST_1563,Industrial Zone Project #563 (Nan),,NAN,24.7447,75.8156,58.59,500.22,647.95,6,2,23,9,0,PENDING,APPROVED,80.4,datafile parivesh.nic.in.csv
PRJ_MST_1564,Bulk Water Pipeline Project #564 (Gujarat),GUJARAT GAS LIMITED,GUJARAT,21.8654,78.6915,223.33,1358.87,1683.0,2,1,36,111,0,PENDING,APPROVED,81.5,datafile parivesh.nic.in.csv
PRJ_MST_1565,Highway Project #565 (Nan),,NAN,19.9382,82.3438,136.07,1611.33,2097.87,5,2,23,38,1,PENDING,APPROVED,88.57,datafile parivesh.nic.in.csv
PRJ_MST_1566,Freight Corridor Project #566 (Nan),,NAN,20.7256,75.0127,189.44,2152.49,2838.09,7,4,33,27,0,PENDING,PENDING,95.0,datafile parivesh.nic.in.csv
PRJ_MST_1567,Power Grid Line Project #567 (Rajasthan),prema ram sankhla,RAJASTHAN,25.9912,84.2015,139.64,1330.65,1802.82,2,3,14,29,1,REJECTED,APPROVED,85.6,datafile parivesh.nic.in.csv
PRJ_MST_1568,Urban Transit Corridor Project #568 (Nan),,NAN,23.226,78.7047,343.62,3131.96,4345.9,4,4,10,36,0,PENDING,APPROVED,69.23,datafile parivesh.nic.in.csv
PRJ_MST_1569,Industrial Zone Project #569 (Telangana),tummala suresh kumar,TELANGANA,18.6265,81.4143,153.88,1317.41,2082.72,6,1,21,118,0,PENDING,REJECTED,95.0,datafile parivesh.nic.in.csv
PRJ_MST_1570,Bulk Water Pipeline Project #570 (Nan),,NAN,19.3443,79.2279,285.12,3197.54,4455.42,3,1,23,66,0,PENDING,APPROVED,73.85,datafile parivesh.nic.in.csv
PRJ_MST_1571,Highway Project #571 (Madhya Pradesh),PURAN LAKSHKAR,MADHYA PRADESH,18.8605,82.6916,243.35,2125.5,3563.58,3,2,0,113,0,PENDING,PENDING,68.11,datafile parivesh.nic.in.csv
PRJ_MST_1572,Freight Corridor Project #572 (Nan),,NAN,25.4306,81.5342,108.49,811.27,1352.62,0,2,17,42,1,PENDING,PENDING,77.36,datafile parivesh.nic.in.csv
PRJ_MST_1573,Power Grid Line Project #573 (Haryana),1000 trees Housing private limited,HARYANA,18.9287,78.8173,185.3,1740.15,2944.43,4,2,11,78,0,APPROVED,APPROVED,62.02,datafile parivesh.nic.in.csv
PRJ_MST_1574,Urban Transit Corridor Project #574 (Nan),,NAN,24.9076,76.5348,153.62,1536.36,2116.94,2,1,27,84,0,PENDING,PENDING,81.4,datafile parivesh.nic.in.csv
PRJ_MST_1575,Industrial Zone Project #575 (Rajasthan),BHAGIRATH RAM,RAJASTHAN,18.6969,81.1714,260.32,2075.54,3370.23,6,4,6,51,0,APPROVED,REJECTED,83.85,datafile parivesh.nic.in.csv
PRJ_MST_1576,Bulk Water Pipeline Project #576 (Nan),,NAN,25.2105,83.5035,139.86,1146.25,1862.43,4,0,22,100,1,PENDING,REJECTED,95.0,datafile parivesh.nic.in.csv
PRJ_MST_1577,Highway Project #577 (Maharashtra),DHANVEER ENTERPRISES,MAHARASHTRA,19.643,72.8106,309.67,3516.31,5421.9,3,6,20,55,0,APPROVED,APPROVED,69.52,datafile parivesh.nic.in.csv
PRJ_MST_1578,Freight Corridor Project #578 (Nan),,NAN,21.8081,79.067,172.03,1917.54,2777.22,0,2,33,75,0,PENDING,REJECTED,95.0,datafile parivesh.nic.in.csv
PRJ_MST_1579,Power Grid Line Project #579 (Karnataka),R YASHWANTH KUMAR,KARNATAKA,20.6864,76.8367,328.82,3878.93,5498.39,2,3,10,67,0,PENDING,APPROVED,58.86,datafile parivesh.nic.in.csv
PRJ_MST_1580,Urban Transit Corridor Project #580 (Nan),,NAN,25.7606,81.7906,300.56,2202.4,3349.52,3,3,21,110,1,PENDING,APPROVED,87.7,datafile parivesh.nic.in.csv
PRJ_MST_1581,Industrial Zone Project #581 (Jharkhand),gopal prasad ray,JHARKHAND,22.0007,76.4351,123.93,1337.19,1866.43,5,0,34,8,0,APPROVED,APPROVED,71.56,datafile parivesh.nic.in.csv
PRJ_MST_1582,Bulk Water Pipeline Project #582 (Nan),,NAN,23.4784,82.7623,180.19,1507.43,1815.1,1,4,28,102,0,PENDING,REJECTED,93.37,datafile parivesh.nic.in.csv
PRJ_MST_1583,Highway Project #583 (Himachal Pradesh),DEPUTY DIRECTOR,HIMACHAL PRADESH,22.6701,82.4403,153.52,1722.28,2708.52,6,1,27,105,0,REJECTED,APPROVED,95.0,datafile parivesh.nic.in.csv
PRJ_MST_1584,Freight Corridor Project #584 (Nan),,NAN,19.5733,76.8083,345.55,4117.6,5126.88,1,4,17,91,0,PENDING,APPROVED,70.75,datafile parivesh.nic.in.csv
PRJ_MST_1585,Power Grid Line Project #585 (Nan),,NAN,23.775,77.3988,174.3,1327.48,2255.64,5,1,13,22,0,PENDING,PENDING,78.8,datafile parivesh.nic.in.csv
PRJ_MST_1586,Urban Transit Corridor Project #586 (Uttar Pradesh),ABHISHEK SINGH,UTTAR PRADESH,26.6197,81.9332,131.55,1253.22,1853.56,3,2,17,62,0,APPROVED,APPROVED,61.15,datafile parivesh.nic.in.csv
PRJ_MST_1587,Industrial Zone Project #587 (Nan),,NAN,23.2844,83.5539,167.99,1091.9,1811.57,0,3,27,108,0,PENDING,APPROVED,73.48,datafile parivesh.nic.in.csv
PRJ_MST_1588,Bulk Water Pipeline Project #588 (Karnataka),anj mining llp,KARNATAKA,20.2152,75.7456,77.21,887.15,1356.72,2,1,23,60,0,REJECTED,APPROVED,80.31,datafile parivesh.nic.in.csv
PRJ_MST_1589,Highway Project #589 (Nan),,NAN,24.0972,76.888,209.12,1625.33,2649.39,6,2,7,39,0,PENDING,APPROVED,72.08,datafile parivesh.nic.in.csv
PRJ_MST_1590,Freight Corridor Project #590 (Rajasthan),ABDUL RAHIM,RAJASTHAN,25.5571,77.3941,256.96,2149.21,3362.16,0,0,7,43,0,REJECTED,APPROVED,52.4,datafile parivesh.nic.in.csv
PRJ_MST_1591,Power Grid Line Project #591 (Nan),,NAN,18.9357,75.8858,314.53,1956.65,2748.99,3,3,3,85,1,PENDING,APPROVED,79.67,datafile parivesh.nic.in.csv
PRJ_MST_1592,Urban Transit Corridor Project #592 (Uttar Pradesh),VIJAY GUPTA,UTTAR PRADESH,25.6159,81.9579,280.34,2572.44,3173.51,0,6,26,23,1,APPROVED,PENDING,82.38,datafile parivesh.nic.in.csv
PRJ_MST_1593,Industrial Zone Project #593 (Nan),,NAN,19.2817,75.1953,179.92,1703.46,2127.14,1,3,35,50,0,PENDING,APPROVED,74.3,datafile parivesh.nic.in.csv
PRJ_MST_1594,Bulk Water Pipeline Project #594 (Gujarat),GALLANTT METAL LIMITED,GUJARAT,19.0537,84.8802,123.01,1289.05,1671.46,7,5,4,57,1,PENDING,APPROVED,92.98,datafile parivesh.nic.in.csv
PRJ_MST_1595,Highway Project #595 (Nan),,NAN,24.8881,81.3968,249.48,1619.22,2738.26,5,4,32,89,0,PENDING,REJECTED,95.0,datafile parivesh.nic.in.csv
PRJ_MST_1596,Freight Corridor Project #596 (Gujarat),GEETABEN GOSWAMI,GUJARAT,25.5804,82.6754,211.25,2111.24,3145.57,4,3,33,93,1,APPROVED,APPROVED,90.89,datafile parivesh.nic.in.csv
PRJ_MST_1597,Power Grid Line Project #597 (Nan),,NAN,18.492,77.9586,148.55,1224.49,1861.97,0,1,29,32,0,PENDING,PENDING,69.99,datafile parivesh.nic.in.csv
PRJ_MST_1598,Urban Transit Corridor Project #598 (Rajasthan),BANSAL GEO AND ENVIRO SERVICES,RAJASTHAN,23.9916,75.5457,171.69,1927.73,2506.92,4,3,7,15,0,REJECTED,APPROVED,74.33,datafile parivesh.nic.in.csv
PRJ_MST_1599,Industrial Zone Project #599 (Nan),,NAN,22.3712,83.3642,223.08,1928.9,2385.33,3,1,25,21,0,PENDING,APPROVED,73.79,datafile parivesh.nic.in.csv
PRJ_MST_1600,Bulk Water Pipeline Project #600 (Rajasthan),CHHOTU RAM,RAJASTHAN,23.7189,80.9223,62.54,643.4,939.54,4,5,36,112,1,APPROVED,APPROVED,95.0,datafile parivesh.nic.in.csv
PRJ_MST_1601,Highway Project #601 (Nan),,NAN,20.1844,80.6064,214.53,2249.45,3682.88,7,4,33,56,0,PENDING,APPROVED,95.0,datafile parivesh.nic.in.csv
PRJ_MST_1602,Freight Corridor Project #602 (Rajasthan),SURENDER SINGH TOMAR,RAJASTHAN,24.9456,80.4082,202.18,2120.98,3453.46,7,1,6,61,0,APPROVED,APPROVED,62.2,datafile parivesh.nic.in.csv
PRJ_MST_1603,Power Grid Line Project #603 (Nan),,NAN,21.6633,78.9381,180.75,1857.47,2551.17,4,3,27,113,0,PENDING,APPROVED,89.98,datafile parivesh.nic.in.csv
PRJ_MST_1604,Urban Transit Corridor Project #604 (Gujarat),HPCL MITTAL PIPELINES LIMITED,GUJARAT,18.6309,79.2528,201.31,1855.76,2674.61,4,4,27,106,0,APPROVED,APPROVED,79.05,datafile parivesh.nic.in.csv
PRJ_MST_1605,Industrial Zone Project #605 (Nan),,NAN,23.7668,84.217,343.07,3437.57,4206.26,0,1,13,81,0,PENDING,APPROVED,57.07,datafile parivesh.nic.in.csv
PRJ_MST_1606,Bulk Water Pipeline Project #606 (Bihar),anju devi,BIHAR,27.4912,87.6505,76.47,608.9,769.5,3,2,3,70,0,APPROVED,APPROVED,50.64,datafile parivesh.nic.in.csv
PRJ_MST_1607,Highway Project #607 (Nan),,NAN,19.5529,83.2395,194.08,1797.47,2504.39,6,1,17,113,0,PENDING,APPROVED,89.94,datafile parivesh.nic.in.csv
PRJ_MST_1608,Freight Corridor Project #608 (Maharashtra),SUIJIN PROJECTS PRIVATE LIMITED,MAHARASHTRA,18.9775,72.9798,253.08,1845.78,3094.38,7,3,24,89,1,PENDING,APPROVED,95.0,datafile parivesh.nic.in.csv
PRJ_MST_1609,Power Grid Line Project #609 (Nan),,NAN,18.2116,84.6898,197.71,1611.24,2099.78,0,4,6,71,0,PENDING,PENDING,63.57,datafile parivesh.nic.in.csv
PRJ_MST_1610,Urban Transit Corridor Project #610 (Gujarat),DEEPAK CHEM TECH LIMITED,GUJARAT,20.2435,83.4834,153.84,1817.97,2867.16,7,6,27,69,0,PENDING,PENDING,95.0,datafile parivesh.nic.in.csv
PRJ_MST_1611,Industrial Zone Project #611 (Nan),,NAN,25.3157,75.3383,270.52,2848.98,4765.71,5,2,4,29,0,PENDING,APPROVED,64.68,datafile parivesh.nic.in.csv
PRJ_MST_1612,Bulk Water Pipeline Project #612 (Andhra Pradesh),belmak enterprises,ANDHRA PRADESH,24.1589,83.8718,255.16,1799.82,2571.36,5,5,2,102,0,APPROVED,PENDING,75.77,datafile parivesh.nic.in.csv
PRJ_MST_1613,Highway Project #613 (Nan),,NAN,23.9916,77.0797,86.89,560.36,940.08,6,1,30,22,1,PENDING,PENDING,95.0,datafile parivesh.nic.in.csv
PRJ_MST_1614,Freight Corridor Project #614 (Meghalaya),DALMIA CEMENT (BHARAT) LIMITED,MEGHALAYA,18.8245,77.7302,344.29,3912.52,6149.27,2,0,19,31,1,APPROVED,APPROVED,59.78,datafile parivesh.nic.in.csv
PRJ_MST_1615,Power Grid Line Project #615 (Nan),,NAN,22.5414,78.7131,279.63,2800.85,4038.78,3,3,18,85,0,PENDING,REJECTED,91.9,datafile parivesh.nic.in.csv
PRJ_MST_1616,Urban Transit Corridor Project #616 (Madhya Pradesh),BHAKTI RAJA BUNDELA,MADHYA PRADESH,19.8619,82.1494,21.94,135.34,175.0,2,2,10,105,1,APPROVED,REJECTED,80.07,datafile parivesh.nic.in.csv
PRJ_MST_1617,Industrial Zone Project #617 (Nan),,NAN,20.4819,77.6849,204.49,2244.24,3068.33,7,3,2,106,1,PENDING,APPROVED,88.96,datafile parivesh.nic.in.csv
PRJ_MST_1618,Bulk Water Pipeline Project #618 (Maharashtra),PRAKASH BAVISKAR,MAHARASHTRA,18.2712,74.3744,271.62,1805.54,2810.03,0,6,22,56,1,PENDING,APPROVED,86.56,datafile parivesh.nic.in.csv
PRJ_MST_1619,Highway Project #619 (Nan),,NAN,19.7207,76.3265,100.47,1113.96,1413.41,0,5,6,108,0,PENDING,PENDING,67.62,datafile parivesh.nic.in.csv
PRJ_MST_1620,Freight Corridor Project #620 (Nan),,NAN,20.2245,76.8562,268.46,1982.32,3324.1,1,5,22,8,0,PENDING,PENDING,77.63,datafile parivesh.nic.in.csv
PRJ_MST_1621,Power Grid Line Project #621 (Kerala),AYYAPPA HYDRO POWER LIMITED,KERALA,20.127,75.6195,29.42,284.59,447.34,6,6,6,30,0,PENDING,APPROVED,82.48,datafile parivesh.nic.in.csv
PRJ_MST_1622,Urban Transit Corridor Project #622 (Nan),,NAN,18.7403,79.4724,46.06,285.33,418.83,6,3,33,70,0,PENDING,APPROVED,95.0,datafile parivesh.nic.in.csv
PRJ_MST_1623,Industrial Zone Project #623 (Nan),,NAN,19.1751,75.4348,273.61,2090.53,3364.25,0,2,18,8,0,PENDING,APPROVED,53.57,datafile parivesh.nic.in.csv
PRJ_MST_1624,Bulk Water Pipeline Project #624 (Bihar),MANOJ KUMAR SINGH,BIHAR,27.0085,87.0133,343.97,3382.08,5747.45,2,4,8,12,1,APPROVED,APPROVED,63.57,datafile parivesh.nic.in.csv
PRJ_MST_1625,Highway Project #625 (Nan),,NAN,23.0741,79.5917,188.09,2005.76,3407.1,6,2,17,57,0,PENDING,PENDING,91.82,datafile parivesh.nic.in.csv
PRJ_MST_1626,Freight Corridor Project #626 (Telangana),Prestige Vaishnaoi Projects,TELANGANA,20.5195,83.0093,116.36,794.8,1092.29,0,4,24,2,0,APPROVED,APPROVED,45.14,datafile parivesh.nic.in.csv
PRJ_MST_1627,Power Grid Line Project #627 (Nan),,NAN,25.7348,80.098,119.74,1076.55,1512.4,7,0,13,34,0,PENDING,APPROVED,78.07,datafile parivesh.nic.in.csv
PRJ_MST_1628,Urban Transit Corridor Project #628 (Haryana),RELIANCE,HARYANA,23.1558,80.0198,88.84,550.48,874.55,5,7,24,96,0,PENDING,PENDING,95.0,datafile parivesh.nic.in.csv
PRJ_MST_1629,Industrial Zone Project #629 (Nan),,NAN,19.0148,82.7299,37.46,225.67,318.87,5,1,18,20,0,PENDING,APPROVED,70.11,datafile parivesh.nic.in.csv
PRJ_MST_1630,Bulk Water Pipeline Project #630 (Nan),,NAN,19.8106,75.77,340.03,3983.87,6684.14,0,4,14,63,1,PENDING,APPROVED,72.97,datafile parivesh.nic.in.csv
PRJ_MST_1631,Highway Project #631 (Rajasthan),Vijay Kumar Arora,RAJASTHAN,24.4946,84.4339,44.25,431.19,678.98,6,1,15,94,0,APPROVED,PENDING,80.43,datafile parivesh.nic.in.csv
PRJ_MST_1632,Freight Corridor Project #632 (Nan),,NAN,19.1815,78.144,188.61,1492.93,1889.29,7,0,26,51,1,PENDING,REJECTED,95.0,datafile parivesh.nic.in.csv
PRJ_MST_1633,Power Grid Line Project #633 (Maharashtra),MAYADEVI M CHAKRAWARTY,MAHARASHTRA,20.0165,74.6484,154.46,1627.84,2483.73,7,1,9,33,1,APPROVED,PENDING,87.44,datafile parivesh.nic.in.csv
PRJ_MST_1634,Urban Transit Corridor Project #634 (Nan),,NAN,24.5886,81.8992,209.63,1413.63,1763.27,7,4,3,95,0,PENDING,PENDING,95.0,datafile parivesh.nic.in.csv
PRJ_MST_1635,Industrial Zone Project #635 (Rajasthan),dipa ram,RAJASTHAN,24.7071,75.5691,230.86,1830.17,2803.89,3,4,18,34,1,REJECTED,APPROVED,94.62,datafile parivesh.nic.in.csv
PRJ_MST_1636,Bulk Water Pipeline Project #636 (Nan),,NAN,22.0791,80.1397,67.11,532.98,879.5,6,2,27,14,0,PENDING,APPROVED,84.68,datafile parivesh.nic.in.csv
PRJ_MST_1637,Highway Project #637 (Uttar Pradesh),HINDUSTAN PERTOLIUM CO LTD,UTTAR PRADESH,27.5383,78.2927,180.55,2112.05,2938.0,6,5,20,119,0,PENDING,PENDING,95.0,datafile parivesh.nic.in.csv
PRJ_MST_1638,Freight Corridor Project #638 (Nan),,NAN,19.5774,80.4693,62.88,395.81,605.87,5,1,13,95,0,PENDING,APPROVED,77.51,datafile parivesh.nic.in.csv
PRJ_MST_1639,Power Grid Line Project #639 (Nan),,NAN,22.9067,77.2318,112.9,987.67,1606.95,1,4,32,5,0,PENDING,APPROVED,74.64,datafile parivesh.nic.in.csv
PRJ_MST_1640,Urban Transit Corridor Project #640 (Rajasthan),kamladevi,RAJASTHAN,25.4742,81.2256,78.19,814.67,1279.1,1,1,9,108,1,REJECTED,APPROVED,80.09,datafile parivesh.nic.in.csv
PRJ_MST_1641,Industrial Zone Project #641 (Nan),,NAN,20.3532,77.8492,300.56,3099.15,4003.99,7,1,18,84,0,PENDING,APPROVED,82.04,datafile parivesh.nic.in.csv
PRJ_MST_1642,Bulk Water Pipeline Project #642 (Rajasthan),baba basukinath mines,RAJASTHAN,18.5438,82.223,73.9,575.02,708.11,6,2,29,96,0,REJECTED,APPROVED,95.0,datafile parivesh.nic.in.csv
PRJ_MST_1643,Highway Project #643 (Nan),,NAN,19.3474,84.3964,286.75,2749.63,3928.3,2,1,21,31,0,PENDING,APPROVED,61.03,datafile parivesh.nic.in.csv
PRJ_MST_1644,Freight Corridor Project #644 (Madhya Pradesh),aryan infrastructure company,MADHYA PRADESH,25.9111,79.3073,223.8,2524.13,3035.12,5,5,2,51,0,PENDING,APPROVED,73.58,datafile parivesh.nic.in.csv
PRJ_MST_1645,Power Grid Line Project #645 (Nan),,NAN,22.6333,83.919,152.8,1559.46,2136.03,0,2,36,82,0,PENDING,APPROVED,75.73,datafile parivesh.nic.in.csv
PRJ_MST_1646,Urban Transit Corridor Project #646 (Jammu And Kashmir),JIO DIGITAL FIBER PRIVATE LIMITED,JAMMU AND KASHMIR,25.6207,77.4337,243.05,2872.62,3705.05,5,1,17,96,1,REJECTED,REJECTED,95.0,datafile parivesh.nic.in.csv
PRJ_MST_1647,Industrial Zone Project #647 (Nan),,NAN,20.1413,83.2526,27.36,255.4,424.73,7,2,10,27,0,PENDING,PENDING,90.16,datafile parivesh.nic.in.csv
PRJ_MST_1648,Bulk Water Pipeline Project #648 (Nan),,NAN,18.6365,77.7843,138.72,1383.19,1926.35,4,2,1,94,0,PENDING,PENDING,70.32,datafile parivesh.nic.in.csv
PRJ_MST_1649,Highway Project #649 (Rajasthan),revat ram,RAJASTHAN,21.0338,78.2718,134.96,1433.15,1817.29,2,2,11,84,0,REJECTED,PENDING,82.12,datafile parivesh.nic.in.csv
PRJ_MST_1650,Freight Corridor Project #650 (Nan),,NAN,19.3473,79.1312,106.06,1045.38,1392.05,5,1,5,117,0,PENDING,APPROVED,66.05,datafile parivesh.nic.in.csv
PRJ_MST_1651,Power Grid Line Project #651 (Rajasthan),DALMIA CEMENT BHARAT LIMITED,RAJASTHAN,22.3615,84.0158,81.74,779.6,1301.01,4,3,28,97,0,APPROVED,APPROVED,80.15,datafile parivesh.nic.in.csv
PRJ_MST_1652,Urban Transit Corridor Project #652 (Nan),,NAN,20.8917,82.3352,244.69,2390.43,3458.89,3,2,29,63,1,PENDING,PENDING,95.0,datafile parivesh.nic.in.csv
PRJ_MST_1653,Industrial Zone Project #653 (Gujarat),Public Works Department,GUJARAT,21.0028,81.0158,309.96,3386.7,4827.19,3,3,1,78,0,REJECTED,PENDING,81.92,datafile parivesh.nic.in.csv
PRJ_MST_1654,Bulk Water Pipeline Project #654 (Nan),,NAN,24.8763,80.8048,286.89,3063.04,4321.48,1,3,8,77,0,PENDING,PENDING,71.01,datafile parivesh.nic.in.csv
PRJ_MST_1655,Highway Project #655 (Nan),,NAN,23.7058,78.369,79.44,890.11,1341.88,6,3,1,18,0,PENDING,APPROVED,69.85,datafile parivesh.nic.in.csv
PRJ_MST_1656,Freight Corridor Project #656 (Maharashtra),Central Division,MAHARASHTRA,19.9816,75.1773,346.37,2665.66,4140.27,7,4,28,106,0,PENDING,APPROVED,95.0,datafile (1)-b data.gov.in.csv
PRJ_MST_1657,Power Grid Line Project #657 (Maharashtra),Central Division,MAHARASHTRA,18.5218,74.4274,201.35,2387.21,2996.62,1,4,32,14,0,PENDING,APPROVED,75.63,datafile (1)-b data.gov.in.csv
PRJ_MST_1658,Urban Transit Corridor Project #658 (Maharashtra),Central Division,MAHARASHTRA,19.1461,74.2764,112.88,1133.14,1700.28,6,4,9,5,0,APPROVED,APPROVED,63.43,datafile (1)-b data.gov.in.csv
PRJ_MST_1659,Industrial Zone Project #659 (Maharashtra),Central Division,MAHARASHTRA,19.9727,74.7728,45.51,393.35,552.03,6,3,33,115,0,PENDING,PENDING,95.0,datafile (1)-b data.gov.in.csv
PRJ_MST_1660,Bulk Water Pipeline Project #660 (Maharashtra),Central Division,MAHARASHTRA,20.1358,74.1173,166.67,1289.71,2087.29,4,2,7,72,1,APPROVED,PENDING,78.28,datafile (1)-b data.gov.in.csv
PRJ_MST_1661,Highway Project #661 (Maharashtra),Central Division,MAHARASHTRA,19.6119,73.754,176.03,1594.51,2112.75,5,2,36,100,0,APPROVED,APPROVED,86.18,datafile (1)-b data.gov.in.csv
PRJ_MST_1662,Freight Corridor Project #662 (Maharashtra),Central Division,MAHARASHTRA,18.2048,73.0879,36.01,240.36,343.44,7,4,32,83,0,APPROVED,REJECTED,95.0,datafile (1)-b data.gov.in.csv
PRJ_MST_1663,Power Grid Line Project #663 (Maharashtra),Central Division,MAHARASHTRA,19.4761,74.1633,73.9,544.03,804.47,3,3,5,97,0,REJECTED,PENDING,90.1,datafile (1)-b data.gov.in.csv
PRJ_MST_1664,Urban Transit Corridor Project #664 (Maharashtra),Central Division,MAHARASHTRA,18.4236,72.8879,58.26,516.84,685.32,4,2,18,37,0,PENDING,APPROVED,69.06,datafile (1)-b data.gov.in.csv
PRJ_MST_1665,Industrial Zone Project #665 (Maharashtra),Central Division,MAHARASHTRA,19.8453,73.1612,227.04,1692.93,2124.83,7,1,31,25,1,APPROVED,APPROVED,88.77,datafile (1)-b data.gov.in.csv
PRJ_MST_1666,Bulk Water Pipeline Project #666 (Maharashtra),Central Division,MAHARASHTRA,19.2797,72.887,302.54,2519.52,3938.81,4,5,26,81,0,APPROVED,APPROVED,78.53,datafile (1)-b data.gov.in.csv
PRJ_MST_1667,Highway Project #667 (Maharashtra),Central Division,MAHARASHTRA,18.1473,74.0802,234.53,2559.48,3468.19,1,3,0,91,0,REJECTED,APPROVED,59.35,datafile (1)-b data.gov.in.csv
PRJ_MST_1668,Freight Corridor Project #668 (Maharashtra),Central Division,MAHARASHTRA,19.1934,74.6253,346.94,2236.81,3607.7,7,3,32,118,0,PENDING,APPROVED,95.0,datafile (1)-b data.gov.in.csv
PRJ_MST_1669,Power Grid Line Project #669 (Maharashtra),Central Division,MAHARASHTRA,18.658,73.6631,175.22,2021.85,2882.82,6,2,31,50,1,APPROVED,APPROVED,90.64,datafile (1)-b data.gov.in.csv
PRJ_MST_1670,Urban Transit Corridor Project #670 (Maharashtra),Central Division,MAHARASHTRA,19.7999,74.4445,224.04,1646.55,2053.36,2,2,4,72,0,APPROVED,APPROVED,43.17,datafile (1)-b data.gov.in.csv
PRJ_MST_1671,Industrial Zone Project #671 (Andaman And Nicobar Islands),Central Division,ANDAMAN AND NICOBAR ISLANDS,18.7765,82.4965,278.66,3174.43,4739.34,5,0,16,95,0,PENDING,APPROVED,68.49,India_Statewise_Power_Infrastructure_Data_RBI kaggle.csv
PRJ_MST_1672,Bulk Water Pipeline Project #672 (Andhra Pradesh),Central Division,ANDHRA PRADESH,22.8447,77.0683,229.5,2049.32,2789.33,5,4,7,52,0,APPROVED,REJECTED,81.66,India_Statewise_Power_Infrastructure_Data_RBI kaggle.csv
PRJ_MST_1673,Highway Project #673 (Arunachal Pradesh),Central Division,ARUNACHAL PRADESH,23.2912,83.2662,102.18,1066.44,1394.77,5,2,33,55,0,APPROVED,APPROVED,79.28,India_Statewise_Power_Infrastructure_Data_RBI kaggle.csv
PRJ_MST_1674,Freight Corridor Project #674 (Assam),Central Division,ASSAM,25.9475,94.5171,270.17,2463.41,3723.11,4,2,8,58,0,APPROVED,PENDING,68.0,India_Statewise_Power_Infrastructure_Data_RBI kaggle.csv
PRJ_MST_1675,Power Grid Line Project #675 (Bihar),Central Division,BIHAR,24.7644,85.8142,123.32,1202.36,1589.14,1,1,22,69,0,APPROVED,APPROVED,48.01,India_Statewise_Power_Infrastructure_Data_RBI kaggle.csv
PRJ_MST_1676,Urban Transit Corridor Project #676 (Chandigarh),Central Division,CHANDIGARH,18.2487,75.3832,329.29,3105.47,4677.45,1,3,34,77,1,REJECTED,REJECTED,95.0,India_Statewise_Power_Infrastructure_Data_RBI kaggle.csv
PRJ_MST_1677,Industrial Zone Project #677 (Chhattisgarh),Central Division,CHHATTISGARH,24.27,76.4361,34.15,343.48,564.04,6,2,6,91,0,APPROVED,APPROVED,68.71,India_Statewise_Power_Infrastructure_Data_RBI kaggle.csv
PRJ_MST_1678,Bulk Water Pipeline Project #678 (Dadra And Nagar Haveli),Central Division,DADRA AND NAGAR HAVELI,25.7273,79.3796,165.49,1873.19,3028.28,3,4,14,57,0,APPROVED,APPROVED,64.71,India_Statewise_Power_Infrastructure_Data_RBI kaggle.csv
PRJ_MST_1679,Highway Project #679 (Daman And Diu),Central Division,DAMAN AND DIU,20.8831,75.8627,321.2,3109.03,4729.11,4,2,19,87,1,APPROVED,REJECTED,95.0,India_Statewise_Power_Infrastructure_Data_RBI kaggle.csv
PRJ_MST_1680,Freight Corridor Project #680 (Delhi),Central Division,DELHI,18.6269,84.3123,170.15,1359.12,1853.65,6,1,24,12,0,PENDING,REJECTED,95.0,India_Statewise_Power_Infrastructure_Data_RBI kaggle.csv
PRJ_MST_1681,Power Grid Line Project #681 (Goa),Central Division,GOA,22.4457,75.8532,187.62,1530.26,2286.38,6,4,2,42,1,APPROVED,PENDING,83.36,India_Statewise_Power_Infrastructure_Data_RBI kaggle.csv
PRJ_MST_1682,Urban Transit Corridor Project #682 (Gujarat),Central Division,GUJARAT,25.7558,82.8734,48.02,481.27,641.38,7,0,23,75,0,APPROVED,APPROVED,70.83,India_Statewise_Power_Infrastructure_Data_RBI kaggle.csv
PRJ_MST_1683,Industrial Zone Project #683 (Haryana),Central Division,HARYANA,22.1836,81.9789,160.7,1023.12,1584.92,4,0,33,50,0,REJECTED,APPROVED,94.73,India_Statewise_Power_Infrastructure_Data_RBI kaggle.csv
PRJ_MST_1684,Bulk Water Pipeline Project #684 (Himachal Pradesh),Central Division,HIMACHAL PRADESH,23.8897,78.5107,266.09,3106.97,4458.86,5,3,21,18,0,PENDING,PENDING,87.65,India_Statewise_Power_Infrastructure_Data_RBI kaggle.csv
PRJ_MST_1685,Highway Project #685 (Jammu And Kashmir),Central Division,JAMMU AND KASHMIR,23.2675,75.9815,306.14,2624.86,3189.79,6,0,10,20,0,APPROVED,REJECTED,71.91,India_Statewise_Power_Infrastructure_Data_RBI kaggle.csv
PRJ_MST_1686,Freight Corridor Project #686 (Jharkhand),Central Division,JHARKHAND,20.1684,84.8435,126.81,1061.71,1683.78,1,2,7,90,0,PENDING,PENDING,67.5,India_Statewise_Power_Infrastructure_Data_RBI kaggle.csv
PRJ_MST_1687,Power Grid Line Project #687 (Karnataka),Central Division,KARNATAKA,21.3172,78.9037,54.34,398.4,617.13,2,1,34,82,1,APPROVED,PENDING,84.08,India_Statewise_Power_Infrastructure_Data_RBI kaggle.csv
PRJ_MST_1688,Urban Transit Corridor Project #688 (Kerala),Central Division,KERALA,20.5802,78.1736,284.7,2579.19,4327.99,0,2,7,23,1,PENDING,APPROVED,58.13,India_Statewise_Power_Infrastructure_Data_RBI kaggle.csv
PRJ_MST_1689,Industrial Zone Project #689 (Lakshadweep),Central Division,LAKSHADWEEP,21.1449,83.7939,150.29,922.59,1367.58,1,4,36,25,0,APPROVED,PENDING,78.03,India_Statewise_Power_Infrastructure_Data_RBI kaggle.csv
PRJ_MST_1690,Bulk Water Pipeline Project #690 (Madhya Pradesh),Central Division,MADHYA PRADESH,20.0577,77.4317,227.16,2532.19,3475.7,0,3,26,44,0,REJECTED,APPROVED,75.75,India_Statewise_Power_Infrastructure_Data_RBI kaggle.csv
PRJ_MST_1691,Highway Project #691 (Maharashtra),Central Division,MAHARASHTRA,18.6606,72.9851,31.88,355.09,442.6,7,2,27,27,0,PENDING,APPROVED,90.05,India_Statewise_Power_Infrastructure_Data_RBI kaggle.csv
PRJ_MST_1692,Freight Corridor Project #692 (Manipur),Central Division,MANIPUR,25.5481,78.3311,118.97,810.97,1185.93,1,0,33,109,1,APPROVED,APPROVED,77.19,India_Statewise_Power_Infrastructure_Data_RBI kaggle.csv
PRJ_MST_1693,Power Grid Line Project #693 (Meghalaya),Central Division,MEGHALAYA,19.282,83.0799,35.73,246.71,311.26,0,3,31,119,0,PENDING,PENDING,83.37,India_Statewise_Power_Infrastructure_Data_RBI kaggle.csv
PRJ_MST_1694,Urban Transit Corridor Project #694 (Mizoram),Central Division,MIZORAM,18.513,76.5792,142.83,1617.63,2684.05,7,1,14,81,0,APPROVED,APPROVED,72.12,India_Statewise_Power_Infrastructure_Data_RBI kaggle.csv
PRJ_MST_1695,Industrial Zone Project #695 (Nagaland),Central Division,NAGALAND,22.5218,79.256,106.6,901.32,1200.29,5,5,16,107,0,PENDING,APPROVED,87.97,India_Statewise_Power_Infrastructure_Data_RBI kaggle.csv
PRJ_MST_1696,Bulk Water Pipeline Project #696 (Odisha),Central Division,ODISHA,22.6643,81.0064,346.87,2769.42,3560.27,1,5,32,99,0,PENDING,PENDING,95.0,India_Statewise_Power_Infrastructure_Data_RBI kaggle.csv
PRJ_MST_1697,Highway Project #697 (Puducherry),Central Division,PUDUCHERRY,18.1043,83.5304,150.4,955.37,1525.12,6,2,15,105,1,REJECTED,APPROVED,95.0,India_Statewise_Power_Infrastructure_Data_RBI kaggle.csv
PRJ_MST_1698,Freight Corridor Project #698 (Punjab),Central Division,PUNJAB,21.8966,84.0038,121.49,773.1,1041.07,1,5,28,28,0,PENDING,PENDING,79.19,India_Statewise_Power_Infrastructure_Data_RBI kaggle.csv
PRJ_MST_1699,Power Grid Line Project #699 (Rajasthan),Central Division,RAJASTHAN,23.3028,78.7179,92.96,573.59,935.73,7,0,8,16,0,PENDING,APPROVED,70.37,India_Statewise_Power_Infrastructure_Data_RBI kaggle.csv
PRJ_MST_1700,Urban Transit Corridor Project #700 (Sikkim),Central Division,SIKKIM,25.1825,82.7495,183.03,1837.27,2454.67,3,2,32,67,0,PENDING,APPROVED,83.49,India_Statewise_Power_Infrastructure_Data_RBI kaggle.csv
PRJ_MST_1701,Industrial Zone Project #701 (Tamil Nadu),Central Division,TAMIL NADU,11.0121,78.7129,39.1,323.05,488.55,1,3,28,43,0,APPROVED,PENDING,73.45,India_Statewise_Power_Infrastructure_Data_RBI kaggle.csv
PRJ_MST_1702,Bulk Water Pipeline Project #702 (Telangana),Central Division,TELANGANA,25.9171,75.6611,115.6,1028.63,1400.32,2,1,12,108,0,PENDING,APPROVED,64.17,India_Statewise_Power_Infrastructure_Data_RBI kaggle.csv
PRJ_MST_1703,Highway Project #703 (Tripura),Central Division,TRIPURA,22.0693,84.9094,97.53,643.19,975.67,4,1,20,60,0,PENDING,APPROVED,70.68,India_Statewise_Power_Infrastructure_Data_RBI kaggle.csv
PRJ_MST_1704,Freight Corridor Project #704 (Uttar Pradesh),Central Division,UTTAR PRADESH,28.2655,79.0574,337.93,2420.34,3340.6,1,3,20,92,0,PENDING,APPROVED,68.42,India_Statewise_Power_Infrastructure_Data_RBI kaggle.csv
PRJ_MST_1705,Power Grid Line Project #705 (Uttarakhand),Central Division,UTTARAKHAND,20.5958,75.8434,223.17,1534.67,2513.15,1,2,4,67,0,APPROVED,APPROVED,43.51,India_Statewise_Power_Infrastructure_Data_RBI kaggle.csv
PRJ_MST_1706,Urban Transit Corridor Project #706 (West Bengal),Central Division,WEST BENGAL,22.0866,76.547,304.65,2716.42,4530.0,5,7,9,73,0,APPROVED,REJECTED,95.0,India_Statewise_Power_Infrastructure_Data_RBI kaggle.csv
PRJ_MST_1707,Industrial Zone Project #707 (Andaman And Nicobar Islands),Central Division,ANDAMAN AND NICOBAR ISLANDS,23.2043,84.8274,49.73,444.54,701.04,5,0,5,24,0,PENDING,APPROVED,62.07,India_Statewise_Power_Infrastructure_Data_RBI kaggle.csv
PRJ_MST_1708,Bulk Water Pipeline Project #708 (Andhra Pradesh),Central Division,ANDHRA PRADESH,18.7208,82.4781,69.17,576.12,938.03,4,2,12,94,1,PENDING,PENDING,95.0,India_Statewise_Power_Infrastructure_Data_RBI kaggle.csv
PRJ_MST_1709,Highway Project #709 (Arunachal Pradesh),Central Division,ARUNACHAL PRADESH,25.9258,79.1612,241.95,1653.56,2468.99,1,5,0,66,0,PENDING,APPROVED,58.94,India_Statewise_Power_Infrastructure_Data_RBI kaggle.csv
PRJ_MST_1710,Freight Corridor Project #710 (Assam),Central Division,ASSAM,27.01,93.141,343.07,2325.2,3527.34,0,1,19,110,0,APPROVED,PENDING,58.99,India_Statewise_Power_Infrastructure_Data_RBI kaggle.csv
PRJ_MST_1711,Power Grid Line Project #711 (Bihar),Central Division,BIHAR,26.5338,84.5239,27.66,205.26,277.88,5,1,7,1,0,APPROVED,PENDING,59.17,India_Statewise_Power_Infrastructure_Data_RBI kaggle.csv
PRJ_MST_1712,Urban Transit Corridor Project #712 (Chandigarh),Central Division,CHANDIGARH,23.6033,75.2534,319.55,2339.43,3189.56,1,2,9,88,0,PENDING,PENDING,68.96,India_Statewise_Power_Infrastructure_Data_RBI kaggle.csv
PRJ_MST_1713,Industrial Zone Project #713 (Chhattisgarh),Central Division,CHHATTISGARH,20.3053,78.4042,39.16,437.88,544.82,0,3,8,48,0,APPROVED,APPROVED,40.22,India_Statewise_Power_Infrastructure_Data_RBI kaggle.csv
PRJ_MST_1714,Bulk Water Pipeline Project #714 (Dadra And Nagar Haveli),Central Division,DADRA AND NAGAR HAVELI,23.2222,83.1476,269.37,2496.6,4204.55,2,2,2,69,1,PENDING,APPROVED,70.31,India_Statewise_Power_Infrastructure_Data_RBI kaggle.csv
PRJ_MST_1715,Highway Project #715 (Daman And Diu),Central Division,DAMAN AND DIU,19.9131,84.6512,41.32,487.92,821.53,2,1,10,25,0,APPROVED,APPROVED,46.25,India_Statewise_Power_Infrastructure_Data_RBI kaggle.csv
PRJ_MST_1716,Freight Corridor Project #716 (Delhi),Central Division,DELHI,20.9321,75.3488,104.39,912.58,1548.16,3,4,11,71,0,APPROVED,REJECTED,77.2,India_Statewise_Power_Infrastructure_Data_RBI kaggle.csv
PRJ_MST_1717,Power Grid Line Project #717 (Goa),Central Division,GOA,21.3778,76.2766,75.97,783.47,1170.03,5,6,9,98,1,APPROVED,PENDING,95.0,India_Statewise_Power_Infrastructure_Data_RBI kaggle.csv
PRJ_MST_1718,Urban Transit Corridor Project #718 (Gujarat),Central Division,GUJARAT,22.9325,83.519,84.39,785.51,999.39,6,0,24,26,0,PENDING,REJECTED,93.34,India_Statewise_Power_Infrastructure_Data_RBI kaggle.csv
PRJ_MST_1719,Industrial Zone Project #719 (Haryana),Central Division,HARYANA,25.9187,83.9922,55.16,338.86,544.2,1,2,24,88,1,APPROVED,APPROVED,71.43,India_Statewise_Power_Infrastructure_Data_RBI kaggle.csv
PRJ_MST_1720,Bulk Water Pipeline Project #720 (Himachal Pradesh),Central Division,HIMACHAL PRADESH,23.5617,81.2527,191.86,1708.17,2198.27,6,2,10,17,0,APPROVED,PENDING,65.72,India_Statewise_Power_Infrastructure_Data_RBI kaggle.csv
PRJ_MST_1721,Highway Project #721 (Jammu And Kashmir),Central Division,JAMMU AND KASHMIR,23.8679,82.6103,22.06,262.61,319.13,2,2,35,53,1,APPROVED,REJECTED,95.0,India_Statewise_Power_Infrastructure_Data_RBI kaggle.csv
PRJ_MST_1722,Freight Corridor Project #722 (Jharkhand),Central Division,JHARKHAND,24.29,84.1868,280.9,1941.33,2576.19,7,2,25,0,1,PENDING,APPROVED,92.37,India_Statewise_Power_Infrastructure_Data_RBI kaggle.csv
PRJ_MST_1723,Power Grid Line Project #723 (Karnataka),Central Division,KARNATAKA,24.557,80.7324,65.77,677.12,1080.91,0,2,13,60,1,PENDING,APPROVED,69.51,India_Statewise_Power_Infrastructure_Data_RBI kaggle.csv
PRJ_MST_1724,Urban Transit Corridor Project #724 (Kerala),Central Division,KERALA,19.6543,77.3124,55.36,372.28,480.56,7,2,0,111,1,PENDING,PENDING,95.0,India_Statewise_Power_Infrastructure_Data_RBI kaggle.csv
PRJ_MST_1725,Industrial Zone Project #725 (Lakshadweep),Central Division,LAKSHADWEEP,24.2505,83.6114,161.77,970.71,1341.66,7,5,3,102,1,APPROVED,PENDING,95.0,India_Statewise_Power_Infrastructure_Data_RBI kaggle.csv
PRJ_MST_1726,Bulk Water Pipeline Project #726 (Madhya Pradesh),Central Division,MADHYA PRADESH,20.1739,79.1772,92.26,663.2,983.16,6,1,29,2,0,APPROVED,PENDING,80.99,India_Statewise_Power_Infrastructure_Data_RBI kaggle.csv
PRJ_MST_1727,Highway Project #727 (Maharashtra),Central Division,MAHARASHTRA,20.0335,73.3843,295.83,2611.32,3868.58,2,0,11,118,0,APPROVED,APPROVED,50.18,India_Statewise_Power_Infrastructure_Data_RBI kaggle.csv
PRJ_MST_1728,Freight Corridor Project #728 (Manipur),Central Division,MANIPUR,21.8409,83.5815,21.94,165.84,203.95,0,2,34,67,0,REJECTED,PENDING,92.06,India_Statewise_Power_Infrastructure_Data_RBI kaggle.csv
PRJ_MST_1729,Power Grid Line Project #729 (Meghalaya),Central Division,MEGHALAYA,23.9701,81.7737,68.95,675.73,1138.09,3,3,12,40,0,APPROVED,APPROVED,56.55,India_Statewise_Power_Infrastructure_Data_RBI kaggle.csv
PRJ_MST_1730,Urban Transit Corridor Project #730 (Mizoram),Central Division,MIZORAM,20.8347,81.8249,250.45,2602.09,3674.31,2,4,30,36,1,APPROVED,APPROVED,79.79,India_Statewise_Power_Infrastructure_Data_RBI kaggle.csv
PRJ_MST_1731,Industrial Zone Project #731 (Nagaland),Central Division,NAGALAND,19.8195,81.9352,68.71,777.65,1233.76,4,2,22,50,0,REJECTED,APPROVED,91.07,India_Statewise_Power_Infrastructure_Data_RBI kaggle.csv
PRJ_MST_1732,Bulk Water Pipeline Project #732 (Odisha),Central Division,ODISHA,23.5963,78.3501,307.36,3207.84,4094.87,4,1,3,14,1,PENDING,PENDING,74.98,India_Statewise_Power_Infrastructure_Data_RBI kaggle.csv
PRJ_MST_1733,Highway Project #733 (Puducherry),Central Division,PUDUCHERRY,23.457,84.7794,189.62,2188.78,3316.64,5,3,15,7,1,APPROVED,PENDING,87.07,India_Statewise_Power_Infrastructure_Data_RBI kaggle.csv
PRJ_MST_1734,Freight Corridor Project #734 (Punjab),Central Division,PUNJAB,22.7693,84.076,160.18,1894.58,2526.34,3,4,6,37,0,APPROVED,PENDING,56.64,India_Statewise_Power_Infrastructure_Data_RBI kaggle.csv
PRJ_MST_1735,Power Grid Line Project #735 (Rajasthan),Central Division,RAJASTHAN,24.7582,82.6224,26.26,275.32,436.25,3,3,21,113,0,APPROVED,APPROVED,74.58,India_Statewise_Power_Infrastructure_Data_RBI kaggle.csv
PRJ_MST_1736,Urban Transit Corridor Project #736 (Sikkim),Central Division,SIKKIM,25.238,79.2072,183.13,2099.53,3433.48,1,1,28,82,0,PENDING,REJECTED,85.53,India_Statewise_Power_Infrastructure_Data_RBI kaggle.csv
PRJ_MST_1737,Industrial Zone Project #737 (Tamil Nadu),Central Division,TAMIL NADU,12.1545,78.0587,332.39,3492.43,5009.4,3,2,10,55,0,APPROVED,APPROVED,55.57,India_Statewise_Power_Infrastructure_Data_RBI kaggle.csv
PRJ_MST_1738,Bulk Water Pipeline Project #738 (Telangana),Central Division,TELANGANA,25.3404,76.2825,134.12,806.33,998.71,2,4,32,46,0,APPROVED,PENDING,73.06,India_Statewise_Power_Infrastructure_Data_RBI kaggle.csv
PRJ_MST_1739,Highway Project #739 (Tripura),Central Division,TRIPURA,25.2846,82.6503,154.42,1049.06,1632.59,6,1,28,89,1,APPROVED,APPROVED,95.0,India_Statewise_Power_Infrastructure_Data_RBI kaggle.csv
PRJ_MST_1740,Freight Corridor Project #740 (Uttar Pradesh),Central Division,UTTAR PRADESH,25.5278,81.9441,293.55,3295.93,4855.33,5,3,11,102,1,APPROVED,APPROVED,80.92,India_Statewise_Power_Infrastructure_Data_RBI kaggle.csv
PRJ_MST_1741,Power Grid Line Project #741 (Uttarakhand),Central Division,UTTARAKHAND,21.6453,84.2598,255.63,1580.05,2219.42,5,2,6,9,0,PENDING,APPROVED,61.28,India_Statewise_Power_Infrastructure_Data_RBI kaggle.csv
PRJ_MST_1742,Urban Transit Corridor Project #742 (West Bengal),Central Division,WEST BENGAL,22.6481,78.1652,180.57,1795.51,2325.87,7,4,25,101,0,APPROVED,APPROVED,93.27,India_Statewise_Power_Infrastructure_Data_RBI kaggle.csv
PRJ_MST_1743,Industrial Zone Project #743 (Andaman And Nicobar Islands),Central Division,ANDAMAN AND NICOBAR ISLANDS,21.8636,79.3621,96.81,850.89,1114.88,1,1,8,77,0,PENDING,PENDING,59.51,India_Statewise_Power_Infrastructure_Data_RBI kaggle.csv
PRJ_MST_1744,Bulk Water Pipeline Project #744 (Andhra Pradesh),Central Division,ANDHRA PRADESH,22.6119,83.0362,241.76,2066.76,2862.77,3,3,33,48,0,PENDING,PENDING,92.41,India_Statewise_Power_Infrastructure_Data_RBI kaggle.csv
PRJ_MST_1745,Highway Project #745 (Arunachal Pradesh),Central Division,ARUNACHAL PRADESH,20.1313,79.3611,210.96,2033.42,2894.2,7,1,12,40,0,REJECTED,APPROVED,94.21,India_Statewise_Power_Infrastructure_Data_RBI kaggle.csv
PRJ_MST_1746,Freight Corridor Project #746 (Assam),Central Division,ASSAM,25.5474,89.9014,167.97,1707.44,2741.05,2,2,35,82,0,PENDING,REJECTED,95.0,India_Statewise_Power_Infrastructure_Data_RBI kaggle.csv
PRJ_MST_1747,Power Grid Line Project #747 (Bihar),Central Division,BIHAR,26.3845,84.7188,210.25,1306.69,1771.18,1,1,24,29,0,APPROVED,APPROVED,44.56,India_Statewise_Power_Infrastructure_Data_RBI kaggle.csv
PRJ_MST_1748,Urban Transit Corridor Project #748 (Chandigarh),Central Division,CHANDIGARH,25.9263,79.0964,122.66,871.76,1231.76,4,3,23,4,0,REJECTED,PENDING,94.63,India_Statewise_Power_Infrastructure_Data_RBI kaggle.csv
PRJ_MST_1749,Industrial Zone Project #749 (Chhattisgarh),Central Division,CHHATTISGARH,20.8771,78.0501,235.18,1953.3,3266.16,7,6,16,118,1,APPROVED,REJECTED,95.0,India_Statewise_Power_Infrastructure_Data_RBI kaggle.csv
PRJ_MST_1750,Bulk Water Pipeline Project #750 (Dadra And Nagar Haveli),Central Division,DADRA AND NAGAR HAVELI,22.7474,84.0214,50.01,434.59,601.59,0,4,1,94,0,PENDING,PENDING,62.94,India_Statewise_Power_Infrastructure_Data_RBI kaggle.csv
PRJ_MST_1751,Highway Project #751 (Daman And Diu),Central Division,DAMAN AND DIU,19.338,83.0783,141.19,1251.05,2013.9,7,3,12,70,0,APPROVED,APPROVED,75.17,India_Statewise_Power_Infrastructure_Data_RBI kaggle.csv
PRJ_MST_1752,Freight Corridor Project #752 (Delhi),Central Division,DELHI,21.8425,76.4931,208.82,1909.93,3155.59,1,4,30,82,0,PENDING,REJECTED,95.0,India_Statewise_Power_Infrastructure_Data_RBI kaggle.csv
PRJ_MST_1753,Power Grid Line Project #753 (Goa),Central Division,GOA,21.0572,81.265,287.54,3171.65,4982.52,5,4,28,30,0,APPROVED,PENDING,83.93,India_Statewise_Power_Infrastructure_Data_RBI kaggle.csv
PRJ_MST_1754,Urban Transit Corridor Project #754 (Gujarat),Central Division,GUJARAT,21.2098,77.8422,173.97,1104.33,1493.18,5,2,27,51,0,PENDING,APPROVED,82.82,India_Statewise_Power_Infrastructure_Data_RBI kaggle.csv
PRJ_MST_1755,Industrial Zone Project #755 (Haryana),Central Division,HARYANA,20.9431,75.5172,226.02,2647.78,4474.97,7,0,26,102,0,APPROVED,APPROVED,83.65,India_Statewise_Power_Infrastructure_Data_RBI kaggle.csv
PRJ_MST_1756,Bulk Water Pipeline Project #756 (Himachal Pradesh),Central Division,HIMACHAL PRADESH,22.9023,80.5149,204.03,1977.53,2482.51,2,1,14,87,0,PENDING,PENDING,69.67,India_Statewise_Power_Infrastructure_Data_RBI kaggle.csv
PRJ_MST_1757,Highway Project #757 (Jammu And Kashmir),Central Division,JAMMU AND KASHMIR,18.055,80.0038,129.64,1313.9,1603.44,5,5,30,97,0,REJECTED,PENDING,95.0,India_Statewise_Power_Infrastructure_Data_RBI kaggle.csv
PRJ_MST_1758,Freight Corridor Project #758 (Jharkhand),Central Division,JHARKHAND,24.3855,78.4854,65.28,712.02,957.52,6,4,14,22,0,PENDING,PENDING,87.48,India_Statewise_Power_Infrastructure_Data_RBI kaggle.csv
PRJ_MST_1759,Power Grid Line Project #759 (Karnataka),Central Division,KARNATAKA,22.3338,84.4126,318.37,2930.42,4205.53,5,1,32,47,0,APPROVED,REJECTED,92.86,India_Statewise_Power_Infrastructure_Data_RBI kaggle.csv
PRJ_MST_1760,Urban Transit Corridor Project #760 (Kerala),Central Division,KERALA,22.4789,77.8484,95.49,1107.08,1379.12,4,3,19,108,0,PENDING,PENDING,90.33,India_Statewise_Power_Infrastructure_Data_RBI kaggle.csv
PRJ_MST_1761,Industrial Zone Project #761 (Lakshadweep),Central Division,LAKSHADWEEP,24.4396,79.7155,90.09,639.65,960.52,0,3,11,39,0,PENDING,APPROVED,51.43,India_Statewise_Power_Infrastructure_Data_RBI kaggle.csv
PRJ_MST_1762,Bulk Water Pipeline Project #762 (Madhya Pradesh),Central Division,MADHYA PRADESH,19.3332,81.2162,78.67,884.49,1328.13,5,2,36,5,1,APPROVED,APPROVED,88.71,India_Statewise_Power_Infrastructure_Data_RBI kaggle.csv
PRJ_MST_1763,Highway Project #763 (Maharashtra),Central Division,MAHARASHTRA,18.7168,74.777,236.24,2312.71,3109.31,4,1,8,37,1,PENDING,APPROVED,69.75,India_Statewise_Power_Infrastructure_Data_RBI kaggle.csv
PRJ_MST_1764,Freight Corridor Project #764 (Manipur),Central Division,MANIPUR,25.0598,77.3093,36.84,279.36,431.78,6,3,22,40,0,PENDING,PENDING,95.0,India_Statewise_Power_Infrastructure_Data_RBI kaggle.csv
PRJ_MST_1765,Power Grid Line Project #765 (Meghalaya),Central Division,MEGHALAYA,19.2474,82.6195,50.19,332.73,418.83,3,1,7,99,0,APPROVED,APPROVED,50.28,India_Statewise_Power_Infrastructure_Data_RBI kaggle.csv
PRJ_MST_1766,Urban Transit Corridor Project #766 (Mizoram),Central Division,MIZORAM,20.2471,81.4296,251.61,2370.62,3471.14,6,0,31,26,0,APPROVED,PENDING,79.28,India_Statewise_Power_Infrastructure_Data_RBI kaggle.csv
PRJ_MST_1767,Industrial Zone Project #767 (Nagaland),Central Division,NAGALAND,22.3756,79.7123,259.26,2328.4,2868.58,4,2,13,74,1,PENDING,PENDING,93.33,India_Statewise_Power_Infrastructure_Data_RBI kaggle.csv
PRJ_MST_1768,Bulk Water Pipeline Project #768 (Odisha),Central Division,ODISHA,21.8189,82.1208,190.18,2048.61,2682.59,7,1,26,68,0,PENDING,REJECTED,95.0,India_Statewise_Power_Infrastructure_Data_RBI kaggle.csv
PRJ_MST_1769,Highway Project #769 (Puducherry),Central Division,PUDUCHERRY,25.7489,80.1627,237.49,2113.25,3184.25,5,3,24,56,0,APPROVED,APPROVED,75.94,India_Statewise_Power_Infrastructure_Data_RBI kaggle.csv
PRJ_MST_1770,Freight Corridor Project #770 (Punjab),Central Division,PUNJAB,18.7157,77.5967,122.47,972.33,1396.21,6,3,12,16,0,APPROVED,PENDING,73.91,India_Statewise_Power_Infrastructure_Data_RBI kaggle.csv
PRJ_MST_1771,Power Grid Line Project #771 (Rajasthan),Central Division,RAJASTHAN,21.7754,77.633,46.0,383.42,583.73,7,0,20,115,0,APPROVED,APPROVED,75.06,India_Statewise_Power_Infrastructure_Data_RBI kaggle.csv
PRJ_MST_1772,Urban Transit Corridor Project #772 (Sikkim),Central Division,SIKKIM,24.8148,79.3221,255.9,3049.28,4927.32,4,2,30,70,0,APPROVED,PENDING,84.73,India_Statewise_Power_Infrastructure_Data_RBI kaggle.csv
PRJ_MST_1773,Industrial Zone Project #773 (Tamil Nadu),Central Division,TAMIL NADU,11.9546,79.9901,258.75,1895.3,3034.1,1,1,36,90,0,APPROVED,APPROVED,68.97,India_Statewise_Power_Infrastructure_Data_RBI kaggle.csv
PRJ_MST_1774,Bulk Water Pipeline Project #774 (Telangana),Central Division,TELANGANA,25.0044,75.8366,27.65,321.78,422.1,2,2,4,46,0,APPROVED,APPROVED,38.47,India_Statewise_Power_Infrastructure_Data_RBI kaggle.csv
PRJ_MST_1775,Highway Project #775 (Tripura),Central Division,TRIPURA,23.3591,79.0418,60.57,703.73,1053.24,6,4,12,78,1,APPROVED,PENDING,92.34,India_Statewise_Power_Infrastructure_Data_RBI kaggle.csv
PRJ_MST_1776,Freight Corridor Project #776 (Uttar Pradesh),Central Division,UTTAR PRADESH,27.2301,78.0722,168.12,1275.11,1720.44,2,3,27,109,0,PENDING,APPROVED,79.85,India_Statewise_Power_Infrastructure_Data_RBI kaggle.csv
PRJ_MST_1777,Power Grid Line Project #777 (Uttarakhand),Central Division,UTTARAKHAND,18.7356,83.9788,125.23,888.21,1454.21,5,1,24,12,0,PENDING,APPROVED,76.89,India_Statewise_Power_Infrastructure_Data_RBI kaggle.csv
PRJ_MST_1778,Urban Transit Corridor Project #778 (West Bengal),Central Division,WEST BENGAL,19.3263,81.1479,180.52,1230.51,1570.5,7,3,34,10,0,APPROVED,PENDING,93.51,India_Statewise_Power_Infrastructure_Data_RBI kaggle.csv
PRJ_MST_1779,Industrial Zone Project #779 (Andaman And Nicobar Islands),Central Division,ANDAMAN AND NICOBAR ISLANDS,25.1733,78.5526,22.51,254.92,415.85,2,3,6,108,0,APPROVED,PENDING,63.24,India_Statewise_Power_Infrastructure_Data_RBI kaggle.csv
PRJ_MST_1780,Bulk Water Pipeline Project #780 (Andhra Pradesh),Central Division,ANDHRA PRADESH,23.8403,83.6256,158.31,1300.48,1725.63,3,3,31,89,0,APPROVED,PENDING,83.88,India_Statewise_Power_Infrastructure_Data_RBI kaggle.csv
PRJ_MST_1781,Highway Project #781 (Arunachal Pradesh),Central Division,ARUNACHAL PRADESH,20.9667,81.7078,161.93,1430.87,1868.23,6,2,2,85,1,PENDING,PENDING,95.0,India_Statewise_Power_Infrastructure_Data_RBI kaggle.csv
PRJ_MST_1782,Freight Corridor Project #782 (Assam),Central Division,ASSAM,27.1077,92.029,279.9,2030.53,2835.78,5,2,36,91,0,PENDING,PENDING,95.0,India_Statewise_Power_Infrastructure_Data_RBI kaggle.csv
PRJ_MST_1783,Power Grid Line Project #783 (Bihar),Central Division,BIHAR,24.9919,86.901,99.15,1119.23,1685.36,6,2,21,23,1,APPROVED,APPROVED,82.54,India_Statewise_Power_Infrastructure_Data_RBI kaggle.csv
PRJ_MST_1784,Urban Transit Corridor Project #784 (Chandigarh),Central Division,CHANDIGARH,19.5972,80.739,88.29,875.77,1174.42,4,3,7,92,0,APPROVED,APPROVED,56.43,India_Statewise_Power_Infrastructure_Data_RBI kaggle.csv
PRJ_MST_1785,Industrial Zone Project #785 (Chhattisgarh),Central Division,CHHATTISGARH,18.8201,77.4714,47.56,540.08,774.88,7,1,16,72,0,APPROVED,APPROVED,70.39,India_Statewise_Power_Infrastructure_Data_RBI kaggle.csv
PRJ_MST_1786,Bulk Water Pipeline Project #786 (Dadra And Nagar Haveli),Central Division,DADRA AND NAGAR HAVELI,23.4451,78.1485,24.33,269.92,434.19,2,3,26,105,1,PENDING,REJECTED,95.0,India_Statewise_Power_Infrastructure_Data_RBI kaggle.csv
PRJ_MST_1787,Highway Project #787 (Daman And Diu),Central Division,DAMAN AND DIU,25.1935,83.6793,239.33,1455.81,2072.3,5,0,32,3,0,REJECTED,PENDING,95.0,India_Statewise_Power_Infrastructure_Data_RBI kaggle.csv
PRJ_MST_1788,Freight Corridor Project #788 (Delhi),Central Division,DELHI,25.3942,76.7122,130.99,937.24,1269.22,2,2,16,112,0,PENDING,APPROVED,67.09,India_Statewise_Power_Infrastructure_Data_RBI kaggle.csv
PRJ_MST_1789,Power Grid Line Project #789 (Goa),Central Division,GOA,18.411,78.2094,331.09,3629.88,5769.64,4,4,11,45,0,APPROVED,APPROVED,67.56,India_Statewise_Power_Infrastructure_Data_RBI kaggle.csv
PRJ_MST_1790,Urban Transit Corridor Project #790 (Gujarat),Central Division,GUJARAT,21.2143,83.9469,216.38,2255.75,3580.99,1,2,26,119,0,PENDING,REJECTED,95.0,India_Statewise_Power_Infrastructure_Data_RBI kaggle.csv
PRJ_MST_1791,Industrial Zone Project #791 (Haryana),Central Division,HARYANA,21.4974,83.8736,136.1,1612.15,2211.88,2,5,7,17,0,APPROVED,APPROVED,48.65,India_Statewise_Power_Infrastructure_Data_RBI kaggle.csv
PRJ_MST_1792,Bulk Water Pipeline Project #792 (Himachal Pradesh),Central Division,HIMACHAL PRADESH,21.2742,77.886,278.63,1751.16,2856.94,3,3,22,42,0,PENDING,PENDING,82.96,India_Statewise_Power_Infrastructure_Data_RBI kaggle.csv
PRJ_MST_1793,Highway Project #793 (Jammu And Kashmir),Central Division,JAMMU AND KASHMIR,21.7051,84.7534,299.78,2058.26,3323.7,3,0,28,79,0,APPROVED,PENDING,76.83,India_Statewise_Power_Infrastructure_Data_RBI kaggle.csv
PRJ_MST_1794,Freight Corridor Project #794 (Jharkhand),Central Division,JHARKHAND,23.4691,84.7521,61.61,521.91,817.25,5,5,19,32,0,APPROVED,PENDING,81.98,India_Statewise_Power_Infrastructure_Data_RBI kaggle.csv
PRJ_MST_1795,Power Grid Line Project #795 (Karnataka),Central Division,KARNATAKA,22.651,81.0265,299.69,2169.23,2856.87,6,3,15,92,0,APPROVED,APPROVED,75.62,India_Statewise_Power_Infrastructure_Data_RBI kaggle.csv
PRJ_MST_1796,Urban Transit Corridor Project #796 (Kerala),Central Division,KERALA,22.3693,82.7623,77.86,630.74,994.81,4,3,16,102,1,PENDING,REJECTED,95.0,India_Statewise_Power_Infrastructure_Data_RBI kaggle.csv
PRJ_MST_1797,Industrial Zone Project #797 (Lakshadweep),Central Division,LAKSHADWEEP,18.5097,79.5831,342.98,3728.96,6204.99,5,4,15,9,1,REJECTED,REJECTED,95.0,India_Statewise_Power_Infrastructure_Data_RBI kaggle.csv
PRJ_MST_1798,Bulk Water Pipeline Project #798 (Madhya Pradesh),Central Division,MADHYA PRADESH,22.665,83.9204,67.45,765.93,1073.17,3,3,18,72,0,PENDING,PENDING,82.21,India_Statewise_Power_Infrastructure_Data_RBI kaggle.csv
PRJ_MST_1799,Highway Project #799 (Maharashtra),Central Division,MAHARASHTRA,19.6331,75.262,57.03,434.7,696.78,2,1,7,58,1,APPROVED,PENDING,72.44,India_Statewise_Power_Infrastructure_Data_RBI kaggle.csv
PRJ_MST_1800,Freight Corridor Project #800 (Manipur),Central Division,MANIPUR,24.5258,76.4195,209.26,1414.4,2005.36,2,3,28,30,0,PENDING,REJECTED,92.44,India_Statewise_Power_Infrastructure_Data_RBI kaggle.csv
PRJ_MST_1801,Power Grid Line Project #801 (Meghalaya),Central Division,MEGHALAYA,18.8729,81.278,349.34,4013.75,6497.69,5,3,35,27,1,PENDING,PENDING,95.0,India_Statewise_Power_Infrastructure_Data_RBI kaggle.csv
PRJ_MST_1802,Urban Transit Corridor Project #802 (Mizoram),Central Division,MIZORAM,23.5208,79.8285,20.41,197.98,288.0,3,3,25,59,0,APPROVED,APPROVED,65.91,India_Statewise_Power_Infrastructure_Data_RBI kaggle.csv
PRJ_MST_1803,Industrial Zone Project #803 (Nagaland),Central Division,NAGALAND,19.4681,78.6175,46.04,498.69,807.04,0,3,30,2,0,APPROVED,PENDING,61.18,India_Statewise_Power_Infrastructure_Data_RBI kaggle.csv
PRJ_MST_1804,Bulk Water Pipeline Project #804 (Odisha),Central Division,ODISHA,24.7615,83.2506,20.89,152.31,228.26,6,3,11,117,1,PENDING,PENDING,95.0,India_Statewise_Power_Infrastructure_Data_RBI kaggle.csv
PRJ_MST_1805,Highway Project #805 (Puducherry),Central Division,PUDUCHERRY,21.3041,77.9188,43.44,311.08,493.97,1,3,16,54,0,APPROVED,APPROVED,55.89,India_Statewise_Power_Infrastructure_Data_RBI kaggle.csv
PRJ_MST_1806,Freight Corridor Project #806 (Punjab),Central Division,PUNJAB,21.7044,83.8687,131.8,1416.03,1900.02,1,3,14,13,0,APPROVED,PENDING,54.58,India_Statewise_Power_Infrastructure_Data_RBI kaggle.csv
PRJ_MST_1807,Power Grid Line Project #807 (Rajasthan),Central Division,RAJASTHAN,18.7659,77.494,124.61,1420.09,2194.84,0,1,8,57,1,PENDING,REJECTED,75.62,India_Statewise_Power_Infrastructure_Data_RBI kaggle.csv
PRJ_MST_1808,Urban Transit Corridor Project #808 (Sikkim),Central Division,SIKKIM,22.8068,76.8686,194.0,2158.2,2871.78,5,1,11,88,1,APPROVED,REJECTED,94.21,India_Statewise_Power_Infrastructure_Data_RBI kaggle.csv
PRJ_MST_1809,Industrial Zone Project #809 (Tamil Nadu),Central Division,TAMIL NADU,11.5156,79.2695,119.54,1129.65,1912.06,4,4,31,14,1,PENDING,APPROVED,95.0,India_Statewise_Power_Infrastructure_Data_RBI kaggle.csv
PRJ_MST_1810,Bulk Water Pipeline Project #810 (Telangana),Central Division,TELANGANA,24.8541,80.9235,254.25,2049.88,3061.42,1,1,24,1,0,APPROVED,APPROVED,51.45,India_Statewise_Power_Infrastructure_Data_RBI kaggle.csv
PRJ_MST_1811,Highway Project #811 (Tripura),Central Division,TRIPURA,23.42,82.3029,99.4,865.31,1350.3,2,0,17,23,0,APPROVED,REJECTED,61.31,India_Statewise_Power_Infrastructure_Data_RBI kaggle.csv
PRJ_MST_1812,Freight Corridor Project #812 (Uttar Pradesh),Central Division,UTTAR PRADESH,27.0096,79.6081,69.92,624.3,892.77,7,1,14,77,0,APPROVED,PENDING,83.67,India_Statewise_Power_Infrastructure_Data_RBI kaggle.csv
PRJ_MST_1813,Power Grid Line Project #813 (Uttarakhand),Central Division,UTTARAKHAND,19.2059,79.9647,349.54,2813.34,3811.74,2,3,31,63,0,REJECTED,APPROVED,90.58,India_Statewise_Power_Infrastructure_Data_RBI kaggle.csv
PRJ_MST_1814,Urban Transit Corridor Project #814 (West Bengal),Central Division,WEST BENGAL,23.845,83.6039,309.33,2191.01,2791.15,4,3,5,111,0,PENDING,REJECTED,92.0,India_Statewise_Power_Infrastructure_Data_RBI kaggle.csv
PRJ_MST_1815,Industrial Zone Project #815 (Andaman And Nicobar Islands),Central Division,ANDAMAN AND NICOBAR ISLANDS,24.7835,84.0662,45.37,518.01,850.91,2,4,34,70,0,PENDING,REJECTED,95.0,India_Statewise_Power_Infrastructure_Data_RBI kaggle.csv
PRJ_MST_1816,Bulk Water Pipeline Project #816 (Andhra Pradesh),Central Division,ANDHRA PRADESH,24.0744,83.7667,113.88,737.37,1052.12,2,1,33,99,0,APPROVED,PENDING,78.36,India_Statewise_Power_Infrastructure_Data_RBI kaggle.csv
PRJ_MST_1817,Highway Project #817 (Arunachal Pradesh),Central Division,ARUNACHAL PRADESH,24.2329,81.2252,58.36,460.77,696.37,2,3,4,113,0,REJECTED,PENDING,87.0,India_Statewise_Power_Infrastructure_Data_RBI kaggle.csv
PRJ_MST_1818,Freight Corridor Project #818 (Assam),Central Division,ASSAM,26.4632,92.0997,290.99,2763.29,3927.22,4,3,17,23,1,APPROVED,APPROVED,75.11,India_Statewise_Power_Infrastructure_Data_RBI kaggle.csv
PRJ_MST_1819,Power Grid Line Project #819 (Bihar),Central Division,BIHAR,25.8306,85.0616,54.33,397.12,516.82,6,6,15,26,1,PENDING,APPROVED,95.0,India_Statewise_Power_Infrastructure_Data_RBI kaggle.csv
PRJ_MST_1820,Urban Transit Corridor Project #820 (Chandigarh),Central Division,CHANDIGARH,23.5344,81.6649,62.63,384.22,537.64,4,1,7,36,1,APPROVED,APPROVED,59.87,India_Statewise_Power_Infrastructure_Data_RBI kaggle.csv
PRJ_MST_1821,Industrial Zone Project #821 (Chhattisgarh),Central Division,CHHATTISGARH,20.7953,83.2828,41.4,324.01,484.0,0,3,24,101,1,PENDING,PENDING,91.57,India_Statewise_Power_Infrastructure_Data_RBI kaggle.csv
PRJ_MST_1822,Bulk Water Pipeline Project #822 (Dadra And Nagar Haveli),Central Division,DADRA AND NAGAR HAVELI,23.8577,84.3122,252.61,2407.99,3655.85,5,4,31,93,0,PENDING,APPROVED,93.67,India_Statewise_Power_Infrastructure_Data_RBI kaggle.csv
PRJ_MST_1823,Highway Project #823 (Daman And Diu),Central Division,DAMAN AND DIU,21.236,81.5647,178.85,1190.8,1494.68,7,1,25,90,1,APPROVED,APPROVED,90.27,India_Statewise_Power_Infrastructure_Data_RBI kaggle.csv
PRJ_MST_1824,Freight Corridor Project #824 (Delhi),Central Division,DELHI,24.3094,83.1954,240.47,2633.36,3648.97,1,3,21,38,0,APPROVED,APPROVED,55.35,India_Statewise_Power_Infrastructure_Data_RBI kaggle.csv
PRJ_MST_1825,Power Grid Line Project #825 (Goa),Central Division,GOA,25.8382,81.0632,124.57,1172.67,1977.66,1,3,30,62,1,PENDING,PENDING,95.0,India_Statewise_Power_Infrastructure_Data_RBI kaggle.csv
PRJ_MST_1826,Urban Transit Corridor Project #826 (Gujarat),Central Division,GUJARAT,21.8642,83.3509,193.66,1856.19,2671.45,5,0,9,78,1,APPROVED,REJECTED,84.28,India_Statewise_Power_Infrastructure_Data_RBI kaggle.csv
PRJ_MST_1827,Industrial Zone Project #827 (Haryana),Central Division,HARYANA,18.5771,81.2877,46.36,429.03,587.89,3,2,11,25,1,PENDING,APPROVED,76.15,India_Statewise_Power_Infrastructure_Data_RBI kaggle.csv
PRJ_MST_1828,Bulk Water Pipeline Project #828 (Himachal Pradesh),Central Division,HIMACHAL PRADESH,20.8773,82.9934,176.59,1560.88,2263.01,2,0,27,64,0,APPROVED,APPROVED,65.26,India_Statewise_Power_Infrastructure_Data_RBI kaggle.csv
PRJ_MST_1829,Highway Project #829 (Jammu And Kashmir),Central Division,JAMMU AND KASHMIR,18.0328,82.9118,349.81,2562.45,3572.82,7,5,5,119,0,PENDING,PENDING,95.0,India_Statewise_Power_Infrastructure_Data_RBI kaggle.csv
PRJ_MST_1830,Freight Corridor Project #830 (Jharkhand),Central Division,JHARKHAND,19.0759,84.3797,313.65,3116.54,4452.42,5,3,19,3,0,APPROVED,APPROVED,64.13,India_Statewise_Power_Infrastructure_Data_RBI kaggle.csv
PRJ_MST_1831,Power Grid Line Project #831 (Karnataka),Central Division,KARNATAKA,19.7885,82.0313,190.85,1891.98,2597.98,0,1,4,28,0,APPROVED,APPROVED,28.12,India_Statewise_Power_Infrastructure_Data_RBI kaggle.csv
PRJ_MST_1832,Urban Transit Corridor Project #832 (Kerala),Central Division,KERALA,24.7081,76.1377,246.18,1749.58,2823.88,0,1,22,0,0,PENDING,APPROVED,54.58,India_Statewise_Power_Infrastructure_Data_RBI kaggle.csv
PRJ_MST_1833,Industrial Zone Project #833 (Lakshadweep),Central Division,LAKSHADWEEP,23.0507,80.9309,262.23,1982.36,2663.42,0,2,8,106,0,APPROVED,APPROVED,43.61,India_Statewise_Power_Infrastructure_Data_RBI kaggle.csv
PRJ_MST_1834,Bulk Water Pipeline Project #834 (Madhya Pradesh),Central Division,MADHYA PRADESH,21.1434,75.6422,234.99,2815.86,4090.66,2,5,28,49,0,APPROVED,APPROVED,67.9,India_Statewise_Power_Infrastructure_Data_RBI kaggle.csv
PRJ_MST_1835,Highway Project #835 (Maharashtra),Central Division,MAHARASHTRA,19.8112,73.6808,169.42,1962.06,2586.07,3,3,15,109,0,APPROVED,APPROVED,62.41,India_Statewise_Power_Infrastructure_Data_RBI kaggle.csv
PRJ_MST_1836,Freight Corridor Project #836 (Manipur),Central Division,MANIPUR,23.2538,79.8536,201.24,1618.92,2343.44,5,1,21,85,0,APPROVED,APPROVED,69.82,India_Statewise_Power_Infrastructure_Data_RBI kaggle.csv
PRJ_MST_1837,Power Grid Line Project #837 (Meghalaya),Central Division,MEGHALAYA,19.6997,80.4392,296.77,2562.29,4321.63,3,1,7,10,0,APPROVED,REJECTED,64.12,India_Statewise_Power_Infrastructure_Data_RBI kaggle.csv
PRJ_MST_1838,Urban Transit Corridor Project #838 (Mizoram),Central Division,MIZORAM,19.8382,77.3521,285.95,2164.54,3593.82,3,6,19,73,0,APPROVED,APPROVED,76.78,India_Statewise_Power_Infrastructure_Data_RBI kaggle.csv
PRJ_MST_1839,Industrial Zone Project #839 (Nagaland),Central Division,NAGALAND,18.0673,78.9759,141.58,1491.17,2531.97,4,2,13,58,0,PENDING,PENDING,82.1,India_Statewise_Power_Infrastructure_Data_RBI kaggle.csv
PRJ_MST_1840,Bulk Water Pipeline Project #840 (Odisha),Central Division,ODISHA,21.4061,82.1272,292.12,2764.92,3428.03,3,2,36,61,0,APPROVED,PENDING,80.03,India_Statewise_Power_Infrastructure_Data_RBI kaggle.csv
PRJ_MST_1841,Highway Project #841 (Puducherry),Central Division,PUDUCHERRY,22.1236,80.575,213.38,2141.85,3190.57,4,2,33,80,1,PENDING,APPROVED,95.0,India_Statewise_Power_Infrastructure_Data_RBI kaggle.csv
PRJ_MST_1842,Freight Corridor Project #842 (Punjab),Central Division,PUNJAB,20.204,82.9236,27.51,182.37,241.05,3,2,10,35,0,APPROVED,PENDING,59.74,India_Statewise_Power_Infrastructure_Data_RBI kaggle.csv
PRJ_MST_1843,Power Grid Line Project #843 (Rajasthan),Central Division,RAJASTHAN,23.3455,75.6516,42.21,434.38,651.85,2,2,32,55,0,APPROVED,APPROVED,65.87,India_Statewise_Power_Infrastructure_Data_RBI kaggle.csv
PRJ_MST_1844,Urban Transit Corridor Project #844 (Sikkim),Central Division,SIKKIM,25.5823,80.9368,101.97,873.22,1421.1,3,0,30,110,0,PENDING,REJECTED,95.0,India_Statewise_Power_Infrastructure_Data_RBI kaggle.csv
PRJ_MST_1845,Industrial Zone Project #845 (Tamil Nadu),Central Division,TAMIL NADU,11.8801,79.7673,326.37,3194.57,5276.22,4,1,33,89,0,PENDING,APPROVED,87.88,India_Statewise_Power_Infrastructure_Data_RBI kaggle.csv
PRJ_MST_1846,Bulk Water Pipeline Project #846 (Telangana),Central Division,TELANGANA,20.9309,79.7568,324.16,3072.41,4872.81,0,2,6,111,0,REJECTED,APPROVED,64.55,India_Statewise_Power_Infrastructure_Data_RBI kaggle.csv
PRJ_MST_1847,Highway Project #847 (Tripura),Central Division,TRIPURA,20.7029,80.9387,280.51,2717.84,4168.97,0,1,22,20,0,REJECTED,APPROVED,61.89,India_Statewise_Power_Infrastructure_Data_RBI kaggle.csv
PRJ_MST_1848,Freight Corridor Project #848 (Uttar Pradesh),Central Division,UTTAR PRADESH,25.7754,77.4783,270.34,3040.79,4411.88,2,3,6,12,0,PENDING,REJECTED,72.01,India_Statewise_Power_Infrastructure_Data_RBI kaggle.csv
PRJ_MST_1849,Power Grid Line Project #849 (Uttarakhand),Central Division,UTTARAKHAND,19.4558,82.0479,167.16,1165.11,1939.17,6,5,24,8,0,PENDING,PENDING,95.0,India_Statewise_Power_Infrastructure_Data_RBI kaggle.csv
PRJ_MST_1850,Urban Transit Corridor Project #850 (West Bengal),Central Division,WEST BENGAL,20.0123,80.0917,120.05,1435.3,1950.1,0,2,2,10,0,APPROVED,PENDING,36.55,India_Statewise_Power_Infrastructure_Data_RBI kaggle.csv
PRJ_MST_1851,Industrial Zone Project #851 (Andaman And Nicobar Islands),Central Division,ANDAMAN AND NICOBAR ISLANDS,19.8382,76.8551,31.03,276.18,458.76,4,4,19,74,0,APPROVED,APPROVED,73.67,India_Statewise_Power_Infrastructure_Data_RBI kaggle.csv
PRJ_MST_1852,Bulk Water Pipeline Project #852 (Andhra Pradesh),Central Division,ANDHRA PRADESH,21.4273,80.8753,222.1,1743.99,2634.16,7,1,33,69,0,REJECTED,PENDING,95.0,India_Statewise_Power_Infrastructure_Data_RBI kaggle.csv
PRJ_MST_1853,Highway Project #853 (Arunachal Pradesh),Central Division,ARUNACHAL PRADESH,19.2211,83.1429,223.91,2233.76,2911.98,3,4,29,0,0,APPROVED,APPROVED,65.31,India_Statewise_Power_Infrastructure_Data_RBI kaggle.csv
PRJ_MST_1854,Freight Corridor Project #854 (Assam),Central Division,ASSAM,25.8537,95.2639,275.14,2317.64,3096.07,1,4,16,117,0,APPROVED,REJECTED,77.52,India_Statewise_Power_Infrastructure_Data_RBI kaggle.csv
PRJ_MST_1855,Power Grid Line Project #855 (Bihar),Central Division,BIHAR,26.3516,83.6984,89.1,915.14,1344.34,2,1,9,69,0,PENDING,APPROVED,57.49,India_Statewise_Power_Infrastructure_Data_RBI kaggle.csv
PRJ_MST_1856,Urban Transit Corridor Project #856 (Chandigarh),Central Division,CHANDIGARH,24.097,78.5416,72.18,523.88,816.75,3,2,34,76,0,APPROVED,APPROVED,73.35,India_Statewise_Power_Infrastructure_Data_RBI kaggle.csv
PRJ_MST_1857,Industrial Zone Project #857 (Chhattisgarh),Central Division,CHHATTISGARH,22.81,76.9142,259.45,3009.14,3656.81,6,2,19,85,1,REJECTED,APPROVED,95.0,India_Statewise_Power_Infrastructure_Data_RBI kaggle.csv
PRJ_MST_1858,Bulk Water Pipeline Project #858 (Dadra And Nagar Haveli),Central Division,DADRA AND NAGAR HAVELI,19.7869,79.4814,225.92,1852.0,2632.62,3,4,17,55,0,APPROVED,APPROVED,63.84,India_Statewise_Power_Infrastructure_Data_RBI kaggle.csv
PRJ_MST_1859,Highway Project #859 (Daman And Diu),Central Division,DAMAN AND DIU,18.1932,82.7292,47.73,550.57,876.29,5,2,26,30,0,APPROVED,PENDING,81.33,India_Statewise_Power_Infrastructure_Data_RBI kaggle.csv
PRJ_MST_1860,Freight Corridor Project #860 (Delhi),Central Division,DELHI,24.5374,84.1708,192.18,2123.8,3506.87,0,3,35,85,1,REJECTED,APPROVED,95.0,India_Statewise_Power_Infrastructure_Data_RBI kaggle.csv
PRJ_MST_1861,Power Grid Line Project #861 (Goa),Central Division,GOA,21.35,79.24,309.3,2543.39,4260.25,1,0,22,36,0,PENDING,PENDING,72.1,India_Statewise_Power_Infrastructure_Data_RBI kaggle.csv
PRJ_MST_1862,Urban Transit Corridor Project #862 (Gujarat),Central Division,GUJARAT,18.085,80.1158,22.4,182.62,269.91,1,4,31,46,0,APPROVED,APPROVED,62.19,India_Statewise_Power_Infrastructure_Data_RBI kaggle.csv
PRJ_MST_1863,Industrial Zone Project #863 (Haryana),Central Division,HARYANA,19.8926,76.9069,133.58,1253.59,1698.07,4,3,9,90,1,PENDING,PENDING,95.0,India_Statewise_Power_Infrastructure_Data_RBI kaggle.csv
PRJ_MST_1864,Bulk Water Pipeline Project #864 (Himachal Pradesh),Central Division,HIMACHAL PRADESH,23.9129,76.8875,205.18,2348.2,3124.09,5,1,10,113,1,REJECTED,APPROVED,95.0,India_Statewise_Power_Infrastructure_Data_RBI kaggle.csv
PRJ_MST_1865,Highway Project #865 (Jammu And Kashmir),Central Division,JAMMU AND KASHMIR,24.987,82.3671,271.81,1840.33,2959.36,2,1,5,115,0,APPROVED,APPROVED,49.67,India_Statewise_Power_Infrastructure_Data_RBI kaggle.csv
PRJ_MST_1866,Freight Corridor Project #866 (Jharkhand),Central Division,JHARKHAND,20.0368,78.4442,123.12,1001.9,1576.23,2,2,33,77,1,REJECTED,PENDING,95.0,India_Statewise_Power_Infrastructure_Data_RBI kaggle.csv
PRJ_MST_1867,Power Grid Line Project #867 (Karnataka),Central Division,KARNATAKA,22.2504,79.9414,273.4,1666.39,2464.87,6,4,35,46,1,APPROVED,APPROVED,95.0,India_Statewise_Power_Infrastructure_Data_RBI kaggle.csv
PRJ_MST_1868,Urban Transit Corridor Project #868 (Kerala),Central Division,KERALA,18.4809,82.2177,104.94,710.96,892.95,3,2,36,68,0,APPROVED,APPROVED,76.24,India_Statewise_Power_Infrastructure_Data_RBI kaggle.csv
PRJ_MST_1869,Industrial Zone Project #869 (Lakshadweep),Central Division,LAKSHADWEEP,22.0842,78.5931,56.36,431.29,701.48,7,3,16,57,1,APPROVED,REJECTED,95.0,India_Statewise_Power_Infrastructure_Data_RBI kaggle.csv
PRJ_MST_1870,Bulk Water Pipeline Project #870 (Madhya Pradesh),Central Division,MADHYA PRADESH,23.2673,79.4193,291.15,3072.68,3806.31,4,1,11,35,0,PENDING,REJECTED,77.93,India_Statewise_Power_Infrastructure_Data_RBI kaggle.csv
PRJ_MST_1871,Highway Project #871 (Maharashtra),Central Division,MAHARASHTRA,19.3389,73.3649,220.14,2528.51,3647.63,4,2,20,31,0,APPROVED,APPROVED,63.76,India_Statewise_Power_Infrastructure_Data_RBI kaggle.csv
PRJ_MST_1872,Freight Corridor Project #872 (Manipur),Central Division,MANIPUR,22.325,84.9026,211.21,1770.22,2885.38,0,4,18,97,1,PENDING,APPROVED,81.43,India_Statewise_Power_Infrastructure_Data_RBI kaggle.csv
PRJ_MST_1873,Power Grid Line Project #873 (Meghalaya),Central Division,MEGHALAYA,25.008,77.6467,30.95,276.75,363.16,0,4,2,63,1,PENDING,PENDING,70.1,India_Statewise_Power_Infrastructure_Data_RBI kaggle.csv
PRJ_MST_1874,Urban Transit Corridor Project #874 (Mizoram),Central Division,MIZORAM,19.1862,77.201,322.18,2028.47,2437.27,6,4,17,70,0,PENDING,APPROVED,88.79,India_Statewise_Power_Infrastructure_Data_RBI kaggle.csv
PRJ_MST_1875,Industrial Zone Project #875 (Nagaland),Central Division,NAGALAND,24.9996,76.6062,270.28,1793.2,2653.79,2,1,18,41,0,APPROVED,APPROVED,50.0,India_Statewise_Power_Infrastructure_Data_RBI kaggle.csv
PRJ_MST_1876,Bulk Water Pipeline Project #876 (Odisha),Central Division,ODISHA,18.8159,81.1937,220.98,2026.43,2847.0,7,4,5,47,0,APPROVED,APPROVED,71.53,India_Statewise_Power_Infrastructure_Data_RBI kaggle.csv
PRJ_MST_1877,Highway Project #877 (Puducherry),Central Division,PUDUCHERRY,20.3937,76.2847,120.21,1036.58,1384.82,5,3,15,73,0,APPROVED,PENDING,78.49,India_Statewise_Power_Infrastructure_Data_RBI kaggle.csv
PRJ_MST_1878,Freight Corridor Project #878 (Punjab),Central Division,PUNJAB,21.4955,83.7441,239.07,1784.62,2260.7,6,2,7,113,0,PENDING,PENDING,89.56,India_Statewise_Power_Infrastructure_Data_RBI kaggle.csv
PRJ_MST_1879,Power Grid Line Project #879 (Rajasthan),Central Division,RAJASTHAN,18.2815,82.2723,160.64,1099.34,1465.53,5,1,17,80,1,APPROVED,APPROVED,78.38,India_Statewise_Power_Infrastructure_Data_RBI kaggle.csv
PRJ_MST_1880,Urban Transit Corridor Project #880 (Sikkim),Central Division,SIKKIM,24.3538,75.5484,296.17,3181.44,4018.2,3,3,11,29,1,PENDING,APPROVED,76.27,India_Statewise_Power_Infrastructure_Data_RBI kaggle.csv
PRJ_MST_1881,Industrial Zone Project #881 (Tamil Nadu),Central Division,TAMIL NADU,10.3232,80.1783,108.36,1178.5,1562.04,7,3,9,20,0,APPROVED,APPROVED,66.0,India_Statewise_Power_Infrastructure_Data_RBI kaggle.csv
PRJ_MST_1882,Bulk Water Pipeline Project #882 (Telangana),Central Division,TELANGANA,21.7311,75.8646,158.79,1721.12,2405.57,2,1,6,59,0,APPROVED,PENDING,50.26,India_Statewise_Power_Infrastructure_Data_RBI kaggle.csv
PRJ_MST_1883,Highway Project #883 (Tripura),Central Division,TRIPURA,23.7827,83.7551,201.94,2398.06,3391.68,5,5,0,12,0,APPROVED,APPROVED,55.38,India_Statewise_Power_Infrastructure_Data_RBI kaggle.csv
PRJ_MST_1884,Freight Corridor Project #884 (Uttar Pradesh),Central Division,UTTAR PRADESH,26.1171,77.8936,61.77,619.21,1006.29,0,6,35,0,0,REJECTED,APPROVED,90.6,India_Statewise_Power_Infrastructure_Data_RBI kaggle.csv
PRJ_MST_1885,Power Grid Line Project #885 (Uttarakhand),Central Division,UTTARAKHAND,22.2395,83.6525,215.12,1413.27,2101.33,2,3,20,64,0,APPROVED,PENDING,71.34,India_Statewise_Power_Infrastructure_Data_RBI kaggle.csv
PRJ_MST_1886,Urban Transit Corridor Project #886 (West Bengal),Central Division,WEST BENGAL,23.3823,75.208,218.69,1672.77,2566.2,5,1,36,110,0,PENDING,APPROVED,95.0,India_Statewise_Power_Infrastructure_Data_RBI kaggle.csv
PRJ_MST_1887,Industrial Zone Project #887 (Andaman And Nicobar Islands),Central Division,ANDAMAN AND NICOBAR ISLANDS,24.2408,83.3401,68.51,508.68,684.77,6,3,23,32,0,REJECTED,PENDING,95.0,India_Statewise_Power_Infrastructure_Data_RBI kaggle.csv
PRJ_MST_1888,Bulk Water Pipeline Project #888 (Andhra Pradesh),Central Division,ANDHRA PRADESH,19.0807,77.3834,278.39,3006.96,4144.16,6,1,24,37,0,PENDING,APPROVED,81.58,India_Statewise_Power_Infrastructure_Data_RBI kaggle.csv
PRJ_MST_1889,Highway Project #889 (Arunachal Pradesh),Central Division,ARUNACHAL PRADESH,21.2744,78.0838,29.55,318.57,441.8,7,1,6,24,0,PENDING,APPROVED,69.69,India_Statewise_Power_Infrastructure_Data_RBI kaggle.csv
PRJ_MST_1890,Freight Corridor Project #890 (Assam),Central Division,ASSAM,26.9379,94.6826,292.18,3158.65,4674.8,7,1,16,25,0,APPROVED,APPROVED,65.12,India_Statewise_Power_Infrastructure_Data_RBI kaggle.csv
PRJ_MST_1891,Power Grid Line Project #891 (Bihar),Central Division,BIHAR,25.0458,87.9255,177.12,1658.51,2705.15,1,1,28,76,0,PENDING,PENDING,83.12,India_Statewise_Power_Infrastructure_Data_RBI kaggle.csv
PRJ_MST_1892,Urban Transit Corridor Project #892 (Chandigarh),Central Division,CHANDIGARH,20.6354,84.7613,256.65,1861.92,3159.77,3,3,29,58,0,PENDING,REJECTED,95.0,India_Statewise_Power_Infrastructure_Data_RBI kaggle.csv
PRJ_MST_1893,Industrial Zone Project #893 (Chhattisgarh),Central Division,CHHATTISGARH,20.3748,80.4434,239.94,1771.25,2863.94,7,2,6,91,0,PENDING,PENDING,93.24,India_Statewise_Power_Infrastructure_Data_RBI kaggle.csv
PRJ_MST_1894,Bulk Water Pipeline Project #894 (Dadra And Nagar Haveli),Central Division,DADRA AND NAGAR HAVELI,18.789,79.9967,150.65,1431.09,2009.24,3,0,32,32,0,APPROVED,APPROVED,65.56,India_Statewise_Power_Infrastructure_Data_RBI kaggle.csv
PRJ_MST_1895,Highway Project #895 (Daman And Diu),Central Division,DAMAN AND DIU,20.0162,76.096,259.98,3037.76,4199.71,0,0,6,100,0,APPROVED,PENDING,45.03,India_Statewise_Power_Infrastructure_Data_RBI kaggle.csv
PRJ_MST_1896,Freight Corridor Project #896 (Delhi),Central Division,DELHI,21.932,75.7613,71.42,652.95,925.2,0,5,23,40,1,PENDING,APPROVED,79.76,India_Statewise_Power_Infrastructure_Data_RBI kaggle.csv
PRJ_MST_1897,Power Grid Line Project #897 (Goa),Central Division,GOA,24.1313,83.8381,175.39,1079.12,1448.59,3,1,10,29,0,PENDING,APPROVED,60.23,India_Statewise_Power_Infrastructure_Data_RBI kaggle.csv
PRJ_MST_1898,Urban Transit Corridor Project #898 (Gujarat),Central Division,GUJARAT,20.9016,80.1072,40.49,418.74,705.35,3,2,8,56,0,REJECTED,REJECTED,90.91,India_Statewise_Power_Infrastructure_Data_RBI kaggle.csv
PRJ_MST_1899,Industrial Zone Project #899 (Haryana),Central Division,HARYANA,19.8731,81.484,89.51,805.86,1195.21,0,0,11,48,0,APPROVED,APPROVED,37.36,India_Statewise_Power_Infrastructure_Data_RBI kaggle.csv
PRJ_MST_1900,Bulk Water Pipeline Project #900 (Himachal Pradesh),Central Division,HIMACHAL PRADESH,18.5335,81.966,249.71,2809.83,3410.85,4,3,34,47,0,PENDING,APPROVED,84.42,India_Statewise_Power_Infrastructure_Data_RBI kaggle.csv
PRJ_MST_1901,Highway Project #901 (Jammu And Kashmir),Central Division,JAMMU AND KASHMIR,25.6428,84.3617,50.97,354.35,536.37,6,1,3,71,0,APPROVED,APPROVED,55.32,India_Statewise_Power_Infrastructure_Data_RBI kaggle.csv
PRJ_MST_1902,Freight Corridor Project #902 (Jharkhand),Central Division,JHARKHAND,22.5017,83.9059,313.19,2424.57,3442.66,6,1,35,48,1,APPROVED,APPROVED,93.61,India_Statewise_Power_Infrastructure_Data_RBI kaggle.csv
PRJ_MST_1903,Power Grid Line Project #903 (Karnataka),Central Division,KARNATAKA,19.1945,82.3914,331.18,2481.32,4215.11,5,3,27,46,1,APPROVED,APPROVED,89.57,India_Statewise_Power_Infrastructure_Data_RBI kaggle.csv
PRJ_MST_1904,Urban Transit Corridor Project #904 (Kerala),Central Division,KERALA,18.9701,79.6486,262.46,2216.55,3240.63,3,2,12,55,1,APPROVED,PENDING,71.22,India_Statewise_Power_Infrastructure_Data_RBI kaggle.csv
PRJ_MST_1905,Industrial Zone Project #905 (Lakshadweep),Central Division,LAKSHADWEEP,23.6073,81.9665,298.67,2209.86,3051.21,3,1,22,64,0,APPROVED,APPROVED,63.27,India_Statewise_Power_Infrastructure_Data_RBI kaggle.csv
PRJ_MST_1906,Bulk Water Pipeline Project #906 (Madhya Pradesh),Central Division,MADHYA PRADESH,25.0199,77.0747,195.71,1341.07,1697.62,6,0,18,11,0,PENDING,REJECTED,88.22,India_Statewise_Power_Infrastructure_Data_RBI kaggle.csv
PRJ_MST_1907,Highway Project #907 (Maharashtra),Central Division,MAHARASHTRA,18.6915,74.8823,195.21,2271.57,3090.33,2,4,36,68,0,APPROVED,PENDING,85.44,India_Statewise_Power_Infrastructure_Data_RBI kaggle.csv
PRJ_MST_1908,Freight Corridor Project #908 (Manipur),Central Division,MANIPUR,24.2326,81.6697,210.23,2182.79,3322.56,1,0,23,87,0,APPROVED,APPROVED,57.55,India_Statewise_Power_Infrastructure_Data_RBI kaggle.csv
PRJ_MST_1909,Power Grid Line Project #909 (Meghalaya),Central Division,MEGHALAYA,21.4758,81.8325,282.03,1813.1,2962.95,3,1,15,5,0,APPROVED,APPROVED,51.01,India_Statewise_Power_Infrastructure_Data_RBI kaggle.csv
PRJ_MST_1910,Urban Transit Corridor Project #910 (Mizoram),Central Division,MIZORAM,22.7004,84.5742,38.86,237.05,338.39,7,2,32,88,0,APPROVED,APPROVED,92.22,India_Statewise_Power_Infrastructure_Data_RBI kaggle.csv
PRJ_MST_1911,Industrial Zone Project #911 (Nagaland),Central Division,NAGALAND,19.6518,76.9268,167.9,1427.32,2222.95,3,3,11,64,1,APPROVED,PENDING,76.78,India_Statewise_Power_Infrastructure_Data_RBI kaggle.csv
PRJ_MST_1912,Bulk Water Pipeline Project #912 (Odisha),Central Division,ODISHA,25.1997,78.4038,273.61,2778.4,3627.47,0,1,33,24,0,REJECTED,APPROVED,77.45,India_Statewise_Power_Infrastructure_Data_RBI kaggle.csv
PRJ_MST_1913,Highway Project #913 (Puducherry),Central Division,PUDUCHERRY,20.5511,82.4701,302.39,2200.78,2757.77,2,5,6,0,0,APPROVED,PENDING,52.89,India_Statewise_Power_Infrastructure_Data_RBI kaggle.csv
PRJ_MST_1914,Freight Corridor Project #914 (Punjab),Central Division,PUNJAB,22.9504,77.2868,332.79,3966.2,5105.73,1,2,10,31,1,REJECTED,APPROVED,73.11,India_Statewise_Power_Infrastructure_Data_RBI kaggle.csv
PRJ_MST_1915,Power Grid Line Project #915 (Rajasthan),Central Division,RAJASTHAN,18.1576,77.4091,250.08,2228.18,3407.78,3,4,30,105,1,REJECTED,PENDING,95.0,India_Statewise_Power_Infrastructure_Data_RBI kaggle.csv
PRJ_MST_1916,Urban Transit Corridor Project #916 (Sikkim),Central Division,SIKKIM,18.3369,77.9464,172.12,1078.1,1792.63,0,3,28,105,0,APPROVED,APPROVED,64.7,India_Statewise_Power_Infrastructure_Data_RBI kaggle.csv
PRJ_MST_1917,Industrial Zone Project #917 (Tamil Nadu),Central Division,TAMIL NADU,11.5592,79.7171,216.72,1961.94,2818.18,4,3,12,2,1,PENDING,APPROVED,80.09,India_Statewise_Power_Infrastructure_Data_RBI kaggle.csv
PRJ_MST_1918,Bulk Water Pipeline Project #918 (Telangana),Central Division,TELANGANA,18.0595,84.6345,260.8,1963.02,2615.83,0,4,30,48,1,APPROVED,REJECTED,91.54,India_Statewise_Power_Infrastructure_Data_RBI kaggle.csv
PRJ_MST_1919,Highway Project #919 (Tripura),Central Division,TRIPURA,22.5446,83.1803,164.01,1089.9,1790.34,1,2,1,18,0,REJECTED,PENDING,62.98,India_Statewise_Power_Infrastructure_Data_RBI kaggle.csv
PRJ_MST_1920,Freight Corridor Project #920 (Uttar Pradesh),Central Division,UTTAR PRADESH,27.971,81.194,74.1,752.33,1122.47,2,4,14,59,0,PENDING,APPROVED,69.72,India_Statewise_Power_Infrastructure_Data_RBI kaggle.csv
PRJ_MST_1921,Power Grid Line Project #921 (Uttarakhand),Central Division,UTTARAKHAND,25.1615,81.9008,44.81,360.34,549.82,7,2,10,106,0,PENDING,REJECTED,95.0,India_Statewise_Power_Infrastructure_Data_RBI kaggle.csv
PRJ_MST_1922,Urban Transit Corridor Project #922 (West Bengal),Central Division,WEST BENGAL,21.3061,82.618,256.95,2112.03,2604.96,5,5,33,28,0,APPROVED,APPROVED,83.22,India_Statewise_Power_Infrastructure_Data_RBI kaggle.csv
PRJ_MST_1923,Industrial Zone Project #923 (Andaman And Nicobar Islands),Central Division,ANDAMAN AND NICOBAR ISLANDS,23.4952,78.1092,147.62,1277.21,2051.45,1,3,3,49,0,PENDING,REJECTED,69.52,India_Statewise_Power_Infrastructure_Data_RBI kaggle.csv
PRJ_MST_1924,Bulk Water Pipeline Project #924 (Andhra Pradesh),Central Division,ANDHRA PRADESH,21.9081,76.7264,328.53,3422.78,5788.94,1,3,10,1,1,APPROVED,PENDING,58.71,India_Statewise_Power_Infrastructure_Data_RBI kaggle.csv
PRJ_MST_1925,Highway Project #925 (Arunachal Pradesh),Central Division,ARUNACHAL PRADESH,25.7997,80.2657,23.71,158.77,228.2,4,3,28,72,1,APPROVED,APPROVED,88.58,India_Statewise_Power_Infrastructure_Data_RBI kaggle.csv
PRJ_MST_1926,Freight Corridor Project #926 (Assam),Central Division,ASSAM,26.9783,90.8044,210.49,1294.2,1797.89,0,1,1,55,1,REJECTED,APPROVED,63.74,India_Statewise_Power_Infrastructure_Data_RBI kaggle.csv
PRJ_MST_1927,Power Grid Line Project #927 (Bihar),Central Division,BIHAR,26.3698,85.6621,315.66,3669.4,5263.96,1,3,15,16,1,PENDING,APPROVED,70.99,India_Statewise_Power_Infrastructure_Data_RBI kaggle.csv
PRJ_MST_1928,Urban Transit Corridor Project #928 (Chandigarh),Central Division,CHANDIGARH,22.8293,77.2902,93.14,998.7,1449.07,6,5,12,59,1,PENDING,PENDING,95.0,India_Statewise_Power_Infrastructure_Data_RBI kaggle.csv
PRJ_MST_1929,Industrial Zone Project #929 (Chhattisgarh),Central Division,CHHATTISGARH,18.6137,80.4976,129.34,1466.54,2442.09,2,1,36,109,0,PENDING,PENDING,95.0,India_Statewise_Power_Infrastructure_Data_RBI kaggle.csv
PRJ_MST_1930,Bulk Water Pipeline Project #930 (Dadra And Nagar Haveli),Central Division,DADRA AND NAGAR HAVELI,20.6794,81.2842,184.2,1411.25,2248.17,3,3,16,35,0,APPROVED,APPROVED,60.68,India_Statewise_Power_Infrastructure_Data_RBI kaggle.csv
PRJ_MST_1931,Highway Project #931 (Daman And Diu),Central Division,DAMAN AND DIU,18.4901,80.7151,134.34,1205.89,1703.43,1,0,20,60,0,APPROVED,APPROVED,42.86,India_Statewise_Power_Infrastructure_Data_RBI kaggle.csv
PRJ_MST_1932,Freight Corridor Project #932 (Delhi),Central Division,DELHI,24.3619,75.231,213.52,1831.95,2894.32,0,3,18,16,0,APPROVED,PENDING,58.78,India_Statewise_Power_Infrastructure_Data_RBI kaggle.csv
PRJ_MST_1933,Power Grid Line Project #933 (Goa),Central Division,GOA,22.3364,79.7845,164.77,1829.27,2604.06,2,3,6,48,0,PENDING,REJECTED,75.74,India_Statewise_Power_Infrastructure_Data_RBI kaggle.csv
PRJ_MST_1934,Urban Transit Corridor Project #934 (Gujarat),Central Division,GUJARAT,19.016,78.089,37.14,413.13,633.03,5,1,7,75,0,APPROVED,PENDING,71.69,India_Statewise_Power_Infrastructure_Data_RBI kaggle.csv
PRJ_MST_1935,Industrial Zone Project #935 (Haryana),Central Division,HARYANA,23.1956,76.2028,170.0,1490.84,2077.51,5,4,12,59,1,APPROVED,APPROVED,77.7,India_Statewise_Power_Infrastructure_Data_RBI kaggle.csv
PRJ_MST_1936,Bulk Water Pipeline Project #936 (Himachal Pradesh),Central Division,HIMACHAL PRADESH,24.4018,84.4457,55.27,399.56,660.39,7,0,36,19,0,APPROVED,APPROVED,80.54,India_Statewise_Power_Infrastructure_Data_RBI kaggle.csv
PRJ_MST_1937,Highway Project #937 (Jammu And Kashmir),Central Division,JAMMU AND KASHMIR,24.8276,81.0301,259.59,2665.11,4027.53,6,6,1,49,1,APPROVED,APPROVED,78.67,India_Statewise_Power_Infrastructure_Data_RBI kaggle.csv
PRJ_MST_1938,Freight Corridor Project #938 (Jharkhand),Central Division,JHARKHAND,25.2141,81.9419,247.98,2723.18,3573.9,2,3,10,2,0,APPROVED,REJECTED,63.61,India_Statewise_Power_Infrastructure_Data_RBI kaggle.csv
PRJ_MST_1939,Power Grid Line Project #939 (Karnataka),Central Division,KARNATAKA,24.2376,79.0404,38.18,423.19,701.33,3,1,23,42,0,APPROVED,APPROVED,60.0,India_Statewise_Power_Infrastructure_Data_RBI kaggle.csv
PRJ_MST_1940,Urban Transit Corridor Project #940 (Kerala),Central Division,KERALA,20.3606,83.3576,298.73,3528.23,4268.26,4,3,5,56,0,PENDING,PENDING,75.31,India_Statewise_Power_Infrastructure_Data_RBI kaggle.csv
PRJ_MST_1941,Industrial Zone Project #941 (Lakshadweep),Central Division,LAKSHADWEEP,25.2566,83.4937,195.1,1420.2,2028.38,6,1,25,49,1,APPROVED,APPROVED,84.07,India_Statewise_Power_Infrastructure_Data_RBI kaggle.csv
PRJ_MST_1942,Bulk Water Pipeline Project #942 (Madhya Pradesh),Central Division,MADHYA PRADESH,22.839,80.2361,96.08,1032.28,1541.35,0,1,6,67,0,APPROVED,PENDING,45.78,India_Statewise_Power_Infrastructure_Data_RBI kaggle.csv
PRJ_MST_1943,Highway Project #943 (Maharashtra),Central Division,MAHARASHTRA,19.1309,75.1147,130.32,1234.6,1605.98,7,2,18,80,0,APPROVED,PENDING,91.05,India_Statewise_Power_Infrastructure_Data_RBI kaggle.csv
PRJ_MST_1944,Freight Corridor Project #944 (Manipur),Central Division,MANIPUR,18.9883,82.7219,198.83,2124.64,2993.32,7,2,5,49,0,PENDING,PENDING,85.27,India_Statewise_Power_Infrastructure_Data_RBI kaggle.csv
PRJ_MST_1945,Power Grid Line Project #945 (Meghalaya),Central Division,MEGHALAYA,18.9539,79.7378,267.5,3193.64,5207.36,2,4,28,36,0,PENDING,APPROVED,79.95,India_Statewise_Power_Infrastructure_Data_RBI kaggle.csv
PRJ_MST_1946,Urban Transit Corridor Project #946 (Mizoram),Central Division,MIZORAM,21.4897,76.0648,48.54,373.94,569.57,6,2,1,45,0,PENDING,APPROVED,64.57,India_Statewise_Power_Infrastructure_Data_RBI kaggle.csv
PRJ_MST_1947,Industrial Zone Project #947 (Nagaland),Central Division,NAGALAND,23.8534,76.6126,324.37,3170.5,3968.4,1,6,18,41,0,APPROVED,APPROVED,61.02,India_Statewise_Power_Infrastructure_Data_RBI kaggle.csv
PRJ_MST_1948,Bulk Water Pipeline Project #948 (Odisha),Central Division,ODISHA,24.6295,80.2866,64.91,483.39,725.93,0,1,3,14,0,REJECTED,REJECTED,71.23,India_Statewise_Power_Infrastructure_Data_RBI kaggle.csv
PRJ_MST_1949,Highway Project #949 (Puducherry),Central Division,PUDUCHERRY,24.9759,77.6212,266.83,1665.53,2021.61,1,2,5,32,0,PENDING,REJECTED,63.73,India_Statewise_Power_Infrastructure_Data_RBI kaggle.csv
PRJ_MST_1950,Freight Corridor Project #950 (Punjab),Central Division,PUNJAB,25.8208,75.1125,33.29,391.79,521.96,0,1,36,79,0,APPROVED,PENDING,72.14,India_Statewise_Power_Infrastructure_Data_RBI kaggle.csv
PRJ_MST_1951,Power Grid Line Project #951 (Rajasthan),Central Division,RAJASTHAN,21.6228,82.825,198.53,1318.68,1717.0,2,3,27,10,0,REJECTED,PENDING,90.99,India_Statewise_Power_Infrastructure_Data_RBI kaggle.csv
PRJ_MST_1952,Urban Transit Corridor Project #952 (Sikkim),Central Division,SIKKIM,20.5024,77.4887,43.65,514.21,619.87,4,3,29,118,0,APPROVED,PENDING,87.86,India_Statewise_Power_Infrastructure_Data_RBI kaggle.csv
PRJ_MST_1953,Industrial Zone Project #953 (Tamil Nadu),Central Division,TAMIL NADU,12.6829,78.1994,323.44,3600.45,5873.15,3,4,6,19,0,APPROVED,APPROVED,55.29,India_Statewise_Power_Infrastructure_Data_RBI kaggle.csv
PRJ_MST_1954,Bulk Water Pipeline Project #954 (Telangana),Central Division,TELANGANA,23.1354,82.7624,250.6,2829.59,4502.46,6,5,8,101,0,APPROVED,REJECTED,92.74,India_Statewise_Power_Infrastructure_Data_RBI kaggle.csv
PRJ_MST_1955,Highway Project #955 (Tripura),Central Division,TRIPURA,20.1188,83.1406,91.34,948.51,1283.91,4,3,24,23,0,APPROVED,APPROVED,64.2,India_Statewise_Power_Infrastructure_Data_RBI kaggle.csv
PRJ_MST_1956,Freight Corridor Project #956 (Uttar Pradesh),Central Division,UTTAR PRADESH,25.9725,81.0776,161.65,1518.87,2501.09,7,2,32,63,0,APPROVED,APPROVED,88.92,India_Statewise_Power_Infrastructure_Data_RBI kaggle.csv
PRJ_MST_1957,Power Grid Line Project #957 (Uttarakhand),Central Division,UTTARAKHAND,23.8296,78.4917,85.86,925.55,1552.71,7,3,0,117,0,APPROVED,PENDING,81.78,India_Statewise_Power_Infrastructure_Data_RBI kaggle.csv
PRJ_MST_1958,Urban Transit Corridor Project #958 (West Bengal),Central Division,WEST BENGAL,25.1575,83.1906,307.62,2472.56,3713.23,5,1,5,79,0,APPROVED,APPROVED,59.08,India_Statewise_Power_Infrastructure_Data_RBI kaggle.csv
PRJ_MST_1959,Industrial Zone Project #959 (Andaman And Nicobar Islands),Central Division,ANDAMAN AND NICOBAR ISLANDS,23.0964,78.2698,286.67,2571.52,3674.66,4,6,17,93,1,REJECTED,APPROVED,95.0,India_Statewise_Power_Infrastructure_Data_RBI kaggle.csv
PRJ_MST_1960,Bulk Water Pipeline Project #960 (Andhra Pradesh),Central Division,ANDHRA PRADESH,25.1836,81.5034,161.81,1260.25,1935.0,5,3,9,97,0,PENDING,PENDING,85.83,India_Statewise_Power_Infrastructure_Data_RBI kaggle.csv
PRJ_MST_1961,Highway Project #961 (Arunachal Pradesh),Central Division,ARUNACHAL PRADESH,20.8734,78.5802,285.15,2773.8,4518.23,7,1,27,64,0,APPROVED,APPROVED,88.17,India_Statewise_Power_Infrastructure_Data_RBI kaggle.csv
PRJ_MST_1962,Freight Corridor Project #962 (Assam),Central Division,ASSAM,27.2107,91.2504,128.87,1090.94,1377.4,4,1,10,87,0,PENDING,PENDING,73.72,India_Statewise_Power_Infrastructure_Data_RBI kaggle.csv
PRJ_MST_1963,Power Grid Line Project #963 (Bihar),Central Division,BIHAR,26.7276,87.1741,341.91,3132.22,4153.54,6,6,32,87,1,APPROVED,APPROVED,95.0,India_Statewise_Power_Infrastructure_Data_RBI kaggle.csv
PRJ_MST_1964,Urban Transit Corridor Project #964 (Chandigarh),Central Division,CHANDIGARH,19.338,79.5596,24.35,208.46,352.1,0,4,0,72,0,APPROVED,APPROVED,43.01,India_Statewise_Power_Infrastructure_Data_RBI kaggle.csv
PRJ_MST_1965,Industrial Zone Project #965 (Chhattisgarh),Central Division,CHHATTISGARH,18.1344,84.374,339.09,3731.31,5130.93,4,2,12,85,0,APPROVED,APPROVED,63.17,India_Statewise_Power_Infrastructure_Data_RBI kaggle.csv
PRJ_MST_1966,Bulk Water Pipeline Project #966 (Dadra And Nagar Haveli),Central Division,DADRA AND NAGAR HAVELI,19.7216,79.5217,25.0,289.86,486.36,1,3,36,75,1,PENDING,APPROVED,93.64,India_Statewise_Power_Infrastructure_Data_RBI kaggle.csv
PRJ_MST_1967,Highway Project #967 (Daman And Diu),Central Division,DAMAN AND DIU,20.6837,75.5275,200.63,2060.46,3015.89,1,6,19,16,1,APPROVED,PENDING,74.55,India_Statewise_Power_Infrastructure_Data_RBI kaggle.csv
PRJ_MST_1968,Freight Corridor Project #968 (Delhi),Central Division,DELHI,22.4152,77.2991,30.94,358.49,512.18,3,2,0,88,0,APPROVED,APPROVED,45.97,India_Statewise_Power_Infrastructure_Data_RBI kaggle.csv
PRJ_MST_1969,Power Grid Line Project #969 (Goa),Central Division,GOA,18.8728,83.1329,217.01,2575.06,3827.83,1,4,2,91,0,PENDING,PENDING,69.99,India_Statewise_Power_Infrastructure_Data_RBI kaggle.csv
PRJ_MST_1970,Urban Transit Corridor Project #970 (Gujarat),Central Division,GUJARAT,18.3516,77.6272,106.0,730.21,1197.08,7,0,17,60,1,PENDING,APPROVED,95.0,India_Statewise_Power_Infrastructure_Data_RBI kaggle.csv
PRJ_MST_1971,Industrial Zone Project #971 (Haryana),Central Division,HARYANA,21.4175,83.8584,96.07,819.88,1107.04,3,4,13,14,0,APPROVED,PENDING,65.95,India_Statewise_Power_Infrastructure_Data_RBI kaggle.csv
PRJ_MST_1972,Bulk Water Pipeline Project #972 (Himachal Pradesh),Central Division,HIMACHAL PRADESH,18.2463,77.9905,197.06,1727.15,2447.62,0,3,30,93,0,APPROVED,REJECTED,82.12,India_Statewise_Power_Infrastructure_Data_RBI kaggle.csv
PRJ_MST_1973,Highway Project #973 (Jammu And Kashmir),Central Division,JAMMU AND KASHMIR,22.823,80.3304,98.53,1045.47,1265.57,5,5,26,50,0,APPROVED,PENDING,90.94,India_Statewise_Power_Infrastructure_Data_RBI kaggle.csv
PRJ_MST_1974,Freight Corridor Project #974 (Jharkhand),Central Division,JHARKHAND,20.9248,76.7992,44.23,496.5,633.38,7,2,16,26,1,PENDING,APPROVED,90.3,India_Statewise_Power_Infrastructure_Data_RBI kaggle.csv
PRJ_MST_1975,Power Grid Line Project #975 (Karnataka),Central Division,KARNATAKA,21.0873,81.2875,87.05,661.42,867.98,3,4,28,85,0,APPROVED,APPROVED,70.56,India_Statewise_Power_Infrastructure_Data_RBI kaggle.csv
PRJ_MST_1976,Urban Transit Corridor Project #976 (Kerala),Central Division,KERALA,20.827,81.3474,95.6,944.54,1541.93,1,2,35,73,0,PENDING,APPROVED,80.1,India_Statewise_Power_Infrastructure_Data_RBI kaggle.csv
PRJ_MST_1977,Industrial Zone Project #977 (Lakshadweep),Central Division,LAKSHADWEEP,21.1371,81.6055,229.51,1979.35,2719.88,2,4,36,60,1,APPROVED,PENDING,92.86,India_Statewise_Power_Infrastructure_Data_RBI kaggle.csv
PRJ_MST_1978,Bulk Water Pipeline Project #978 (Madhya Pradesh),Central Division,MADHYA PRADESH,25.6633,77.2059,58.02,620.05,911.52,4,4,25,57,0,APPROVED,APPROVED,70.54,India_Statewise_Power_Infrastructure_Data_RBI kaggle.csv
PRJ_MST_1979,Highway Project #979 (Maharashtra),Central Division,MAHARASHTRA,20.131,72.821,24.2,166.45,204.79,1,0,16,30,0,PENDING,APPROVED,54.32,India_Statewise_Power_Infrastructure_Data_RBI kaggle.csv
PRJ_MST_1980,Freight Corridor Project #980 (Manipur),Central Division,MANIPUR,21.4795,81.784,22.71,236.84,326.12,7,3,21,90,0,APPROVED,PENDING,92.63,India_Statewise_Power_Infrastructure_Data_RBI kaggle.csv
PRJ_MST_1981,Power Grid Line Project #981 (Meghalaya),Central Division,MEGHALAYA,25.74,83.0297,58.15,375.73,478.62,0,2,24,11,1,APPROVED,APPROVED,57.7,India_Statewise_Power_Infrastructure_Data_RBI kaggle.csv
PRJ_MST_1982,Urban Transit Corridor Project #982 (Mizoram),Central Division,MIZORAM,19.7441,84.8881,302.54,1897.42,3060.47,1,3,1,45,0,APPROVED,PENDING,49.63,India_Statewise_Power_Infrastructure_Data_RBI kaggle.csv
PRJ_MST_1983,Industrial Zone Project #983 (Nagaland),Central Division,NAGALAND,18.7979,84.4819,224.54,2389.66,3556.6,7,2,21,30,0,PENDING,APPROVED,86.19,India_Statewise_Power_Infrastructure_Data_RBI kaggle.csv
PRJ_MST_1984,Bulk Water Pipeline Project #984 (Odisha),Central Division,ODISHA,22.6664,83.837,54.58,617.31,1011.69,5,3,4,31,0,APPROVED,APPROVED,60.27,India_Statewise_Power_Infrastructure_Data_RBI kaggle.csv
PRJ_MST_1985,Highway Project #985 (Puducherry),Central Division,PUDUCHERRY,22.5166,75.7483,282.2,2160.98,3453.71,3,3,3,31,0,APPROVED,PENDING,53.8,India_Statewise_Power_Infrastructure_Data_RBI kaggle.csv
PRJ_MST_1986,Freight Corridor Project #986 (Punjab),Central Division,PUNJAB,25.4929,82.2742,221.71,2518.68,4175.46,6,2,35,104,1,APPROVED,APPROVED,95.0,India_Statewise_Power_Infrastructure_Data_RBI kaggle.csv
PRJ_MST_1987,Power Grid Line Project #987 (Rajasthan),Central Division,RAJASTHAN,25.7561,78.4316,291.02,3209.59,4921.33,2,3,5,108,0,REJECTED,PENDING,81.99,India_Statewise_Power_Infrastructure_Data_RBI kaggle.csv
PRJ_MST_1988,Urban Transit Corridor Project #988 (Sikkim),Central Division,SIKKIM,18.1851,82.7303,85.89,984.93,1588.16,0,4,20,98,0,APPROVED,APPROVED,59.73,India_Statewise_Power_Infrastructure_Data_RBI kaggle.csv
PRJ_MST_1989,Industrial Zone Project #989 (Tamil Nadu),Central Division,TAMIL NADU,12.1132,79.4131,145.35,1725.71,2886.37,4,2,12,52,0,PENDING,APPROVED,75.53,India_Statewise_Power_Infrastructure_Data_RBI kaggle.csv
PRJ_MST_1990,Bulk Water Pipeline Project #990 (Telangana),Central Division,TELANGANA,25.599,75.8715,264.53,3110.61,4054.53,0,0,36,60,1,APPROVED,PENDING,79.05,India_Statewise_Power_Infrastructure_Data_RBI kaggle.csv
PRJ_MST_1991,Highway Project #991 (Tripura),Central Division,TRIPURA,22.6016,83.0398,145.53,1359.55,1934.53,3,4,24,45,0,APPROVED,PENDING,78.28,India_Statewise_Power_Infrastructure_Data_RBI kaggle.csv
PRJ_MST_1992,Freight Corridor Project #992 (Uttar Pradesh),Central Division,UTTAR PRADESH,25.6374,79.7206,329.39,2470.76,4173.66,1,0,25,84,0,APPROVED,PENDING,65.56,India_Statewise_Power_Infrastructure_Data_RBI kaggle.csv
PRJ_MST_1993,Power Grid Line Project #993 (Uttarakhand),Central Division,UTTARAKHAND,22.2629,83.3427,61.05,700.62,939.17,7,3,19,73,0,APPROVED,APPROVED,75.56,India_Statewise_Power_Infrastructure_Data_RBI kaggle.csv
PRJ_MST_1994,Urban Transit Corridor Project #994 (West Bengal),Central Division,WEST BENGAL,22.4737,75.6899,80.93,956.23,1200.43,1,2,32,79,0,APPROVED,PENDING,73.46,India_Statewise_Power_Infrastructure_Data_RBI kaggle.csv
PRJ_MST_1995,Industrial Zone Project #995 (Andaman And Nicobar Islands),Central Division,ANDAMAN AND NICOBAR ISLANDS,21.6694,83.344,265.38,2821.67,4072.82,1,2,13,6,0,APPROVED,APPROVED,46.83,India_Statewise_Power_Infrastructure_Data_RBI kaggle.csv
PRJ_MST_1996,Bulk Water Pipeline Project #996 (Andhra Pradesh),Central Division,ANDHRA PRADESH,19.1216,80.8851,89.83,875.33,1388.34,1,0,35,3,0,PENDING,APPROVED,66.18,India_Statewise_Power_Infrastructure_Data_RBI kaggle.csv
PRJ_MST_1997,Highway Project #997 (Arunachal Pradesh),Central Division,ARUNACHAL PRADESH,24.5367,80.0389,81.67,861.75,1453.79,1,2,16,90,0,APPROVED,REJECTED,71.24,India_Statewise_Power_Infrastructure_Data_RBI kaggle.csv
PRJ_MST_1998,Freight Corridor Project #998 (Assam),Central Division,ASSAM,27.152,91.9722,340.44,3098.15,3945.9,3,1,20,51,0,APPROVED,APPROVED,55.34,India_Statewise_Power_Infrastructure_Data_RBI kaggle.csv
PRJ_MST_1999,Power Grid Line Project #999 (Bihar),Central Division,BIHAR,26.5608,84.9438,293.5,3103.56,4387.82,4,3,15,118,1,PENDING,REJECTED,95.0,India_Statewise_Power_Infrastructure_Data_RBI kaggle.csv
PRJ_MST_2000,Urban Transit Corridor Project #1000 (Chandigarh),Central Division,CHANDIGARH,24.2187,83.0308,182.73,1470.06,2333.14,5,4,15,88,0,APPROVED,APPROVED,74.07,India_Statewise_Power_Infrastructure_Data_RBI kaggle.csv
PRJ_MST_2001,Industrial Zone Project #1001 (Chhattisgarh),Central Division,CHHATTISGARH,19.4845,75.4759,209.91,1291.24,2150.43,1,6,19,30,1,APPROVED,APPROVED,75.13,India_Statewise_Power_Infrastructure_Data_RBI kaggle.csv
PRJ_MST_2002,Bulk Water Pipeline Project #1002 (Dadra And Nagar Haveli),Central Division,DADRA AND NAGAR HAVELI,21.0559,80.8935,97.95,673.42,1064.47,0,3,28,74,0,REJECTED,PENDING,91.65,India_Statewise_Power_Infrastructure_Data_RBI kaggle.csv
PRJ_MST_2003,Highway Project #1003 (Daman And Diu),Central Division,DAMAN AND DIU,22.2569,76.2313,226.22,2632.58,4388.91,7,2,27,111,1,PENDING,REJECTED,95.0,India_Statewise_Power_Infrastructure_Data_RBI kaggle.csv
PRJ_MST_2004,Freight Corridor Project #1004 (Delhi),Central Division,DELHI,24.3401,76.8721,82.07,736.63,1012.63,2,2,7,83,1,APPROVED,PENDING,70.16,India_Statewise_Power_Infrastructure_Data_RBI kaggle.csv
PRJ_MST_2005,Power Grid Line Project #1005 (Goa),Central Division,GOA,24.8841,75.9784,129.72,1316.93,1687.9,1,2,23,35,1,REJECTED,PENDING,93.45,India_Statewise_Power_Infrastructure_Data_RBI kaggle.csv
PRJ_MST_2006,Urban Transit Corridor Project #1006 (Gujarat),Central Division,GUJARAT,20.4009,77.4262,264.06,2166.42,3386.15,7,1,2,53,1,APPROVED,PENDING,86.04,India_Statewise_Power_Infrastructure_Data_RBI kaggle.csv
PRJ_MST_2007,Industrial Zone Project #1007 (Haryana),Central Division,HARYANA,22.9427,81.5445,37.07,409.62,687.95,1,1,24,53,0,APPROVED,PENDING,66.33,India_Statewise_Power_Infrastructure_Data_RBI kaggle.csv
PRJ_MST_2008,Bulk Water Pipeline Project #1008 (Himachal Pradesh),Central Division,HIMACHAL PRADESH,21.6092,78.9815,111.32,917.32,1370.36,7,2,18,118,0,APPROVED,PENDING,88.15,India_Statewise_Power_Infrastructure_Data_RBI kaggle.csv
PRJ_MST_2009,Highway Project #1009 (Jammu And Kashmir),Central Division,JAMMU AND KASHMIR,24.1239,80.6422,101.74,684.97,965.93,3,4,32,16,0,APPROVED,APPROVED,68.82,India_Statewise_Power_Infrastructure_Data_RBI kaggle.csv
PRJ_MST_2010,Freight Corridor Project #1010 (Jharkhand),Central Division,JHARKHAND,19.7949,78.5251,221.57,2241.42,2965.28,3,1,1,108,0,PENDING,APPROVED,59.76,India_Statewise_Power_Infrastructure_Data_RBI kaggle.csv
PRJ_MST_2011,Power Grid Line Project #1011 (Karnataka),Central Division,KARNATAKA,18.4758,75.9915,168.71,1391.63,2277.65,2,1,14,74,0,PENDING,APPROVED,64.47,India_Statewise_Power_Infrastructure_Data_RBI kaggle.csv
PRJ_MST_2012,Urban Transit Corridor Project #1012 (Kerala),Central Division,KERALA,21.3711,82.2494,83.34,836.22,1197.43,1,2,21,29,1,PENDING,REJECTED,92.63,India_Statewise_Power_Infrastructure_Data_RBI kaggle.csv
PRJ_MST_2013,Industrial Zone Project #1013 (Lakshadweep),Central Division,LAKSHADWEEP,21.8075,84.2968,244.75,2546.44,4106.02,6,2,9,98,0,APPROVED,REJECTED,86.73,India_Statewise_Power_Infrastructure_Data_RBI kaggle.csv
PRJ_MST_2014,Bulk Water Pipeline Project #1014 (Madhya Pradesh),Central Division,MADHYA PRADESH,21.3204,83.4543,110.11,1229.96,2017.06,1,1,17,104,0,APPROVED,APPROVED,55.08,India_Statewise_Power_Infrastructure_Data_RBI kaggle.csv
PRJ_MST_2015,Highway Project #1015 (Maharashtra),Central Division,MAHARASHTRA,18.899,74.0779,56.12,370.76,538.67,3,0,21,101,1,PENDING,PENDING,93.33,India_Statewise_Power_Infrastructure_Data_RBI kaggle.csv
PRJ_MST_2016,Freight Corridor Project #1016 (Manipur),Central Division,MANIPUR,23.6552,80.7514,95.64,794.99,1157.54,3,3,26,21,0,APPROVED,REJECTED,83.68,India_Statewise_Power_Infrastructure_Data_RBI kaggle.csv
PRJ_MST_2017,Power Grid Line Project #1017 (Meghalaya),Central Division,MEGHALAYA,18.949,76.264,291.19,2503.5,3098.45,5,0,12,116,0,PENDING,APPROVED,74.65,India_Statewise_Power_Infrastructure_Data_RBI kaggle.csv
PRJ_MST_2018,Urban Transit Corridor Project #1018 (Mizoram),Central Division,MIZORAM,23.5884,76.6077,143.72,1492.37,2045.68,4,3,32,42,1,REJECTED,PENDING,95.0,India_Statewise_Power_Infrastructure_Data_RBI kaggle.csv
PRJ_MST_2019,Industrial Zone Project #1019 (Nagaland),Central Division,NAGALAND,22.6798,77.3132,41.36,264.49,410.37,2,1,4,111,0,APPROVED,REJECTED,64.2,India_Statewise_Power_Infrastructure_Data_RBI kaggle.csv
PRJ_MST_2020,Bulk Water Pipeline Project #1020 (Odisha),Central Division,ODISHA,24.5358,80.5474,334.99,3986.06,6068.99,7,6,25,114,0,PENDING,APPROVED,95.0,India_Statewise_Power_Infrastructure_Data_RBI kaggle.csv
PRJ_MST_2021,Highway Project #1021 (Puducherry),Central Division,PUDUCHERRY,19.1264,79.2269,22.05,232.98,327.04,0,2,12,26,1,APPROVED,PENDING,57.08,India_Statewise_Power_Infrastructure_Data_RBI kaggle.csv
PRJ_MST_2022,Freight Corridor Project #1022 (Punjab),Central Division,PUNJAB,24.8859,84.1947,304.59,2189.07,2672.03,5,2,26,36,1,PENDING,APPROVED,95.0,India_Statewise_Power_Infrastructure_Data_RBI kaggle.csv
PRJ_MST_2023,Power Grid Line Project #1023 (Rajasthan),Central Division,RAJASTHAN,25.0669,80.0378,64.9,514.37,770.12,4,2,13,45,1,APPROVED,REJECTED,83.19,India_Statewise_Power_Infrastructure_Data_RBI kaggle.csv
PRJ_MST_2024,Urban Transit Corridor Project #1024 (Sikkim),Central Division,SIKKIM,25.7618,76.6212,293.54,3517.9,5282.37,2,4,23,112,0,REJECTED,REJECTED,95.0,India_Statewise_Power_Infrastructure_Data_RBI kaggle.csv
PRJ_MST_2025,Industrial Zone Project #1025 (Tamil Nadu),Central Division,TAMIL NADU,10.1581,79.1342,338.92,3505.64,5622.74,2,1,2,34,1,APPROVED,REJECTED,68.87,India_Statewise_Power_Infrastructure_Data_RBI kaggle.csv
PRJ_MST_2026,Bulk Water Pipeline Project #1026 (Telangana),Central Division,TELANGANA,18.6648,84.6863,25.67,280.27,374.62,5,2,29,3,0,PENDING,APPROVED,81.91,India_Statewise_Power_Infrastructure_Data_RBI kaggle.csv
PRJ_MST_2027,Highway Project #1027 (Tripura),Central Division,TRIPURA,20.9852,76.0944,325.7,3181.22,3948.99,3,4,34,79,0,PENDING,REJECTED,95.0,India_Statewise_Power_Infrastructure_Data_RBI kaggle.csv
PRJ_MST_2028,Freight Corridor Project #1028 (Uttar Pradesh),Central Division,UTTAR PRADESH,26.6557,81.5884,45.9,466.37,693.09,1,1,13,79,0,APPROVED,PENDING,56.51,India_Statewise_Power_Infrastructure_Data_RBI kaggle.csv
PRJ_MST_2029,Power Grid Line Project #1029 (Uttarakhand),Central Division,UTTARAKHAND,19.5676,80.7077,223.42,2349.53,3810.38,3,3,11,84,0,PENDING,APPROVED,72.96,India_Statewise_Power_Infrastructure_Data_RBI kaggle.csv
PRJ_MST_2030,Urban Transit Corridor Project #1030 (West Bengal),Central Division,WEST BENGAL,18.2489,83.4171,220.73,1618.69,2440.33,5,4,27,25,0,APPROVED,PENDING,81.82,India_Statewise_Power_Infrastructure_Data_RBI kaggle.csv
PRJ_MST_2031,Industrial Zone Project #1031 (Andaman And Nicobar Islands),Central Division,ANDAMAN AND NICOBAR ISLANDS,19.2938,75.9355,78.43,577.78,932.01,1,1,28,99,0,APPROVED,APPROVED,60.38,India_Statewise_Power_Infrastructure_Data_RBI kaggle.csv
PRJ_MST_2032,Bulk Water Pipeline Project #1032 (Andhra Pradesh),Central Division,ANDHRA PRADESH,23.0416,76.2917,115.02,1117.94,1560.04,7,5,16,18,0,PENDING,PENDING,95.0,India_Statewise_Power_Infrastructure_Data_RBI kaggle.csv
PRJ_MST_2033,Highway Project #1033 (Arunachal Pradesh),Central Division,ARUNACHAL PRADESH,20.9643,78.4037,169.79,1932.42,2849.81,4,2,20,80,0,PENDING,APPROVED,79.65,India_Statewise_Power_Infrastructure_Data_RBI kaggle.csv
PRJ_MST_2034,Freight Corridor Project #1034 (Assam),Central Division,ASSAM,27.1722,93.5954,171.0,1470.28,2280.23,5,1,22,44,1,APPROVED,APPROVED,79.19,India_Statewise_Power_Infrastructure_Data_RBI kaggle.csv
PRJ_MST_2035,Power Grid Line Project #1035 (Bihar),Central Division,BIHAR,25.0622,86.0108,284.05,3398.14,4298.07,2,3,19,25,0,REJECTED,APPROVED,77.0,India_Statewise_Power_Infrastructure_Data_RBI kaggle.csv
PRJ_MST_2036,Urban Transit Corridor Project #1036 (Chandigarh),Central Division,CHANDIGARH,18.0701,81.2043,194.76,1615.56,2178.27,2,1,10,21,0,APPROVED,PENDING,51.47,India_Statewise_Power_Infrastructure_Data_RBI kaggle.csv
PRJ_MST_2037,Industrial Zone Project #1037 (Chhattisgarh),Central Division,CHHATTISGARH,24.2075,78.8213,238.7,1771.67,2606.1,6,3,33,118,0,REJECTED,APPROVED,95.0,India_Statewise_Power_Infrastructure_Data_RBI kaggle.csv
PRJ_MST_2038,Bulk Water Pipeline Project #1038 (Dadra And Nagar Haveli),Central Division,DADRA AND NAGAR HAVELI,19.092,75.7946,224.56,2541.82,3540.92,7,2,9,57,0,PENDING,PENDING,86.39,India_Statewise_Power_Infrastructure_Data_RBI kaggle.csv
PRJ_MST_2039,Highway Project #1039 (Daman And Diu),Central Division,DAMAN AND DIU,22.7505,80.23,48.22,568.53,822.74,3,2,9,62,0,APPROVED,APPROVED,52.35,India_Statewise_Power_Infrastructure_Data_RBI kaggle.csv
PRJ_MST_2040,Freight Corridor Project #1040 (Delhi),Central Division,DELHI,22.0907,78.2534,167.76,1270.01,1819.67,3,2,5,119,0,APPROVED,APPROVED,57.35,India_Statewise_Power_Infrastructure_Data_RBI kaggle.csv
PRJ_MST_2041,Power Grid Line Project #1041 (Goa),Central Division,GOA,18.6205,81.9322,24.7,218.82,265.16,6,1,35,27,0,PENDING,PENDING,95.0,India_Statewise_Power_Infrastructure_Data_RBI kaggle.csv
PRJ_MST_2042,Urban Transit Corridor Project #1042 (Gujarat),Central Division,GUJARAT,24.1914,78.8218,222.09,2530.88,3799.56,5,2,23,64,1,APPROVED,PENDING,89.86,India_Statewise_Power_Infrastructure_Data_RBI kaggle.csv
PRJ_MST_2043,Industrial Zone Project #1043 (Haryana),Central Division,HARYANA,24.5295,76.8297,173.44,1246.52,1904.3,0,2,11,43,0,APPROVED,APPROVED,38.03,India_Statewise_Power_Infrastructure_Data_RBI kaggle.csv
PRJ_MST_2044,Bulk Water Pipeline Project #1044 (Himachal Pradesh),Central Division,HIMACHAL PRADESH,22.507,77.8366,245.17,1607.84,2647.07,3,0,22,99,0,APPROVED,PENDING,72.29,India_Statewise_Power_Infrastructure_Data_RBI kaggle.csv
PRJ_MST_2045,Highway Project #1045 (Jammu And Kashmir),Central Division,JAMMU AND KASHMIR,21.9433,77.7164,259.3,2617.16,3586.34,3,1,26,42,0,REJECTED,REJECTED,95.0,India_Statewise_Power_Infrastructure_Data_RBI kaggle.csv
PRJ_MST_2046,Freight Corridor Project #1046 (Jharkhand),Central Division,JHARKHAND,23.0066,78.5076,323.03,2468.03,3736.87,5,1,36,36,0,PENDING,PENDING,95.0,India_Statewise_Power_Infrastructure_Data_RBI kaggle.csv
PRJ_MST_2047,Power Grid Line Project #1047 (Karnataka),Central Division,KARNATAKA,20.2794,83.9922,38.76,291.08,472.17,5,0,5,65,0,PENDING,APPROVED,67.28,India_Statewise_Power_Infrastructure_Data_RBI kaggle.csv
PRJ_MST_2048,Urban Transit Corridor Project #1048 (Kerala),Central Division,KERALA,18.5532,79.6081,232.51,1473.08,1978.57,5,1,0,16,0,APPROVED,APPROVED,45.74,India_Statewise_Power_Infrastructure_Data_RBI kaggle.csv
PRJ_MST_2049,Industrial Zone Project #1049 (Lakshadweep),Central Division,LAKSHADWEEP,23.861,78.2127,307.16,2277.11,3284.69,2,2,5,39,0,APPROVED,REJECTED,61.53,India_Statewise_Power_Infrastructure_Data_RBI kaggle.csv
PRJ_MST_2050,Bulk Water Pipeline Project #1050 (Madhya Pradesh),Central Division,MADHYA PRADESH,19.0534,78.3722,185.49,1684.86,2513.51,1,3,21,37,1,APPROVED,APPROVED,67.86,India_Statewise_Power_Infrastructure_Data_RBI kaggle.csv
PRJ_MST_2051,Highway Project #1051 (Maharashtra),Central Division,MAHARASHTRA,20.1864,74.6057,191.31,1558.55,2257.57,0,3,23,84,0,REJECTED,REJECTED,95.0,India_Statewise_Power_Infrastructure_Data_RBI kaggle.csv
PRJ_MST_2052,Freight Corridor Project #1052 (Manipur),Central Division,MANIPUR,20.2712,77.9681,30.11,298.55,473.63,4,2,24,60,0,PENDING,PENDING,82.54,India_Statewise_Power_Infrastructure_Data_RBI kaggle.csv
PRJ_MST_2053,Power Grid Line Project #1053 (Meghalaya),Central Division,MEGHALAYA,25.6161,80.2771,152.09,1556.05,1945.64,6,4,14,8,1,PENDING,REJECTED,95.0,India_Statewise_Power_Infrastructure_Data_RBI kaggle.csv
PRJ_MST_2054,Urban Transit Corridor Project #1054 (Mizoram),Central Division,MIZORAM,20.8652,84.3175,343.64,2644.97,4144.68,1,2,25,76,0,REJECTED,PENDING,88.71,India_Statewise_Power_Infrastructure_Data_RBI kaggle.csv
PRJ_MST_2055,Industrial Zone Project #1055 (Nagaland),Central Division,NAGALAND,23.1476,82.9615,127.63,1332.5,2219.39,1,2,7,74,1,APPROVED,REJECTED,76.85,India_Statewise_Power_Infrastructure_Data_RBI kaggle.csv
PRJ_MST_2056,Bulk Water Pipeline Project #1056 (Odisha),Central Division,ODISHA,18.9677,77.4715,125.72,1109.25,1496.26,0,5,23,60,0,PENDING,APPROVED,68.21,India_Statewise_Power_Infrastructure_Data_RBI kaggle.csv
PRJ_MST_2057,Highway Project #1057 (Puducherry),Central Division,PUDUCHERRY,21.5913,80.5765,87.99,801.98,1150.59,0,4,5,79,0,APPROVED,PENDING,53.28,India_Statewise_Power_Infrastructure_Data_RBI kaggle.csv
PRJ_MST_2058,Freight Corridor Project #1058 (Punjab),Central Division,PUNJAB,19.8113,79.1593,220.81,2176.52,3664.32,5,4,34,15,1,REJECTED,APPROVED,95.0,India_Statewise_Power_Infrastructure_Data_RBI kaggle.csv
PRJ_MST_2059,Power Grid Line Project #1059 (Rajasthan),Central Division,RAJASTHAN,23.6669,75.0402,145.1,1146.0,1609.19,0,7,0,1,1,APPROVED,APPROVED,49.53,India_Statewise_Power_Infrastructure_Data_RBI kaggle.csv
PRJ_MST_2060,Urban Transit Corridor Project #1060 (Sikkim),Central Division,SIKKIM,25.7883,79.0084,197.09,2218.52,3352.59,7,4,35,105,1,APPROVED,PENDING,95.0,India_Statewise_Power_Infrastructure_Data_RBI kaggle.csv
PRJ_MST_2061,Industrial Zone Project #1061 (Tamil Nadu),Central Division,TAMIL NADU,10.6629,78.1656,67.03,657.07,959.17,3,3,11,107,0,PENDING,REJECTED,94.29,India_Statewise_Power_Infrastructure_Data_RBI kaggle.csv
PRJ_MST_2062,Bulk Water Pipeline Project #1062 (Telangana),Central Division,TELANGANA,24.319,80.4956,84.25,698.37,1063.42,2,1,10,71,1,PENDING,REJECTED,91.62,India_Statewise_Power_Infrastructure_Data_RBI kaggle.csv
PRJ_MST_2063,Highway Project #1063 (Tripura),Central Division,TRIPURA,19.4155,79.1248,189.07,2215.44,3451.36,3,2,11,42,1,APPROVED,PENDING,70.28,India_Statewise_Power_Infrastructure_Data_RBI kaggle.csv
PRJ_MST_2064,Freight Corridor Project #1064 (Uttar Pradesh),Central Division,UTTAR PRADESH,28.3248,79.1824,315.61,2296.37,3381.63,6,6,6,41,0,REJECTED,APPROVED,91.19,India_Statewise_Power_Infrastructure_Data_RBI kaggle.csv
PRJ_MST_2065,Power Grid Line Project #1065 (Uttarakhand),Central Division,UTTARAKHAND,23.3022,80.163,157.9,1479.21,2067.4,7,2,10,76,0,APPROVED,APPROVED,70.87,India_Statewise_Power_Infrastructure_Data_RBI kaggle.csv
PRJ_MST_2066,Urban Transit Corridor Project #1066 (West Bengal),Central Division,WEST BENGAL,19.3696,81.3963,75.41,669.79,1074.22,7,1,35,56,0,APPROVED,PENDING,95.0,India_Statewise_Power_Infrastructure_Data_RBI kaggle.csv
PRJ_MST_2067,Industrial Zone Project #1067 (Andaman And Nicobar Islands),Central Division,ANDAMAN AND NICOBAR ISLANDS,22.1602,78.4885,184.61,1891.65,3071.29,6,0,30,80,1,PENDING,APPROVED,95.0,India_Statewise_Power_Infrastructure_Data_RBI kaggle.csv
PRJ_MST_2068,Bulk Water Pipeline Project #1068 (Andhra Pradesh),Central Division,ANDHRA PRADESH,24.0971,83.0267,186.14,2149.44,2690.85,0,0,32,102,0,APPROVED,APPROVED,54.34,India_Statewise_Power_Infrastructure_Data_RBI kaggle.csv
PRJ_MST_2069,Highway Project #1069 (Arunachal Pradesh),Central Division,ARUNACHAL PRADESH,23.4803,75.7338,223.79,1640.97,2470.14,3,4,12,87,0,PENDING,APPROVED,74.26,India_Statewise_Power_Infrastructure_Data_RBI kaggle.csv
PRJ_MST_2070,Freight Corridor Project #1070 (Assam),Central Division,ASSAM,26.3234,93.137,306.47,2268.67,3049.27,5,2,17,66,0,PENDING,APPROVED,74.91,India_Statewise_Power_Infrastructure_Data_RBI kaggle.csv
PRJ_MST_2071,Power Grid Line Project #1071 (Bihar),Central Division,BIHAR,25.4017,85.8496,39.37,449.23,609.07,0,5,23,29,0,REJECTED,APPROVED,79.57,India_Statewise_Power_Infrastructure_Data_RBI kaggle.csv
PRJ_MST_2072,Urban Transit Corridor Project #1072 (Chandigarh),Central Division,CHANDIGARH,25.6187,81.1633,157.31,1048.99,1542.29,2,0,8,115,0,PENDING,APPROVED,64.07,India_Statewise_Power_Infrastructure_Data_RBI kaggle.csv
PRJ_MST_2073,Industrial Zone Project #1073 (Chhattisgarh),Central Division,CHHATTISGARH,25.0516,76.2583,267.72,2179.01,2821.69,1,2,30,12,0,APPROVED,APPROVED,55.69,India_Statewise_Power_Infrastructure_Data_RBI kaggle.csv
PRJ_MST_2074,Bulk Water Pipeline Project #1074 (Dadra And Nagar Haveli),Central Division,DADRA AND NAGAR HAVELI,25.2028,77.2732,337.25,3059.67,5158.92,4,4,9,18,1,PENDING,APPROVED,81.75,India_Statewise_Power_Infrastructure_Data_RBI kaggle.csv
PRJ_MST_2075,Highway Project #1075 (Daman And Diu),Central Division,DAMAN AND DIU,19.7458,76.1755,61.09,493.41,666.16,0,2,1,6,0,REJECTED,REJECTED,69.73,India_Statewise_Power_Infrastructure_Data_RBI kaggle.csv
PRJ_MST_2076,Freight Corridor Project #1076 (Delhi),Central Division,DELHI,20.7282,77.253,172.55,1662.52,2699.24,1,3,14,8,1,PENDING,APPROVED,72.23,India_Statewise_Power_Infrastructure_Data_RBI kaggle.csv
PRJ_MST_2077,Power Grid Line Project #1077 (Goa),Central Division,GOA,19.6025,81.4915,310.34,2718.48,4380.09,6,2,2,82,0,APPROVED,APPROVED,61.31,India_Statewise_Power_Infrastructure_Data_RBI kaggle.csv
PRJ_MST_2078,Urban Transit Corridor Project #1078 (Gujarat),Central Division,GUJARAT,25.3582,77.2927,60.61,383.48,521.55,1,2,30,108,0,APPROVED,PENDING,74.24,India_Statewise_Power_Infrastructure_Data_RBI kaggle.csv
PRJ_MST_2079,Industrial Zone Project #1079 (Haryana),Central Division,HARYANA,19.4063,77.9187,150.26,1345.47,1799.28,6,0,5,53,0,REJECTED,APPROVED,74.64,India_Statewise_Power_Infrastructure_Data_RBI kaggle.csv
PRJ_MST_2080,Bulk Water Pipeline Project #1080 (Himachal Pradesh),Central Division,HIMACHAL PRADESH,18.2554,76.3133,81.81,639.02,1007.16,3,4,2,103,0,APPROVED,REJECTED,75.21,India_Statewise_Power_Infrastructure_Data_RBI kaggle.csv
PRJ_MST_2081,Highway Project #1081 (Jammu And Kashmir),Central Division,JAMMU AND KASHMIR,24.6317,77.2902,35.28,335.92,405.09,7,5,10,85,0,APPROVED,PENDING,87.0,India_Statewise_Power_Infrastructure_Data_RBI kaggle.csv
PRJ_MST_2082,Freight Corridor Project #1082 (Jharkhand),Central Division,JHARKHAND,22.953,82.7012,215.24,1459.77,2367.65,7,2,14,81,1,APPROVED,APPROVED,85.64,India_Statewise_Power_Infrastructure_Data_RBI kaggle.csv
PRJ_MST_2083,Power Grid Line Project #1083 (Karnataka),Central Division,KARNATAKA,18.4271,78.8643,325.05,3186.19,5352.53,5,3,27,60,0,APPROVED,APPROVED,76.19,India_Statewise_Power_Infrastructure_Data_RBI kaggle.csv
PRJ_MST_2084,Urban Transit Corridor Project #1084 (Kerala),Central Division,KERALA,18.2673,77.6351,107.09,653.23,937.44,6,6,9,86,0,APPROVED,REJECTED,91.18,India_Statewise_Power_Infrastructure_Data_RBI kaggle.csv
PRJ_MST_2085,Industrial Zone Project #1085 (Lakshadweep),Central Division,LAKSHADWEEP,23.5218,75.8138,342.74,4007.63,6656.11,5,2,6,1,0,PENDING,REJECTED,84.06,India_Statewise_Power_Infrastructure_Data_RBI kaggle.csv
PRJ_MST_2086,Bulk Water Pipeline Project #1086 (Madhya Pradesh),Central Division,MADHYA PRADESH,20.5297,75.0825,85.56,652.86,852.39,5,3,14,49,0,APPROVED,APPROVED,64.17,India_Statewise_Power_Infrastructure_Data_RBI kaggle.csv
PRJ_MST_2087,Highway Project #1087 (Maharashtra),Central Division,MAHARASHTRA,19.2084,74.8102,321.39,2382.35,3485.97,4,3,17,113,1,APPROVED,PENDING,91.63,India_Statewise_Power_Infrastructure_Data_RBI kaggle.csv
PRJ_MST_2088,Freight Corridor Project #1088 (Manipur),Central Division,MANIPUR,25.1463,76.2564,137.48,1446.75,1988.99,1,1,17,74,0,PENDING,APPROVED,61.35,India_Statewise_Power_Infrastructure_Data_RBI kaggle.csv
PRJ_MST_2089,Power Grid Line Project #1089 (Meghalaya),Central Division,MEGHALAYA,21.7803,82.896,220.46,2472.98,2992.36,1,2,23,30,0,PENDING,REJECTED,77.43,India_Statewise_Power_Infrastructure_Data_RBI kaggle.csv
PRJ_MST_2090,Urban Transit Corridor Project #1090 (Mizoram),Central Division,MIZORAM,19.9225,84.4225,221.07,2093.1,3168.51,3,5,1,32,0,APPROVED,APPROVED,48.19,India_Statewise_Power_Infrastructure_Data_RBI kaggle.csv
PRJ_MST_2091,Industrial Zone Project #1091 (Nagaland),Central Division,NAGALAND,20.7883,76.5303,46.6,457.95,736.76,3,1,19,77,0,APPROVED,REJECTED,79.18,India_Statewise_Power_Infrastructure_Data_RBI kaggle.csv
PRJ_MST_2092,Bulk Water Pipeline Project #1092 (Odisha),Central Division,ODISHA,22.9089,83.7024,347.99,3700.1,4752.41,2,3,33,79,0,PENDING,PENDING,86.9,India_Statewise_Power_Infrastructure_Data_RBI kaggle.csv
PRJ_MST_2093,Highway Project #1093 (Puducherry),Central Division,PUDUCHERRY,19.2588,75.014,277.34,2014.29,2466.4,0,3,25,10,0,PENDING,PENDING,68.76,India_Statewise_Power_Infrastructure_Data_RBI kaggle.csv
PRJ_MST_2094,Freight Corridor Project #1094 (Punjab),Central Division,PUNJAB,21.3922,80.0089,69.74,805.48,1035.98,4,3,6,32,0,REJECTED,PENDING,89.6,India_Statewise_Power_Infrastructure_Data_RBI kaggle.csv
PRJ_MST_2095,Power Grid Line Project #1095 (Rajasthan),Central Division,RAJASTHAN,25.5154,81.7451,185.59,2217.61,2707.9,7,2,29,6,0,APPROVED,APPROVED,73.31,India_Statewise_Power_Infrastructure_Data_RBI kaggle.csv
PRJ_MST_2096,Urban Transit Corridor Project #1096 (Sikkim),Central Division,SIKKIM,24.1321,78.3783,229.36,2701.75,4068.18,2,2,4,30,0,REJECTED,APPROVED,62.42,India_Statewise_Power_Infrastructure_Data_RBI kaggle.csv
PRJ_MST_2097,Industrial Zone Project #1097 (Tamil Nadu),Central Division,TAMIL NADU,10.8146,78.8609,59.76,714.22,1110.72,0,2,10,47,1,APPROVED,APPROVED,47.11,India_Statewise_Power_Infrastructure_Data_RBI kaggle.csv
PRJ_MST_2098,Bulk Water Pipeline Project #1098 (Telangana),Central Division,TELANGANA,22.8301,82.413,85.3,707.16,1093.55,1,0,0,109,0,APPROVED,APPROVED,36.96,India_Statewise_Power_Infrastructure_Data_RBI kaggle.csv
PRJ_MST_2099,Highway Project #1099 (Tripura),Central Division,TRIPURA,20.1409,78.4093,203.09,1843.8,2888.26,1,1,33,46,1,PENDING,PENDING,95.0,India_Statewise_Power_Infrastructure_Data_RBI kaggle.csv
PRJ_MST_2100,Freight Corridor Project #1100 (Uttar Pradesh),Central Division,UTTAR PRADESH,28.4952,79.2263,23.3,222.65,356.54,5,0,0,77,1,PENDING,APPROVED,75.48,India_Statewise_Power_Infrastructure_Data_RBI kaggle.csv
PRJ_MST_2101,Power Grid Line Project #1101 (Uttarakhand),Central Division,UTTARAKHAND,18.8174,81.0033,153.66,1708.56,2200.81,1,0,18,91,0,REJECTED,APPROVED,68.41,India_Statewise_Power_Infrastructure_Data_RBI kaggle.csv
PRJ_MST_2102,Urban Transit Corridor Project #1102 (West Bengal),Central Division,WEST BENGAL,25.8948,78.661,312.42,1939.43,3238.31,2,2,1,52,0,APPROVED,REJECTED,66.15,India_Statewise_Power_Infrastructure_Data_RBI kaggle.csv
PRJ_MST_2103,Industrial Zone Project #1103 (Andaman And Nicobar Islands),Central Division,ANDAMAN AND NICOBAR ISLANDS,22.4994,81.3326,97.39,650.61,1057.96,7,3,20,106,0,PENDING,REJECTED,95.0,India_Statewise_Power_Infrastructure_Data_RBI kaggle.csv
PRJ_MST_2104,Bulk Water Pipeline Project #1104 (Andhra Pradesh),Central Division,ANDHRA PRADESH,21.1096,79.0076,53.78,371.62,631.54,7,0,19,79,0,APPROVED,REJECTED,94.18,India_Statewise_Power_Infrastructure_Data_RBI kaggle.csv
PRJ_MST_2105,Highway Project #1105 (Arunachal Pradesh),Central Division,ARUNACHAL PRADESH,20.9262,76.9544,149.32,1492.43,1864.27,3,3,22,18,0,APPROVED,REJECTED,77.18,India_Statewise_Power_Infrastructure_Data_RBI kaggle.csv
PRJ_MST_2106,Freight Corridor Project #1106 (Assam),Central Division,ASSAM,27.4747,90.777,283.54,2456.92,3600.13,3,1,20,80,0,APPROVED,APPROVED,59.84,India_Statewise_Power_Infrastructure_Data_RBI kaggle.csv
PRJ_MST_2107,Power Grid Line Project #1107 (Bihar),Central Division,BIHAR,25.2346,87.5469,274.72,2275.07,2833.68,4,1,23,89,0,PENDING,APPROVED,79.4,India_Statewise_Power_Infrastructure_Data_RBI kaggle.csv
PRJ_MST_2108,Urban Transit Corridor Project #1108 (Chandigarh),Central Division,CHANDIGARH,19.28,78.7,267.82,2855.5,4486.01,0,6,3,5,1,APPROVED,PENDING,59.3,India_Statewise_Power_Infrastructure_Data_RBI kaggle.csv
PRJ_MST_2109,Industrial Zone Project #1109 (Chhattisgarh),Central Division,CHHATTISGARH,25.5325,75.2164,46.08,371.81,562.37,5,4,11,106,0,APPROVED,PENDING,82.04,India_Statewise_Power_Infrastructure_Data_RBI kaggle.csv
PRJ_MST_2110,Bulk Water Pipeline Project #1110 (Dadra And Nagar Haveli),Central Division,DADRA AND NAGAR HAVELI,24.6474,78.851,311.05,3144.93,5282.91,7,2,21,48,0,APPROVED,APPROVED,78.84,India_Statewise_Power_Infrastructure_Data_RBI kaggle.csv
PRJ_MST_2111,Highway Project #1111 (Daman And Diu),Central Division,DAMAN AND DIU,19.3732,83.8962,45.75,306.09,402.45,0,4,19,72,0,APPROVED,PENDING,60.4,India_Statewise_Power_Infrastructure_Data_RBI kaggle.csv
PRJ_MST_2112,Freight Corridor Project #1112 (Delhi),Central Division,DELHI,22.4401,83.5736,103.34,937.64,1356.9,2,4,17,49,0,PENDING,APPROVED,74.68,India_Statewise_Power_Infrastructure_Data_RBI kaggle.csv
PRJ_MST_2113,Power Grid Line Project #1113 (Goa),Central Division,GOA,23.6123,81.2305,32.76,371.95,551.66,6,0,0,80,0,APPROVED,APPROVED,53.65,India_Statewise_Power_Infrastructure_Data_RBI kaggle.csv
PRJ_MST_2114,Urban Transit Corridor Project #1114 (Gujarat),Central Division,GUJARAT,25.8568,79.4887,284.31,2522.85,3861.35,4,3,29,94,1,APPROVED,PENDING,95.0,India_Statewise_Power_Infrastructure_Data_RBI kaggle.csv
PRJ_MST_2115,Industrial Zone Project #1115 (Haryana),Central Division,HARYANA,18.4029,83.1367,31.3,295.66,356.01,4,3,32,11,1,PENDING,PENDING,95.0,India_Statewise_Power_Infrastructure_Data_RBI kaggle.csv
PRJ_MST_2116,Bulk Water Pipeline Project #1116 (Himachal Pradesh),Central Division,HIMACHAL PRADESH,18.1583,78.9932,314.94,3261.75,4555.43,7,6,23,22,1,APPROVED,PENDING,95.0,India_Statewise_Power_Infrastructure_Data_RBI kaggle.csv
PRJ_MST_2117,Highway Project #1117 (Jammu And Kashmir),Central Division,JAMMU AND KASHMIR,22.8104,77.8743,342.46,3145.23,4325.09,1,1,13,53,0,REJECTED,APPROVED,71.23,India_Statewise_Power_Infrastructure_Data_RBI kaggle.csv
PRJ_MST_2118,Freight Corridor Project #1118 (Jharkhand),Central Division,JHARKHAND,20.3389,78.7873,315.85,2034.79,3291.72,3,4,35,117,0,PENDING,REJECTED,95.0,India_Statewise_Power_Infrastructure_Data_RBI kaggle.csv
PRJ_MST_2119,Power Grid Line Project #1119 (Karnataka),Central Division,KARNATAKA,22.2306,84.2659,237.96,2516.26,3323.42,5,2,4,68,0,PENDING,APPROVED,68.52,India_Statewise_Power_Infrastructure_Data_RBI kaggle.csv
PRJ_MST_2120,Urban Transit Corridor Project #1120 (Kerala),Central Division,KERALA,25.7754,75.594,115.38,972.95,1634.97,3,2,10,106,0,PENDING,APPROVED,73.26,India_Statewise_Power_Infrastructure_Data_RBI kaggle.csv
PRJ_MST_2121,Industrial Zone Project #1121 (Lakshadweep),Central Division,LAKSHADWEEP,19.735,80.1505,233.72,1866.31,2971.46,6,2,23,99,0,PENDING,REJECTED,95.0,India_Statewise_Power_Infrastructure_Data_RBI kaggle.csv
PRJ_MST_2122,Bulk Water Pipeline Project #1122 (Madhya Pradesh),Central Division,MADHYA PRADESH,23.3045,83.8385,282.34,2637.83,4473.75,4,2,30,58,0,PENDING,REJECTED,95.0,India_Statewise_Power_Infrastructure_Data_RBI kaggle.csv
PRJ_MST_2123,Highway Project #1123 (Maharashtra),Central Division,MAHARASHTRA,18.9501,74.8606,204.8,2445.1,3516.45,2,2,12,35,0,APPROVED,REJECTED,67.01,India_Statewise_Power_Infrastructure_Data_RBI kaggle.csv
PRJ_MST_2124,Freight Corridor Project #1124 (Manipur),Central Division,MANIPUR,22.0426,77.0351,190.56,1236.74,2029.5,0,1,15,2,0,PENDING,PENDING,58.55,India_Statewise_Power_Infrastructure_Data_RBI kaggle.csv
PRJ_MST_2125,Power Grid Line Project #1125 (Meghalaya),Central Division,MEGHALAYA,24.2076,83.6167,285.19,2178.04,3048.8,0,0,23,57,0,PENDING,PENDING,65.67,India_Statewise_Power_Infrastructure_Data_RBI kaggle.csv
PRJ_MST_2126,Urban Transit Corridor Project #1126 (Mizoram),Central Division,MIZORAM,18.7756,79.3754,220.09,2208.36,3184.91,2,3,12,87,1,PENDING,PENDING,90.91,India_Statewise_Power_Infrastructure_Data_RBI kaggle.csv
PRJ_MST_2127,Industrial Zone Project #1127 (Nagaland),Central Division,NAGALAND,25.7448,83.0579,127.38,1107.69,1598.76,7,4,23,54,0,APPROVED,APPROVED,83.39,India_Statewise_Power_Infrastructure_Data_RBI kaggle.csv
PRJ_MST_2128,Bulk Water Pipeline Project #1128 (Odisha),Central Division,ODISHA,24.6836,77.1449,288.1,3079.11,5007.56,2,6,25,56,1,APPROVED,APPROVED,86.96,India_Statewise_Power_Infrastructure_Data_RBI kaggle.csv
PRJ_MST_2129,Highway Project #1129 (Puducherry),Central Division,PUDUCHERRY,23.4775,75.6555,26.19,216.87,354.23,6,4,1,16,1,PENDING,APPROVED,83.05,India_Statewise_Power_Infrastructure_Data_RBI kaggle.csv
PRJ_MST_2130,Freight Corridor Project #1130 (Punjab),Central Division,PUNJAB,18.1683,78.5278,158.51,1279.33,1767.86,2,2,15,38,0,APPROVED,APPROVED,46.75,India_Statewise_Power_Infrastructure_Data_RBI kaggle.csv
PRJ_MST_2131,Power Grid Line Project #1131 (Rajasthan),Central Division,RAJASTHAN,18.2219,75.1049,90.05,768.46,1106.04,5,2,0,89,0,APPROVED,PENDING,56.57,India_Statewise_Power_Infrastructure_Data_RBI kaggle.csv
PRJ_MST_2132,Urban Transit Corridor Project #1132 (Sikkim),Central Division,SIKKIM,20.2359,82.185,173.43,1576.04,2472.28,2,6,10,67,0,PENDING,APPROVED,67.44,India_Statewise_Power_Infrastructure_Data_RBI kaggle.csv
PRJ_MST_2133,Industrial Zone Project #1133 (Tamil Nadu),Central Division,TAMIL NADU,10.5776,78.8547,282.03,2053.2,3371.09,5,3,34,54,1,APPROVED,APPROVED,91.39,India_Statewise_Power_Infrastructure_Data_RBI kaggle.csv
PRJ_MST_2134,Bulk Water Pipeline Project #1134 (Telangana),Central Division,TELANGANA,23.184,83.8428,64.31,466.31,774.29,4,3,28,44,0,APPROVED,APPROVED,74.58,India_Statewise_Power_Infrastructure_Data_RBI kaggle.csv
PRJ_MST_2135,Highway Project #1135 (Tripura),Central Division,TRIPURA,22.9425,75.1086,180.2,1576.78,2065.54,0,2,36,75,1,PENDING,PENDING,92.51,India_Statewise_Power_Infrastructure_Data_RBI kaggle.csv
PRJ_MST_2136,Freight Corridor Project #1136 (Uttar Pradesh),Central Division,UTTAR PRADESH,27.4841,82.4129,247.45,2167.79,3329.15,5,0,16,0,0,APPROVED,APPROVED,50.42,India_Statewise_Power_Infrastructure_Data_RBI kaggle.csv
PRJ_MST_2137,Power Grid Line Project #1137 (Uttarakhand),Central Division,UTTARAKHAND,18.8013,81.0291,78.46,772.22,994.29,2,2,27,20,1,APPROVED,REJECTED,86.72,India_Statewise_Power_Infrastructure_Data_RBI kaggle.csv
PRJ_MST_2138,Urban Transit Corridor Project #1138 (West Bengal),Central Division,WEST BENGAL,25.5619,80.7369,259.97,1841.32,2312.6,3,2,28,82,1,APPROVED,APPROVED,77.07,India_Statewise_Power_Infrastructure_Data_RBI kaggle.csv
PRJ_MST_2139,Industrial Zone Project #1139 (Andaman And Nicobar Islands),Central Division,ANDAMAN AND NICOBAR ISLANDS,25.2648,75.9615,198.92,2339.47,2896.93,7,2,2,20,0,REJECTED,APPROVED,79.78,India_Statewise_Power_Infrastructure_Data_RBI kaggle.csv
PRJ_MST_2140,Bulk Water Pipeline Project #1140 (Andhra Pradesh),Central Division,ANDHRA PRADESH,24.7637,75.8873,22.82,197.32,301.5,3,4,9,51,0,REJECTED,PENDING,89.38,India_Statewise_Power_Infrastructure_Data_RBI kaggle.csv
PRJ_MST_2141,Highway Project #1141 (Arunachal Pradesh),Central Division,ARUNACHAL PRADESH,24.2503,82.5635,122.01,1343.77,2207.74,3,1,13,81,0,PENDING,PENDING,78.83,India_Statewise_Power_Infrastructure_Data_RBI kaggle.csv
PRJ_MST_2142,Freight Corridor Project #1142 (Assam),Central Division,ASSAM,25.8225,92.6713,228.65,2551.5,3251.42,4,2,11,42,0,APPROVED,APPROVED,47.94,India_Statewise_Power_Infrastructure_Data_RBI kaggle.csv
PRJ_MST_2143,Power Grid Line Project #1143 (Bihar),Central Division,BIHAR,26.9909,83.5452,198.44,1488.73,2390.71,5,3,29,51,0,APPROVED,PENDING,88.56,India_Statewise_Power_Infrastructure_Data_RBI kaggle.csv
PRJ_MST_2144,Urban Transit Corridor Project #1144 (Chandigarh),Central Division,CHANDIGARH,20.352,79.1495,317.68,2040.48,2540.31,4,6,31,66,1,PENDING,PENDING,95.0,India_Statewise_Power_Infrastructure_Data_RBI kaggle.csv
PRJ_MST_2145,Industrial Zone Project #1145 (Chhattisgarh),Central Division,CHHATTISGARH,21.1593,78.2786,276.69,2910.59,4354.96,2,3,31,112,0,PENDING,APPROVED,82.16,India_Statewise_Power_Infrastructure_Data_RBI kaggle.csv
PRJ_MST_2146,Bulk Water Pipeline Project #1146 (Dadra And Nagar Haveli),Central Division,DADRA AND NAGAR HAVELI,25.4301,77.9829,38.0,248.86,370.55,4,2,31,43,1,APPROVED,REJECTED,95.0,India_Statewise_Power_Infrastructure_Data_RBI kaggle.csv
PRJ_MST_2147,Highway Project #1147 (Daman And Diu),Central Division,DAMAN AND DIU,23.649,75.2903,141.96,1101.3,1864.38,1,3,25,31,1,PENDING,PENDING,91.22,India_Statewise_Power_Infrastructure_Data_RBI kaggle.csv
PRJ_MST_2148,Freight Corridor Project #1148 (Delhi),Central Division,DELHI,20.515,80.2665,88.78,801.7,1362.89,1,2,0,9,0,REJECTED,PENDING,68.01,India_Statewise_Power_Infrastructure_Data_RBI kaggle.csv
PRJ_MST_2149,Power Grid Line Project #1149 (Goa),Central Division,GOA,21.5983,76.1514,147.96,1697.66,2180.56,1,3,1,63,1,APPROVED,REJECTED,62.56,India_Statewise_Power_Infrastructure_Data_RBI kaggle.csv
PRJ_MST_2150,Urban Transit Corridor Project #1150 (Gujarat),Central Division,GUJARAT,20.2021,77.6189,83.15,741.22,1215.72,1,2,16,103,0,APPROVED,REJECTED,71.46,India_Statewise_Power_Infrastructure_Data_RBI kaggle.csv
PRJ_MST_2151,Industrial Zone Project #1151 (Haryana),Central Division,HARYANA,23.5721,81.4162,297.3,3187.93,5287.82,1,1,29,78,1,APPROVED,PENDING,82.93,India_Statewise_Power_Infrastructure_Data_RBI kaggle.csv
PRJ_MST_2152,Bulk Water Pipeline Project #1152 (Himachal Pradesh),Central Division,HIMACHAL PRADESH,20.5706,78.339,258.21,1920.35,2329.13,1,3,6,68,0,PENDING,PENDING,66.72,India_Statewise_Power_Infrastructure_Data_RBI kaggle.csv
PRJ_MST_2153,Highway Project #1153 (Jammu And Kashmir),Central Division,JAMMU AND KASHMIR,19.9123,84.5717,25.68,239.75,405.26,2,4,26,67,0,PENDING,PENDING,89.59,India_Statewise_Power_Infrastructure_Data_RBI kaggle.csv
PRJ_MST_2154,Freight Corridor Project #1154 (Jharkhand),Central Division,JHARKHAND,19.3778,80.512,41.34,341.44,422.66,6,2,8,27,0,APPROVED,PENDING,72.45,India_Statewise_Power_Infrastructure_Data_RBI kaggle.csv
PRJ_MST_2155,Power Grid Line Project #1155 (Karnataka),Central Division,KARNATAKA,24.7737,81.8879,119.7,793.66,1314.0,4,2,21,52,0,APPROVED,PENDING,71.58,India_Statewise_Power_Infrastructure_Data_RBI kaggle.csv
PRJ_MST_2156,Urban Transit Corridor Project #1156 (Kerala),Central Division,KERALA,21.7972,78.338,161.67,1916.25,3117.32,6,1,33,115,0,REJECTED,PENDING,95.0,India_Statewise_Power_Infrastructure_Data_RBI kaggle.csv
PRJ_MST_2157,Industrial Zone Project #1157 (Lakshadweep),Central Division,LAKSHADWEEP,24.4907,83.9841,206.94,2389.13,3456.59,2,1,0,50,0,PENDING,APPROVED,51.34,India_Statewise_Power_Infrastructure_Data_RBI kaggle.csv
PRJ_MST_2158,Bulk Water Pipeline Project #1158 (Madhya Pradesh),Central Division,MADHYA PRADESH,18.1008,82.3593,55.1,644.14,920.23,2,0,8,52,0,REJECTED,REJECTED,75.37,India_Statewise_Power_Infrastructure_Data_RBI kaggle.csv
PRJ_MST_2159,Highway Project #1159 (Maharashtra),Central Division,MAHARASHTRA,20.1068,73.8495,298.82,1889.51,2584.47,5,0,19,3,1,APPROVED,REJECTED,87.78,India_Statewise_Power_Infrastructure_Data_RBI kaggle.csv
PRJ_MST_2160,Freight Corridor Project #1160 (Manipur),Central Division,MANIPUR,25.3213,82.9662,38.65,385.3,483.67,0,2,18,78,0,APPROVED,APPROVED,46.63,India_Statewise_Power_Infrastructure_Data_RBI kaggle.csv
PRJ_MST_2161,Power Grid Line Project #1161 (Meghalaya),Central Division,MEGHALAYA,19.4139,84.1424,254.39,2764.53,4174.27,2,2,35,16,0,APPROVED,PENDING,72.18,India_Statewise_Power_Infrastructure_Data_RBI kaggle.csv
PRJ_MST_2162,Urban Transit Corridor Project #1162 (Mizoram),Central Division,MIZORAM,20.7068,81.3196,68.15,631.23,776.9,3,1,3,107,0,APPROVED,APPROVED,46.49,India_Statewise_Power_Infrastructure_Data_RBI kaggle.csv
PRJ_MST_2163,Industrial Zone Project #1163 (Nagaland),Central Division,NAGALAND,20.4601,80.0497,244.39,2929.03,4351.06,1,4,8,66,1,APPROVED,APPROVED,57.9,India_Statewise_Power_Infrastructure_Data_RBI kaggle.csv
PRJ_MST_2164,Bulk Water Pipeline Project #1164 (Odisha),Central Division,ODISHA,19.2325,77.4225,172.16,1120.38,1823.64,1,4,21,73,1,APPROVED,PENDING,82.14,India_Statewise_Power_Infrastructure_Data_RBI kaggle.csv
PRJ_MST_2165,Highway Project #1165 (Puducherry),Central Division,PUDUCHERRY,18.159,77.1741,127.77,1469.45,2476.43,3,4,17,46,0,PENDING,APPROVED,75.57,India_Statewise_Power_Infrastructure_Data_RBI kaggle.csv
PRJ_MST_2166,Freight Corridor Project #1166 (Punjab),Central Division,PUNJAB,24.9265,80.7558,277.32,2935.94,4638.72,2,2,11,105,0,REJECTED,PENDING,85.69,India_Statewise_Power_Infrastructure_Data_RBI kaggle.csv
PRJ_MST_2167,Power Grid Line Project #1167 (Rajasthan),Central Division,RAJASTHAN,24.7947,75.3428,27.14,257.05,394.29,0,1,8,55,0,PENDING,PENDING,56.48,India_Statewise_Power_Infrastructure_Data_RBI kaggle.csv
PRJ_MST_2168,Urban Transit Corridor Project #1168 (Sikkim),Central Division,SIKKIM,19.9768,81.0414,260.95,2450.8,3644.62,2,2,5,22,0,PENDING,PENDING,62.98,India_Statewise_Power_Infrastructure_Data_RBI kaggle.csv
PRJ_MST_2169,Industrial Zone Project #1169 (Tamil Nadu),Central Division,TAMIL NADU,11.1309,78.6442,36.23,241.93,302.22,2,1,18,17,1,REJECTED,APPROVED,84.87,India_Statewise_Power_Infrastructure_Data_RBI kaggle.csv
PRJ_MST_2170,Bulk Water Pipeline Project #1170 (Telangana),Central Division,TELANGANA,25.7573,82.1534,97.17,662.91,913.98,2,1,6,0,0,APPROVED,APPROVED,35.85,India_Statewise_Power_Infrastructure_Data_RBI kaggle.csv
PRJ_MST_2171,Highway Project #1171 (Tripura),Central Division,TRIPURA,20.1709,83.0698,292.37,3191.94,4219.93,3,2,15,34,1,APPROVED,PENDING,76.69,India_Statewise_Power_Infrastructure_Data_RBI kaggle.csv
PRJ_MST_2172,Freight Corridor Project #1172 (Uttar Pradesh),Central Division,UTTAR PRADESH,26.0317,82.9111,68.49,617.24,832.09,6,1,4,63,0,PENDING,REJECTED,84.04,India_Statewise_Power_Infrastructure_Data_RBI kaggle.csv
PRJ_MST_2173,Power Grid Line Project #1173 (Uttarakhand),Central Division,UTTARAKHAND,21.4587,79.8327,152.16,955.06,1514.84,1,5,15,116,1,APPROVED,PENDING,81.25,India_Statewise_Power_Infrastructure_Data_RBI kaggle.csv
PRJ_MST_2174,Urban Transit Corridor Project #1174 (West Bengal),Central Division,WEST BENGAL,23.4979,79.6,208.51,2394.24,3181.1,6,2,0,57,0,REJECTED,APPROVED,78.63,India_Statewise_Power_Infrastructure_Data_RBI kaggle.csv
PRJ_MST_2175,Industrial Zone Project #1175 (Andaman And Nicobar Islands),Central Division,ANDAMAN AND NICOBAR ISLANDS,22.1872,79.3216,122.35,1348.08,2123.0,3,3,36,94,1,APPROVED,PENDING,95.0,India_Statewise_Power_Infrastructure_Data_RBI kaggle.csv
PRJ_MST_2176,Bulk Water Pipeline Project #1176 (Andhra Pradesh),Central Division,ANDHRA PRADESH,21.4994,78.9096,29.71,240.66,381.85,1,2,18,58,1,PENDING,PENDING,88.01,India_Statewise_Power_Infrastructure_Data_RBI kaggle.csv
PRJ_MST_2177,Highway Project #1177 (Arunachal Pradesh),Central Division,ARUNACHAL PRADESH,22.345,77.8234,72.17,683.16,1072.88,2,4,36,107,1,APPROVED,PENDING,95.0,India_Statewise_Power_Infrastructure_Data_RBI kaggle.csv
PRJ_MST_2178,Freight Corridor Project #1178 (Assam),Central Division,ASSAM,27.4952,91.6112,143.3,1606.69,2670.05,6,1,16,0,0,APPROVED,APPROVED,65.02,India_Statewise_Power_Infrastructure_Data_RBI kaggle.csv
PRJ_MST_2179,Power Grid Line Project #1179 (Bihar),Central Division,BIHAR,25.6276,86.1548,341.64,3834.74,5250.74,7,4,25,2,0,PENDING,PENDING,95.0,India_Statewise_Power_Infrastructure_Data_RBI kaggle.csv
PRJ_MST_2180,Urban Transit Corridor Project #1180 (Chandigarh),Central Division,CHANDIGARH,19.3304,75.9796,209.87,2250.73,3204.75,0,5,21,66,0,PENDING,PENDING,69.94,India_Statewise_Power_Infrastructure_Data_RBI kaggle.csv
PRJ_MST_2181,Industrial Zone Project #1181 (Chhattisgarh),Central Division,CHHATTISGARH,20.404,83.0653,165.77,1735.35,2506.02,1,2,7,36,0,PENDING,REJECTED,70.59,India_Statewise_Power_Infrastructure_Data_RBI kaggle.csv
PRJ_MST_2182,Bulk Water Pipeline Project #1182 (Dadra And Nagar Haveli),Central Division,DADRA AND NAGAR HAVELI,21.946,78.0399,207.69,1256.07,1655.13,6,3,32,82,0,APPROVED,APPROVED,88.16,India_Statewise_Power_Infrastructure_Data_RBI kaggle.csv
PRJ_MST_2183,Highway Project #1183 (Daman And Diu),Central Division,DAMAN AND DIU,25.4577,83.0276,153.09,1107.8,1675.39,6,4,1,28,0,REJECTED,PENDING,88.28,India_Statewise_Power_Infrastructure_Data_RBI kaggle.csv
PRJ_MST_2184,Freight Corridor Project #1184 (Delhi),Central Division,DELHI,19.5709,79.2288,272.81,2083.03,2642.2,6,2,29,88,0,PENDING,REJECTED,95.0,India_Statewise_Power_Infrastructure_Data_RBI kaggle.csv
PRJ_MST_2185,Power Grid Line Project #1185 (Goa),Central Division,GOA,21.4593,77.9894,103.61,802.32,1165.73,4,0,19,32,0,REJECTED,APPROVED,75.64,India_Statewise_Power_Infrastructure_Data_RBI kaggle.csv
PRJ_MST_2186,Urban Transit Corridor Project #1186 (Gujarat),Central Division,GUJARAT,22.4166,75.478,332.82,2328.17,3494.73,2,4,17,99,0,APPROVED,REJECTED,84.33,India_Statewise_Power_Infrastructure_Data_RBI kaggle.csv
PRJ_MST_2187,Industrial Zone Project #1187 (Haryana),Central Division,HARYANA,23.475,80.3872,290.15,1920.31,2852.43,1,2,9,60,0,PENDING,PENDING,62.94,India_Statewise_Power_Infrastructure_Data_RBI kaggle.csv
PRJ_MST_2188,Bulk Water Pipeline Project #1188 (Himachal Pradesh),Central Division,HIMACHAL PRADESH,25.6642,82.7093,52.42,499.96,622.84,4,4,23,92,0,APPROVED,APPROVED,71.71,India_Statewise_Power_Infrastructure_Data_RBI kaggle.csv
PRJ_MST_2189,Highway Project #1189 (Jammu And Kashmir),Central Division,JAMMU AND KASHMIR,20.7368,75.3621,187.85,1226.87,1773.18,4,3,3,89,0,REJECTED,APPROVED,77.42,India_Statewise_Power_Infrastructure_Data_RBI kaggle.csv
PRJ_MST_2190,Freight Corridor Project #1190 (Jharkhand),Central Division,JHARKHAND,22.1363,84.8677,157.61,1841.1,2566.36,6,3,36,3,0,APPROVED,PENDING,95.0,India_Statewise_Power_Infrastructure_Data_RBI kaggle.csv
PRJ_MST_2191,Power Grid Line Project #1191 (Karnataka),Central Division,KARNATAKA,25.989,78.3156,69.29,456.75,726.76,5,4,3,112,0,PENDING,APPROVED,80.64,India_Statewise_Power_Infrastructure_Data_RBI kaggle.csv
PRJ_MST_2192,Urban Transit Corridor Project #1192 (Kerala),Central Division,KERALA,19.5133,75.1686,170.7,2019.83,3246.4,1,3,12,13,1,APPROVED,PENDING,71.09,India_Statewise_Power_Infrastructure_Data_RBI kaggle.csv
PRJ_MST_2193,Industrial Zone Project #1193 (Lakshadweep),Central Division,LAKSHADWEEP,22.5774,76.5946,102.89,773.49,1085.04,2,0,24,113,1,PENDING,APPROVED,78.89,India_Statewise_Power_Infrastructure_Data_RBI kaggle.csv
PRJ_MST_2194,Bulk Water Pipeline Project #1194 (Madhya Pradesh),Central Division,MADHYA PRADESH,21.1286,76.6108,74.75,600.63,739.79,5,2,12,90,1,APPROVED,PENDING,81.9,India_Statewise_Power_Infrastructure_Data_RBI kaggle.csv
PRJ_MST_2195,Highway Project #1195 (Maharashtra),Central Division,MAHARASHTRA,18.1292,73.5585,69.45,697.42,888.62,2,2,17,32,1,APPROVED,APPROVED,65.48,India_Statewise_Power_Infrastructure_Data_RBI kaggle.csv
PRJ_MST_2196,Freight Corridor Project #1196 (Manipur),Central Division,MANIPUR,20.4175,81.8472,237.16,1811.88,2775.51,6,3,23,21,0,PENDING,REJECTED,95.0,India_Statewise_Power_Infrastructure_Data_RBI kaggle.csv
PRJ_MST_2197,Power Grid Line Project #1197 (Meghalaya),Central Division,MEGHALAYA,24.7575,84.1981,267.8,1648.89,2072.8,0,4,1,47,0,APPROVED,REJECTED,52.01,India_Statewise_Power_Infrastructure_Data_RBI kaggle.csv
PRJ_MST_2198,Urban Transit Corridor Project #1198 (Mizoram),Central Division,MIZORAM,24.8142,78.5499,135.19,1287.6,2099.99,5,1,32,2,0,APPROVED,REJECTED,94.8,India_Statewise_Power_Infrastructure_Data_RBI kaggle.csv
PRJ_MST_2199,Industrial Zone Project #1199 (Nagaland),Central Division,NAGALAND,23.754,75.7191,136.17,1488.3,1788.49,4,1,18,86,0,APPROVED,PENDING,68.31,India_Statewise_Power_Infrastructure_Data_RBI kaggle.csv
PRJ_MST_2200,Bulk Water Pipeline Project #1200 (Odisha),Central Division,ODISHA,19.4062,77.7413,119.58,896.56,1155.02,6,3,8,84,0,PENDING,APPROVED,73.7,India_Statewise_Power_Infrastructure_Data_RBI kaggle.csv
PRJ_MST_2201,Highway Project #1201 (Puducherry),Central Division,PUDUCHERRY,18.1228,83.9231,229.8,2048.71,2478.3,1,0,27,104,0,REJECTED,PENDING,87.4,India_Statewise_Power_Infrastructure_Data_RBI kaggle.csv
PRJ_MST_2202,Freight Corridor Project #1202 (Punjab),Central Division,PUNJAB,18.5516,81.7157,111.45,812.21,988.47,6,3,34,22,0,APPROVED,APPROVED,76.3,India_Statewise_Power_Infrastructure_Data_RBI kaggle.csv
PRJ_MST_2203,Power Grid Line Project #1203 (Rajasthan),Central Division,RAJASTHAN,22.0991,82.8566,235.92,2555.39,4335.76,5,1,9,67,0,APPROVED,APPROVED,63.42,India_Statewise_Power_Infrastructure_Data_RBI kaggle.csv
PRJ_MST_2204,Urban Transit Corridor Project #1204 (Sikkim),Central Division,SIKKIM,24.5324,78.6657,147.12,1136.84,1556.8,1,1,0,20,1,APPROVED,APPROVED,39.4,India_Statewise_Power_Infrastructure_Data_RBI kaggle.csv
PRJ_MST_2205,Industrial Zone Project #1205 (Tamil Nadu),Central Division,TAMIL NADU,12.1454,78.369,84.02,800.6,1115.43,6,2,20,100,0,REJECTED,APPROVED,95.0,India_Statewise_Power_Infrastructure_Data_RBI kaggle.csv
PRJ_MST_2206,Bulk Water Pipeline Project #1206 (Telangana),Central Division,TELANGANA,21.1145,81.9075,105.45,767.5,1135.36,5,1,8,42,0,APPROVED,PENDING,64.75,India_Statewise_Power_Infrastructure_Data_RBI kaggle.csv
PRJ_MST_2207,Highway Project #1207 (Tripura),Central Division,TRIPURA,21.0818,80.0414,238.3,2223.02,3293.52,6,2,14,94,0,APPROVED,PENDING,80.18,India_Statewise_Power_Infrastructure_Data_RBI kaggle.csv
PRJ_MST_2208,Freight Corridor Project #1208 (Uttar Pradesh),Central Division,UTTAR PRADESH,26.5498,82.1961,190.64,1608.13,2053.44,7,1,34,84,0,APPROVED,APPROVED,87.08,India_Statewise_Power_Infrastructure_Data_RBI kaggle.csv
PRJ_MST_2209,Power Grid Line Project #1209 (Uttarakhand),Central Division,UTTARAKHAND,21.6924,82.2266,109.46,784.55,1270.53,0,4,4,25,0,PENDING,APPROVED,51.77,India_Statewise_Power_Infrastructure_Data_RBI kaggle.csv
PRJ_MST_2210,Urban Transit Corridor Project #1210 (West Bengal),Central Division,WEST BENGAL,18.459,84.3264,148.71,931.55,1358.22,5,0,21,40,1,APPROVED,REJECTED,92.15,India_Statewise_Power_Infrastructure_Data_RBI kaggle.csv
PRJ_MST_2211,Industrial Zone Project #1211 (Andaman And Nicobar Islands),Central Division,ANDAMAN AND NICOBAR ISLANDS,22.9422,79.8051,325.63,3811.96,5103.97,4,2,22,98,0,PENDING,APPROVED,77.88,India_Statewise_Power_Infrastructure_Data_RBI kaggle.csv
PRJ_MST_2212,Bulk Water Pipeline Project #1212 (Andhra Pradesh),Central Division,ANDHRA PRADESH,21.6574,76.99,224.31,2101.41,2855.4,3,5,6,37,0,APPROVED,APPROVED,55.88,India_Statewise_Power_Infrastructure_Data_RBI kaggle.csv
PRJ_MST_2213,Highway Project #1213 (Arunachal Pradesh),Central Division,ARUNACHAL PRADESH,18.2289,82.6688,200.99,2173.05,2859.56,3,0,22,87,0,APPROVED,APPROVED,57.25,India_Statewise_Power_Infrastructure_Data_RBI kaggle.csv
PRJ_MST_2214,Freight Corridor Project #1214 (Assam),Central Division,ASSAM,27.1467,92.6619,173.81,1097.04,1863.72,5,1,24,10,0,APPROVED,PENDING,73.97,India_Statewise_Power_Infrastructure_Data_RBI kaggle.csv
PRJ_MST_2215,Power Grid Line Project #1215 (Bihar),Central Division,BIHAR,25.4425,86.2453,315.63,2804.43,4557.01,4,3,26,104,1,APPROVED,PENDING,95.0,India_Statewise_Power_Infrastructure_Data_RBI kaggle.csv
PRJ_MST_2216,Urban Transit Corridor Project #1216 (Chandigarh),Central Division,CHANDIGARH,21.101,75.1312,168.73,1434.05,1791.23,3,2,5,28,0,PENDING,APPROVED,50.6,India_Statewise_Power_Infrastructure_Data_RBI kaggle.csv
PRJ_MST_2217,Industrial Zone Project #1217 (Chhattisgarh),Central Division,CHHATTISGARH,24.7874,78.9442,262.78,2307.17,3504.95,0,4,33,110,0,APPROVED,APPROVED,70.79,India_Statewise_Power_Infrastructure_Data_RBI kaggle.csv
PRJ_MST_2218,Bulk Water Pipeline Project #1218 (Dadra And Nagar Haveli),Central Division,DADRA AND NAGAR HAVELI,23.4217,83.8463,321.37,2911.78,4220.51,0,3,8,118,1,APPROVED,PENDING,69.51,India_Statewise_Power_Infrastructure_Data_RBI kaggle.csv
PRJ_MST_2219,Highway Project #1219 (Daman And Diu),Central Division,DAMAN AND DIU,22.0942,79.8864,269.63,1623.46,2538.04,7,3,32,59,1,APPROVED,PENDING,95.0,India_Statewise_Power_Infrastructure_Data_RBI kaggle.csv
PRJ_MST_2220,Freight Corridor Project #1220 (Delhi),Central Division,DELHI,22.46,75.9565,163.81,1361.95,1871.15,6,4,5,66,0,APPROVED,APPROVED,64.53,India_Statewise_Power_Infrastructure_Data_RBI kaggle.csv
PRJ_MST_2221,Power Grid Line Project #1221 (Goa),Central Division,GOA,18.8855,78.6266,44.96,319.81,392.26,3,1,36,64,0,PENDING,REJECTED,95.0,India_Statewise_Power_Infrastructure_Data_RBI kaggle.csv
PRJ_MST_2222,Urban Transit Corridor Project #1222 (Gujarat),Central Division,GUJARAT,24.4768,83.3279,65.83,529.01,831.15,6,2,30,115,0,PENDING,APPROVED,95.0,India_Statewise_Power_Infrastructure_Data_RBI kaggle.csv
PRJ_MST_2223,Industrial Zone Project #1223 (Haryana),Central Division,HARYANA,25.4042,75.7489,33.89,325.31,498.53,6,2,33,60,0,APPROVED,APPROVED,83.86,India_Statewise_Power_Infrastructure_Data_RBI kaggle.csv
PRJ_MST_2224,Bulk Water Pipeline Project #1224 (Himachal Pradesh),Central Division,HIMACHAL PRADESH,20.8413,79.1687,322.96,3605.07,4859.24,7,2,28,117,0,APPROVED,REJECTED,95.0,India_Statewise_Power_Infrastructure_Data_RBI kaggle.csv
PRJ_MST_2225,Highway Project #1225 (Jammu And Kashmir),Central Division,JAMMU AND KASHMIR,23.7008,84.0392,144.27,1288.82,2036.67,0,3,13,18,1,APPROVED,APPROVED,54.87,India_Statewise_Power_Infrastructure_Data_RBI kaggle.csv
PRJ_MST_2226,Freight Corridor Project #1226 (Jharkhand),Central Division,JHARKHAND,20.8179,76.2742,274.17,2612.68,4345.39,2,3,35,45,0,PENDING,PENDING,91.34,India_Statewise_Power_Infrastructure_Data_RBI kaggle.csv
PRJ_MST_2227,Power Grid Line Project #1227 (Karnataka),Central Division,KARNATAKA,19.4616,84.4908,191.2,1407.76,1883.95,6,5,35,48,1,APPROVED,APPROVED,95.0,India_Statewise_Power_Infrastructure_Data_RBI kaggle.csv
PRJ_MST_2228,Urban Transit Corridor Project #1228 (Kerala),Central Division,KERALA,20.5744,82.1124,202.69,2354.79,3392.46,0,0,14,21,0,PENDING,APPROVED,45.2,India_Statewise_Power_Infrastructure_Data_RBI kaggle.csv
PRJ_MST_2229,Industrial Zone Project #1229 (Lakshadweep),Central Division,LAKSHADWEEP,20.9169,83.2304,140.62,1677.54,2575.62,5,1,7,77,0,APPROVED,REJECTED,77.28,India_Statewise_Power_Infrastructure_Data_RBI kaggle.csv
PRJ_MST_2230,Bulk Water Pipeline Project #1230 (Madhya Pradesh),Central Division,MADHYA PRADESH,18.332,76.8116,22.03,210.11,272.59,3,2,25,112,0,APPROVED,APPROVED,72.03,India_Statewise_Power_Infrastructure_Data_RBI kaggle.csv
PRJ_MST_2231,Highway Project #1231 (Maharashtra),Central Division,MAHARASHTRA,19.4383,73.72,74.79,804.66,1148.91,6,2,35,56,1,REJECTED,REJECTED,95.0,India_Statewise_Power_Infrastructure_Data_RBI kaggle.csv
PRJ_MST_2232,Freight Corridor Project #1232 (Manipur),Central Division,MANIPUR,20.5715,77.5861,297.75,1812.78,3063.15,4,1,20,13,1,APPROVED,APPROVED,71.89,India_Statewise_Power_Infrastructure_Data_RBI kaggle.csv
PRJ_MST_2233,Power Grid Line Project #1233 (Meghalaya),Central Division,MEGHALAYA,19.9265,78.0899,318.04,2431.01,3999.92,1,2,27,43,0,PENDING,APPROVED,71.88,India_Statewise_Power_Infrastructure_Data_RBI kaggle.csv
PRJ_MST_2234,Urban Transit Corridor Project #1234 (Mizoram),Central Division,MIZORAM,18.1995,77.1987,278.8,2829.24,3837.52,5,1,3,15,0,APPROVED,APPROVED,50.4,India_Statewise_Power_Infrastructure_Data_RBI kaggle.csv
PRJ_MST_2235,Industrial Zone Project #1235 (Nagaland),Central Division,NAGALAND,21.9507,81.419,147.69,1472.94,2185.96,4,4,15,96,0,PENDING,PENDING,89.58,India_Statewise_Power_Infrastructure_Data_RBI kaggle.csv
PRJ_MST_2236,Bulk Water Pipeline Project #1236 (Odisha),Central Division,ODISHA,25.9378,80.0328,319.25,2170.91,3109.62,7,1,21,76,1,APPROVED,APPROVED,89.01,India_Statewise_Power_Infrastructure_Data_RBI kaggle.csv
PRJ_MST_2237,Highway Project #1237 (Puducherry),Central Division,PUDUCHERRY,24.2801,79.9714,169.84,1580.57,2665.57,5,1,11,101,1,APPROVED,REJECTED,95.0,India_Statewise_Power_Infrastructure_Data_RBI kaggle.csv
PRJ_MST_2238,Freight Corridor Project #1238 (Punjab),Central Division,PUNJAB,20.9765,84.5334,321.21,2816.97,3529.92,2,3,15,112,0,APPROVED,APPROVED,59.68,India_Statewise_Power_Infrastructure_Data_RBI kaggle.csv
PRJ_MST_2239,Power Grid Line Project #1239 (Rajasthan),Central Division,RAJASTHAN,23.4611,81.9631,68.52,737.31,1126.95,0,2,36,11,0,APPROVED,REJECTED,70.74,India_Statewise_Power_Infrastructure_Data_RBI kaggle.csv
PRJ_MST_2240,Urban Transit Corridor Project #1240 (Sikkim),Central Division,SIKKIM,19.2513,78.0881,245.69,2456.87,3226.77,3,3,28,54,0,APPROVED,APPROVED,70.42,India_Statewise_Power_Infrastructure_Data_RBI kaggle.csv
PRJ_MST_2241,Industrial Zone Project #1241 (Tamil Nadu),Central Division,TAMIL NADU,10.3728,79.3368,22.9,240.43,374.31,4,2,17,50,0,APPROVED,REJECTED,81.64,India_Statewise_Power_Infrastructure_Data_RBI kaggle.csv
PRJ_MST_2242,Bulk Water Pipeline Project #1242 (Telangana),Central Division,TELANGANA,23.2503,83.5764,149.7,927.53,1459.5,3,1,9,101,0,REJECTED,PENDING,87.66,India_Statewise_Power_Infrastructure_Data_RBI kaggle.csv
PRJ_MST_2243,Highway Project #1243 (Tripura),Central Division,TRIPURA,25.0642,75.0256,63.15,723.91,1002.55,0,5,17,38,0,REJECTED,PENDING,79.69,India_Statewise_Power_Infrastructure_Data_RBI kaggle.csv
PRJ_MST_2244,Freight Corridor Project #1244 (Uttar Pradesh),Central Division,UTTAR PRADESH,28.1251,81.4607,57.56,567.11,754.39,3,3,0,32,1,PENDING,PENDING,76.89,India_Statewise_Power_Infrastructure_Data_RBI kaggle.csv
PRJ_MST_2245,Power Grid Line Project #1245 (Uttarakhand),Central Division,UTTARAKHAND,21.2747,84.2353,331.58,2279.45,2832.68,4,4,20,32,0,REJECTED,PENDING,95.0,India_Statewise_Power_Infrastructure_Data_RBI kaggle.csv
PRJ_MST_2246,Urban Transit Corridor Project #1246 (West Bengal),Central Division,WEST BENGAL,18.8388,79.5737,269.99,2590.41,3410.58,0,4,0,28,1,PENDING,PENDING,64.29,India_Statewise_Power_Infrastructure_Data_RBI kaggle.csv
PRJ_MST_2247,Industrial Zone Project #1247 (Andaman And Nicobar Islands),Central Division,ANDAMAN AND NICOBAR ISLANDS,23.8488,77.0171,299.23,3505.54,5166.32,7,4,14,68,0,PENDING,APPROVED,87.98,India_Statewise_Power_Infrastructure_Data_RBI kaggle.csv
PRJ_MST_2248,Bulk Water Pipeline Project #1248 (Andhra Pradesh),Central Division,ANDHRA PRADESH,24.2246,76.6856,51.09,410.96,670.97,3,1,3,69,0,PENDING,APPROVED,60.83,India_Statewise_Power_Infrastructure_Data_RBI kaggle.csv
PRJ_MST_2249,Highway Project #1249 (Arunachal Pradesh),Central Division,ARUNACHAL PRADESH,22.992,84.3861,51.65,487.52,743.7,4,3,19,30,0,APPROVED,REJECTED,80.5,India_Statewise_Power_Infrastructure_Data_RBI kaggle.csv
PRJ_MST_2250,Freight Corridor Project #1250 (Assam),Central Division,ASSAM,26.7807,94.7879,59.43,411.39,688.57,6,4,9,79,0,APPROVED,PENDING,81.81,India_Statewise_Power_Infrastructure_Data_RBI kaggle.csv
PRJ_MST_2251,Power Grid Line Project #1251 (Bihar),Central Division,BIHAR,26.9799,86.4738,55.17,456.23,687.01,3,2,22,30,0,APPROVED,PENDING,66.81,India_Statewise_Power_Infrastructure_Data_RBI kaggle.csv
PRJ_MST_2252,Urban Transit Corridor Project #1252 (Chandigarh),Central Division,CHANDIGARH,22.9587,80.6329,200.34,2300.76,3648.56,2,5,33,88,0,APPROVED,APPROVED,83.23,India_Statewise_Power_Infrastructure_Data_RBI kaggle.csv
PRJ_MST_2253,Industrial Zone Project #1253 (Chhattisgarh),Central Division,CHHATTISGARH,22.8435,80.9394,300.92,2414.79,4028.69,5,3,32,111,0,APPROVED,APPROVED,89.18,India_Statewise_Power_Infrastructure_Data_RBI kaggle.csv
PRJ_MST_2254,Bulk Water Pipeline Project #1254 (Dadra And Nagar Haveli),Central Division,DADRA AND NAGAR HAVELI,24.3368,84.144,85.96,848.24,1232.59,1,4,33,45,0,REJECTED,APPROVED,88.11,India_Statewise_Power_Infrastructure_Data_RBI kaggle.csv
PRJ_MST_2255,Highway Project #1255 (Daman And Diu),Central Division,DAMAN AND DIU,25.939,84.6504,314.09,3490.99,5556.65,6,2,9,96,0,APPROVED,PENDING,77.22,India_Statewise_Power_Infrastructure_Data_RBI kaggle.csv
PRJ_MST_2256,Freight Corridor Project #1256 (Delhi),Central Division,DELHI,24.0575,84.9264,215.0,1537.06,1875.54,1,1,19,76,0,APPROVED,APPROVED,46.1,India_Statewise_Power_Infrastructure_Data_RBI kaggle.csv
PRJ_MST_2257,Power Grid Line Project #1257 (Goa),Central Division,GOA,19.6576,81.8453,91.94,660.4,998.92,4,3,0,51,0,APPROVED,APPROVED,50.68,India_Statewise_Power_Infrastructure_Data_RBI kaggle.csv
PRJ_MST_2258,Urban Transit Corridor Project #1258 (Gujarat),Central Division,GUJARAT,19.8112,75.6236,74.82,657.47,848.88,7,1,12,9,0,APPROVED,APPROVED,63.14,India_Statewise_Power_Infrastructure_Data_RBI kaggle.csv
PRJ_MST_2259,Industrial Zone Project #1259 (Haryana),Central Division,HARYANA,23.2485,81.8323,92.71,697.54,1074.64,6,2,0,87,1,PENDING,APPROVED,81.77,India_Statewise_Power_Infrastructure_Data_RBI kaggle.csv
PRJ_MST_2260,Bulk Water Pipeline Project #1260 (Himachal Pradesh),Central Division,HIMACHAL PRADESH,18.5911,80.709,259.11,1954.68,3257.11,5,1,4,73,0,APPROVED,PENDING,66.43,India_Statewise_Power_Infrastructure_Data_RBI kaggle.csv
PRJ_MST_2261,Highway Project #1261 (Jammu And Kashmir),Central Division,JAMMU AND KASHMIR,20.9829,82.4742,174.42,1226.71,1551.65,0,2,15,40,1,APPROVED,APPROVED,52.33,India_Statewise_Power_Infrastructure_Data_RBI kaggle.csv
PRJ_MST_2262,Freight Corridor Project #1262 (Jharkhand),Central Division,JHARKHAND,20.3243,78.1175,282.49,1900.48,2739.88,0,0,14,94,0,APPROVED,PENDING,55.3,India_Statewise_Power_Infrastructure_Data_RBI kaggle.csv
PRJ_MST_2263,Power Grid Line Project #1263 (Karnataka),Central Division,KARNATAKA,19.145,81.4641,41.08,474.51,731.7,3,3,27,76,0,APPROVED,APPROVED,69.72,India_Statewise_Power_Infrastructure_Data_RBI kaggle.csv
PRJ_MST_2264,Urban Transit Corridor Project #1264 (Kerala),Central Division,KERALA,23.3093,82.6519,160.88,1043.88,1671.38,0,2,30,2,0,APPROVED,APPROVED,54.25,India_Statewise_Power_Infrastructure_Data_RBI kaggle.csv
PRJ_MST_2265,Industrial Zone Project #1265 (Lakshadweep),Central Division,LAKSHADWEEP,24.7751,84.526,330.23,2876.73,4145.0,7,5,22,58,1,PENDING,APPROVED,95.0,India_Statewise_Power_Infrastructure_Data_RBI kaggle.csv
PRJ_MST_2266,Bulk Water Pipeline Project #1266 (Madhya Pradesh),Central Division,MADHYA PRADESH,21.0659,84.6066,274.5,2705.74,4496.07,4,1,16,113,1,APPROVED,APPROVED,77.28,India_Statewise_Power_Infrastructure_Data_RBI kaggle.csv
PRJ_MST_2267,Highway Project #1267 (Maharashtra),Central Division,MAHARASHTRA,19.7545,73.802,174.11,1892.38,2330.65,5,2,33,51,0,PENDING,APPROVED,86.5,India_Statewise_Power_Infrastructure_Data_RBI kaggle.csv
PRJ_MST_2268,Freight Corridor Project #1268 (Manipur),Central Division,MANIPUR,25.1821,84.8572,235.69,1588.39,2440.19,0,3,12,33,0,APPROVED,APPROVED,45.27,India_Statewise_Power_Infrastructure_Data_RBI kaggle.csv
PRJ_MST_2269,Power Grid Line Project #1269 (Meghalaya),Central Division,MEGHALAYA,20.164,82.5068,265.99,2148.26,3504.56,2,6,13,48,0,PENDING,PENDING,78.11,India_Statewise_Power_Infrastructure_Data_RBI kaggle.csv
PRJ_MST_2270,Urban Transit Corridor Project #1270 (Mizoram),Central Division,MIZORAM,20.2586,81.2775,66.11,575.03,891.64,1,4,10,27,0,REJECTED,APPROVED,70.46,India_Statewise_Power_Infrastructure_Data_RBI kaggle.csv
PRJ_MST_2271,Industrial Zone Project #1271 (Nagaland),Central Division,NAGALAND,23.1981,82.9779,242.23,1477.48,1891.5,1,1,27,82,0,APPROVED,PENDING,62.24,India_Statewise_Power_Infrastructure_Data_RBI kaggle.csv
PRJ_MST_2272,Bulk Water Pipeline Project #1272 (Odisha),Central Division,ODISHA,25.5566,82.2732,268.62,1690.34,2475.89,3,2,31,86,0,PENDING,REJECTED,95.0,India_Statewise_Power_Infrastructure_Data_RBI kaggle.csv
PRJ_MST_2273,Highway Project #1273 (Puducherry),Central Division,PUDUCHERRY,25.2951,81.5111,62.41,718.21,1077.03,5,1,34,108,0,APPROVED,PENDING,91.62,India_Statewise_Power_Infrastructure_Data_RBI kaggle.csv
PRJ_MST_2274,Freight Corridor Project #1274 (Punjab),Central Division,PUNJAB,24.9948,82.1366,303.35,2669.84,3730.12,3,3,30,95,1,APPROVED,APPROVED,86.15,India_Statewise_Power_Infrastructure_Data_RBI kaggle.csv
PRJ_MST_2275,Power Grid Line Project #1275 (Rajasthan),Central Division,RAJASTHAN,22.7507,75.8797,192.31,1312.06,1636.33,5,3,16,12,0,PENDING,APPROVED,71.29,India_Statewise_Power_Infrastructure_Data_RBI kaggle.csv
PRJ_MST_2276,Urban Transit Corridor Project #1276 (Sikkim),Central Division,SIKKIM,18.538,76.249,310.95,2619.15,4214.69,7,2,8,96,0,APPROVED,APPROVED,68.22,India_Statewise_Power_Infrastructure_Data_RBI kaggle.csv
PRJ_MST_2277,Industrial Zone Project #1277 (Tamil Nadu),Central Division,TAMIL NADU,11.572,79.8587,196.28,1588.25,2479.43,3,4,9,97,0,PENDING,APPROVED,76.33,India_Statewise_Power_Infrastructure_Data_RBI kaggle.csv
PRJ_MST_2278,Bulk Water Pipeline Project #1278 (Telangana),Central Division,TELANGANA,18.4878,79.6314,253.46,2835.4,4684.75,2,3,7,96,0,REJECTED,REJECTED,93.82,India_Statewise_Power_Infrastructure_Data_RBI kaggle.csv
PRJ_MST_2279,Highway Project #1279 (Tripura),Central Division,TRIPURA,20.2046,80.4499,49.19,296.54,396.66,4,2,20,119,0,PENDING,APPROVED,89.29,India_Statewise_Power_Infrastructure_Data_RBI kaggle.csv
PRJ_MST_2280,Freight Corridor Project #1280 (Uttar Pradesh),Central Division,UTTAR PRADESH,25.3652,77.2868,86.96,656.7,952.68,2,3,12,68,0,APPROVED,APPROVED,51.71,India_Statewise_Power_Infrastructure_Data_RBI kaggle.csv
PRJ_MST_2281,Power Grid Line Project #1281 (Uttarakhand),Central Division,UTTARAKHAND,24.2854,76.8076,289.03,1747.74,2294.76,4,4,4,119,0,APPROVED,PENDING,69.64,India_Statewise_Power_Infrastructure_Data_RBI kaggle.csv
PRJ_MST_2282,Urban Transit Corridor Project #1282 (West Bengal),Central Division,WEST BENGAL,22.2491,82.0804,101.46,731.7,903.0,6,3,5,66,1,APPROVED,PENDING,81.35,India_Statewise_Power_Infrastructure_Data_RBI kaggle.csv
